file,actual_label,predicted_label,prediction_confidence,topk_predictions
car_0265.npy,car,car,99.74724650382996,car: 99.75% | tent: 0.15% | bed: 0.02% | bathtub: 0.02% | sofa: 0.01%
car_0237.npy,car,car,99.0796685218811,car: 99.08% | stairs: 0.29% | tent: 0.19% | toilet: 0.11% | tv_stand: 0.06%
car_0272.npy,car,car,98.7639844417572,car: 98.76% | stairs: 0.80% | toilet: 0.13% | tent: 0.09% | vase: 0.07%
car_0291.npy,car,car,99.40992593765259,car: 99.41% | tent: 0.21% | tv_stand: 0.09% | stairs: 0.05% | glass_box: 0.04%
car_0212.npy,car,car,98.22062253952026,car: 98.22% | toilet: 0.35% | tent: 0.35% | stairs: 0.21% | sofa: 0.21%
car_0204.npy,car,car,99.22965168952942,car: 99.23% | range_hood: 0.14% | tent: 0.12% | stairs: 0.10% | tv_stand: 0.10%
car_0275.npy,car,car,99.46776628494263,car: 99.47% | tent: 0.33% | bed: 0.06% | stairs: 0.05% | bathtub: 0.02%
car_0276.npy,car,car,97.81970381736755,car: 97.82% | tent: 1.15% | sofa: 0.43% | bathtub: 0.30% | vase: 0.06%
car_0229.npy,car,car,83.53411555290222,car: 83.53% | tent: 6.91% | airplane: 2.71% | stairs: 1.76% | vase: 1.35%
car_0228.npy,car,tent,35.38251519203186,tent: 35.38% | sink: 19.05% | radio: 15.10% | range_hood: 14.06% | car: 5.01%
car_0292.npy,car,car,97.9633092880249,car: 97.96% | tent: 1.09% | bathtub: 0.30% | sofa: 0.23% | tv_stand: 0.08%
car_0242.npy,car,car,98.56047034263611,car: 98.56% | tent: 0.46% | bathtub: 0.31% | table: 0.14% | stairs: 0.09%
car_0267.npy,car,car,72.43359088897705,car: 72.43% | stairs: 11.12% | table: 3.89% | bench: 3.01% | tent: 2.19%
car_0247.npy,car,car,97.65764474868774,car: 97.66% | tv_stand: 0.58% | stairs: 0.54% | bench: 0.39% | range_hood: 0.23%
car_0256.npy,car,car,96.2617039680481,car: 96.26% | bench: 0.68% | tv_stand: 0.63% | tent: 0.61% | stairs: 0.50%
car_0211.npy,car,car,99.36156272888184,car: 99.36% | tent: 0.32% | bed: 0.13% | sofa: 0.04% | bathtub: 0.03%
car_0227.npy,car,car,98.85407090187073,car: 98.85% | bed: 0.37% | tent: 0.25% | stairs: 0.14% | tv_stand: 0.11%
car_0268.npy,car,car,49.376413226127625,car: 49.38% | tent: 10.40% | bench: 7.04% | toilet: 5.43% | radio: 4.14%
car_0287.npy,car,car,88.04601430892944,car: 88.05% | sofa: 10.76% | bathtub: 0.53% | tent: 0.22% | glass_box: 0.07%
car_0296.npy,car,car,95.95623016357422,car: 95.96% | tv_stand: 1.04% | bench: 0.86% | stairs: 0.79% | bookshelf: 0.33%
car_0213.npy,car,car,91.0800576210022,car: 91.08% | tent: 3.64% | range_hood: 1.34% | stairs: 0.85% | sink: 0.79%
car_0297.npy,car,car,97.98232913017273,car: 97.98% | bathtub: 1.36% | tent: 0.25% | stairs: 0.12% | bed: 0.05%
car_0208.npy,car,car,97.43709564208984,car: 97.44% | stairs: 0.92% | tent: 0.33% | bench: 0.31% | tv_stand: 0.27%
car_0231.npy,car,car,86.86740398406982,car: 86.87% | tent: 8.46% | range_hood: 1.10% | bench: 0.65% | stairs: 0.62%
car_0199.npy,car,car,99.20011758804321,car: 99.20% | sofa: 0.35% | tent: 0.24% | bathtub: 0.11% | stairs: 0.02%
car_0294.npy,car,car,96.90733551979065,car: 96.91% | stairs: 0.91% | tent: 0.58% | desk: 0.32% | bathtub: 0.26%
car_0258.npy,car,tv_stand,40.788036584854126,tv_stand: 40.79% | stairs: 13.37% | bench: 12.04% | car: 8.88% | guitar: 5.98%
car_0223.npy,car,car,99.25488233566284,car: 99.25% | bed: 0.20% | tent: 0.15% | tv_stand: 0.09% | stairs: 0.08%
car_0205.npy,car,car,97.27979302406311,car: 97.28% | tent: 0.60% | bench: 0.41% | stairs: 0.41% | range_hood: 0.38%
car_0201.npy,car,car,68.80711317062378,car: 68.81% | tent: 13.16% | bed: 6.35% | sofa: 5.04% | bathtub: 1.97%
car_0250.npy,car,car,86.31619811058044,car: 86.32% | table: 4.10% | tv_stand: 2.79% | piano: 1.84% | bed: 1.45%
car_0277.npy,car,car,97.08948135375977,car: 97.09% | tent: 0.94% | sofa: 0.46% | table: 0.43% | bed: 0.21%
car_0203.npy,car,car,96.67134881019592,car: 96.67% | range_hood: 1.04% | bookshelf: 0.63% | tv_stand: 0.40% | tent: 0.37%
car_0234.npy,car,car,97.96211123466492,car: 97.96% | tv_stand: 0.58% | sofa: 0.29% | tent: 0.25% | stairs: 0.20%
car_0289.npy,car,car,99.62771534919739,car: 99.63% | tent: 0.19% | bathtub: 0.04% | bed: 0.03% | table: 0.02%
car_0245.npy,car,car,87.55510449409485,car: 87.56% | range_hood: 6.43% | bench: 2.54% | stairs: 1.56% | tv_stand: 0.39%
car_0273.npy,car,car,97.82565832138062,car: 97.83% | tent: 0.59% | bathtub: 0.47% | sofa: 0.27% | toilet: 0.17%
car_0283.npy,car,tent,53.50043773651123,tent: 53.50% | car: 22.97% | bathtub: 7.93% | vase: 3.62% | table: 2.18%
car_0279.npy,car,car,97.69689440727234,car: 97.70% | tent: 0.44% | sofa: 0.35% | bed: 0.32% | bathtub: 0.31%
car_0248.npy,car,car,94.23028230667114,car: 94.23% | bench: 2.43% | tv_stand: 0.57% | stairs: 0.45% | airplane: 0.38%
car_0206.npy,car,car,94.26747560501099,car: 94.27% | sofa: 1.98% | tv_stand: 1.15% | tent: 0.50% | table: 0.49%
car_0269.npy,car,car,99.39693212509155,car: 99.40% | tent: 0.29% | bathtub: 0.09% | table: 0.05% | sofa: 0.03%
car_0243.npy,car,range_hood,38.0392462015152,range_hood: 38.04% | tent: 37.85% | car: 14.62% | flower_pot: 2.07% | piano: 1.73%
car_0202.npy,car,car,96.81728482246399,car: 96.82% | tent: 1.05% | bed: 0.75% | table: 0.44% | bench: 0.36%
car_0221.npy,car,car,98.2750952243805,car: 98.28% | tent: 0.36% | bathtub: 0.26% | toilet: 0.21% | table: 0.21%
car_0209.npy,car,car,89.21512961387634,car: 89.22% | tv_stand: 4.67% | range_hood: 1.03% | sofa: 0.54% | stairs: 0.50%
car_0284.npy,car,car,96.12338542938232,car: 96.12% | bench: 1.63% | stairs: 0.77% | tent: 0.24% | range_hood: 0.24%
car_0230.npy,car,car,73.52485656738281,car: 73.52% | tent: 17.67% | glass_box: 2.69% | range_hood: 2.06% | bench: 1.05%
car_0241.npy,car,car,98.34260940551758,car: 98.34% | tv_stand: 0.58% | bench: 0.30% | stairs: 0.14% | airplane: 0.10%
car_0293.npy,car,car,94.18743252754211,car: 94.19% | bench: 2.76% | tv_stand: 0.96% | tent: 0.49% | stairs: 0.49%
car_0288.npy,car,car,86.54299974441528,car: 86.54% | tv_stand: 4.87% | stairs: 3.73% | keyboard: 0.58% | sofa: 0.56%
car_0218.npy,car,car,98.87807369232178,car: 98.88% | bathtub: 0.66% | tent: 0.20% | stairs: 0.08% | glass_box: 0.03%
car_0210.npy,car,car,98.75524044036865,car: 98.76% | tent: 0.33% | tv_stand: 0.28% | stairs: 0.08% | bench: 0.08%
car_0260.npy,car,car,94.55313086509705,car: 94.55% | bathtub: 0.87% | table: 0.73% | tent: 0.70% | radio: 0.46%
car_0280.npy,car,car,88.71071934700012,car: 88.71% | bench: 3.86% | tv_stand: 2.77% | stairs: 1.45% | tent: 0.75%
car_0240.npy,car,car,98.25974106788635,car: 98.26% | stairs: 0.62% | tv_stand: 0.51% | bench: 0.21% | sofa: 0.07%
car_0290.npy,car,car,94.96759176254272,car: 94.97% | range_hood: 0.93% | tv_stand: 0.93% | tent: 0.84% | bookshelf: 0.45%
car_0215.npy,car,car,95.48811316490173,car: 95.49% | bed: 1.63% | tent: 1.31% | table: 0.45% | bathtub: 0.30%
car_0278.npy,car,car,97.70789742469788,car: 97.71% | sofa: 1.06% | tent: 0.32% | bathtub: 0.28% | table: 0.16%
car_0295.npy,car,car,96.03498578071594,car: 96.03% | stairs: 2.02% | sofa: 0.59% | tent: 0.31% | bookshelf: 0.22%
car_0200.npy,car,car,96.12515568733215,car: 96.13% | sofa: 1.46% | desk: 0.66% | table: 0.52% | bed: 0.36%
car_0259.npy,car,car,95.74798941612244,car: 95.75% | stairs: 1.72% | bench: 1.15% | mantel: 0.31% | tent: 0.30%
car_0266.npy,car,car,98.20245504379272,car: 98.20% | tent: 0.36% | bathtub: 0.33% | stairs: 0.27% | desk: 0.24%
car_0264.npy,car,car,77.20796465873718,car: 77.21% | bench: 9.94% | tv_stand: 8.42% | stairs: 0.72% | range_hood: 0.61%
car_0217.npy,car,car,99.60952401161194,car: 99.61% | tent: 0.14% | sofa: 0.09% | bathtub: 0.08% | bed: 0.02%
car_0253.npy,car,car,90.53880572319031,car: 90.54% | range_hood: 4.96% | tent: 1.18% | tv_stand: 0.72% | sink: 0.55%
car_0282.npy,car,car,85.21104454994202,car: 85.21% | tent: 5.94% | range_hood: 1.29% | vase: 1.10% | keyboard: 1.06%
car_0254.npy,car,car,97.26343154907227,car: 97.26% | stairs: 0.79% | tv_stand: 0.32% | tent: 0.30% | toilet: 0.17%
car_0225.npy,car,car,93.53699088096619,car: 93.54% | tent: 2.41% | stairs: 0.66% | tv_stand: 0.61% | range_hood: 0.48%
car_0214.npy,car,car,99.15139079093933,car: 99.15% | tent: 0.28% | bathtub: 0.12% | sofa: 0.12% | stairs: 0.06%
car_0239.npy,car,car,99.65574741363525,car: 99.66% | tent: 0.12% | bathtub: 0.05% | bed: 0.05% | stairs: 0.03%
car_0233.npy,car,car,99.44979548454285,car: 99.45% | tv_stand: 0.15% | tent: 0.11% | sofa: 0.05% | stairs: 0.04%
car_0281.npy,car,car,97.7721631526947,car: 97.77% | stairs: 0.97% | sofa: 0.29% | tv_stand: 0.26% | bench: 0.19%
car_0246.npy,car,car,90.83686470985413,car: 90.84% | sofa: 1.49% | glass_box: 1.35% | tent: 1.35% | desk: 0.73%
car_0238.npy,car,car,98.79642724990845,car: 98.80% | tent: 0.25% | bathtub: 0.18% | stairs: 0.15% | table: 0.14%
car_0257.npy,car,car,88.81533741950989,car: 88.82% | tent: 6.38% | range_hood: 1.16% | sofa: 0.80% | bookshelf: 0.65%
car_0271.npy,car,car,98.99572730064392,car: 99.00% | tent: 0.25% | stairs: 0.23% | bathtub: 0.15% | toilet: 0.13%
car_0261.npy,car,car,98.12656044960022,car: 98.13% | tv_stand: 0.41% | stairs: 0.34% | tent: 0.31% | range_hood: 0.20%
car_0216.npy,car,car,98.87140393257141,car: 98.87% | tent: 0.40% | sofa: 0.15% | bathtub: 0.13% | stairs: 0.08%
car_0270.npy,car,tent,33.0263614654541,tent: 33.03% | sink: 19.79% | radio: 16.28% | range_hood: 14.27% | car: 4.98%
car_0274.npy,car,car,85.88764667510986,car: 85.89% | tent: 9.65% | bathtub: 1.21% | sofa: 0.85% | chair: 0.43%
car_0235.npy,car,car,99.65323209762573,car: 99.65% | tent: 0.15% | stairs: 0.04% | bathtub: 0.03% | bed: 0.03%
car_0232.npy,car,car,82.73685574531555,car: 82.74% | tent: 15.16% | bowl: 0.97% | airplane: 0.33% | glass_box: 0.21%
car_0207.npy,car,car,97.25499749183655,car: 97.25% | tent: 0.95% | bench: 0.50% | stairs: 0.31% | tv_stand: 0.24%
car_0263.npy,car,car,79.77765798568726,car: 79.78% | sofa: 4.96% | tv_stand: 4.84% | bench: 4.06% | table: 0.97%
car_0236.npy,car,bench,45.44762372970581,bench: 45.45% | table: 6.75% | tv_stand: 6.74% | car: 5.83% | tent: 4.89%
car_0286.npy,car,range_hood,49.21468198299408,range_hood: 49.21% | car: 24.42% | tent: 7.60% | sink: 4.20% | vase: 3.22%
car_0262.npy,car,car,94.83283162117004,car: 94.83% | bench: 1.31% | tent: 1.27% | stairs: 0.73% | tv_stand: 0.47%
car_0244.npy,car,car,37.14606761932373,car: 37.15% | keyboard: 16.71% | guitar: 12.51% | tv_stand: 4.71% | airplane: 3.82%
car_0224.npy,car,car,98.89265298843384,car: 98.89% | tv_stand: 0.27% | table: 0.20% | tent: 0.14% | bed: 0.10%
car_0255.npy,car,car,96.16726636886597,car: 96.17% | tent: 0.79% | stairs: 0.55% | bed: 0.46% | tv_stand: 0.42%
car_0222.npy,car,car,78.89074683189392,car: 78.89% | tent: 4.69% | bookshelf: 3.83% | tv_stand: 2.21% | stairs: 2.09%
car_0198.npy,car,car,87.78828978538513,car: 87.79% | bench: 2.73% | tv_stand: 2.68% | range_hood: 2.41% | tent: 1.29%
car_0249.npy,car,car,98.4596312046051,car: 98.46% | tent: 0.83% | bathtub: 0.12% | stairs: 0.11% | bed: 0.08%
car_0285.npy,car,car,97.91244864463806,car: 97.91% | tv_stand: 0.85% | bench: 0.30% | stairs: 0.25% | tent: 0.15%
car_0251.npy,car,car,93.6214804649353,car: 93.62% | range_hood: 2.25% | tent: 2.01% | sofa: 0.33% | tv_stand: 0.24%
car_0219.npy,car,car,90.16083478927612,car: 90.16% | tent: 2.43% | sofa: 2.01% | tv_stand: 1.05% | stairs: 0.91%
car_0220.npy,car,car,98.968106508255,car: 98.97% | stairs: 0.23% | tv_stand: 0.21% | bench: 0.14% | tent: 0.13%
car_0252.npy,car,car,83.79800915718079,car: 83.80% | bed: 2.87% | tent: 2.18% | table: 2.02% | stairs: 1.80%
car_0226.npy,car,tent,42.973366379737854,tent: 42.97% | flower_pot: 35.76% | toilet: 8.04% | car: 5.36% | sink: 3.72%
glass_box_0244.npy,glass_box,dresser,45.139142870903015,dresser: 45.14% | glass_box: 35.86% | night_stand: 8.87% | sink: 4.24% | radio: 2.54%
glass_box_0255.npy,glass_box,glass_box,75.7542073726654,glass_box: 75.75% | radio: 13.95% | tv_stand: 3.51% | sink: 3.26% | range_hood: 2.21%
glass_box_0234.npy,glass_box,glass_box,98.96799921989441,glass_box: 98.97% | radio: 0.38% | sink: 0.33% | bathtub: 0.21% | tent: 0.05%
glass_box_0221.npy,glass_box,glass_box,85.55586338043213,glass_box: 85.56% | radio: 10.89% | bed: 1.24% | sink: 0.94% | piano: 0.35%
glass_box_0189.npy,glass_box,glass_box,77.52651572227478,glass_box: 77.53% | night_stand: 20.90% | dresser: 1.40% | tv_stand: 0.04% | wardrobe: 0.04%
glass_box_0235.npy,glass_box,glass_box,94.17369961738586,glass_box: 94.17% | sink: 1.71% | radio: 1.70% | night_stand: 1.51% | dresser: 0.39%
glass_box_0271.npy,glass_box,glass_box,75.07131695747375,glass_box: 75.07% | tv_stand: 6.72% | sink: 5.70% | radio: 4.00% | bookshelf: 1.83%
glass_box_0261.npy,glass_box,stairs,65.0031566619873,stairs: 65.00% | tent: 26.38% | flower_pot: 2.08% | chair: 1.91% | plant: 1.89%
glass_box_0241.npy,glass_box,glass_box,97.7728545665741,glass_box: 97.77% | dresser: 0.94% | xbox: 0.68% | night_stand: 0.26% | wardrobe: 0.17%
glass_box_0265.npy,glass_box,glass_box,98.06407690048218,glass_box: 98.06% | dresser: 0.42% | monitor: 0.40% | xbox: 0.39% | sink: 0.33%
glass_box_0227.npy,glass_box,glass_box,98.96799921989441,glass_box: 98.97% | radio: 0.38% | sink: 0.33% | bathtub: 0.21% | tent: 0.05%
glass_box_0245.npy,glass_box,glass_box,98.39604496955872,glass_box: 98.40% | radio: 0.79% | sink: 0.33% | bathtub: 0.18% | tent: 0.13%
glass_box_0201.npy,glass_box,glass_box,98.07528853416443,glass_box: 98.08% | monitor: 0.93% | night_stand: 0.56% | sink: 0.32% | tv_stand: 0.05%
glass_box_0186.npy,glass_box,glass_box,99.05840158462524,glass_box: 99.06% | sink: 0.47% | bookshelf: 0.20% | tv_stand: 0.11% | radio: 0.06%
glass_box_0176.npy,glass_box,glass_box,85.10764837265015,glass_box: 85.11% | radio: 6.08% | sink: 4.38% | tv_stand: 2.02% | desk: 1.52%
glass_box_0250.npy,glass_box,bed,44.22764480113983,bed: 44.23% | glass_box: 22.72% | tv_stand: 15.64% | sink: 4.99% | tent: 2.93%
glass_box_0173.npy,glass_box,glass_box,83.47111940383911,glass_box: 83.47% | tv_stand: 5.40% | radio: 4.11% | table: 2.81% | piano: 1.58%
glass_box_0257.npy,glass_box,glass_box,85.28934717178345,glass_box: 85.29% | radio: 8.77% | bed: 2.93% | sink: 1.12% | tv_stand: 0.57%
glass_box_0231.npy,glass_box,glass_box,98.22089076042175,glass_box: 98.22% | radio: 0.80% | tv_stand: 0.41% | bathtub: 0.28% | tent: 0.08%
glass_box_0259.npy,glass_box,night_stand,17.70796924829483,night_stand: 17.71% | glass_box: 16.94% | bed: 11.85% | dresser: 11.03% | radio: 10.40%
glass_box_0262.npy,glass_box,laptop,17.363956570625305,laptop: 17.36% | sink: 12.20% | glass_box: 11.80% | radio: 9.76% | tv_stand: 6.66%
glass_box_0239.npy,glass_box,glass_box,94.17369961738586,glass_box: 94.17% | sink: 1.71% | radio: 1.70% | night_stand: 1.51% | dresser: 0.39%
glass_box_0187.npy,glass_box,glass_box,90.93680381774902,glass_box: 90.94% | wardrobe: 4.04% | bookshelf: 2.70% | tv_stand: 0.68% | xbox: 0.57%
glass_box_0202.npy,glass_box,night_stand,47.930553555488586,night_stand: 47.93% | glass_box: 14.10% | table: 13.33% | tv_stand: 7.85% | dresser: 7.80%
glass_box_0249.npy,glass_box,glass_box,75.05848407745361,glass_box: 75.06% | sink: 8.77% | radio: 6.46% | tv_stand: 3.66% | piano: 1.79%
glass_box_0246.npy,glass_box,glass_box,98.40776920318604,glass_box: 98.41% | radio: 0.94% | sink: 0.22% | tv_stand: 0.20% | piano: 0.07%
glass_box_0174.npy,glass_box,glass_box,97.79532551765442,glass_box: 97.80% | radio: 1.17% | sink: 0.82% | tv_stand: 0.17% | night_stand: 0.02%
glass_box_0178.npy,glass_box,glass_box,85.53875684738159,glass_box: 85.54% | tv_stand: 5.76% | radio: 3.99% | sink: 1.15% | bathtub: 0.81%
glass_box_0264.npy,glass_box,glass_box,99.11693334579468,glass_box: 99.12% | sink: 0.45% | bookshelf: 0.19% | tv_stand: 0.11% | radio: 0.05%
glass_box_0199.npy,glass_box,glass_box,90.93680381774902,glass_box: 90.94% | wardrobe: 4.04% | bookshelf: 2.70% | tv_stand: 0.68% | xbox: 0.57%
glass_box_0217.npy,glass_box,glass_box,91.81609749794006,glass_box: 91.82% | tv_stand: 2.63% | radio: 2.59% | sink: 2.05% | bookshelf: 0.35%
glass_box_0248.npy,glass_box,glass_box,98.4502375125885,glass_box: 98.45% | radio: 0.79% | sink: 0.30% | bathtub: 0.16% | tent: 0.14%
glass_box_0253.npy,glass_box,glass_box,98.55570197105408,glass_box: 98.56% | radio: 0.89% | tv_stand: 0.18% | sink: 0.18% | piano: 0.06%
glass_box_0229.npy,glass_box,glass_box,93.59295964241028,glass_box: 93.59% | sink: 4.38% | radio: 1.25% | tv_stand: 0.48% | desk: 0.11%
glass_box_0177.npy,glass_box,glass_box,84.8444938659668,glass_box: 84.84% | night_stand: 9.37% | sink: 2.92% | bookshelf: 1.19% | radio: 0.41%
glass_box_0192.npy,glass_box,glass_box,92.93533563613892,glass_box: 92.94% | night_stand: 6.78% | dresser: 0.13% | xbox: 0.06% | monitor: 0.03%
glass_box_0256.npy,glass_box,glass_box,89.85428214073181,glass_box: 89.85% | tv_stand: 4.97% | sink: 2.95% | night_stand: 1.86% | bookshelf: 0.12%
glass_box_0184.npy,glass_box,glass_box,88.8161838054657,glass_box: 88.82% | tv_stand: 5.39% | sink: 3.68% | night_stand: 1.74% | wardrobe: 0.10%
glass_box_0237.npy,glass_box,glass_box,89.33539390563965,glass_box: 89.34% | radio: 4.70% | sink: 3.20% | tv_stand: 1.71% | tent: 0.45%
glass_box_0258.npy,glass_box,glass_box,99.5591938495636,glass_box: 99.56% | radio: 0.13% | sink: 0.13% | piano: 0.10% | tv_stand: 0.03%
glass_box_0193.npy,glass_box,glass_box,89.85428214073181,glass_box: 89.85% | tv_stand: 4.97% | sink: 2.95% | night_stand: 1.86% | bookshelf: 0.12%
glass_box_0172.npy,glass_box,glass_box,73.24051260948181,glass_box: 73.24% | tv_stand: 8.64% | radio: 3.89% | table: 3.48% | car: 2.03%
glass_box_0196.npy,glass_box,glass_box,92.82346963882446,glass_box: 92.82% | wardrobe: 3.04% | bookshelf: 2.13% | tv_stand: 0.63% | xbox: 0.55%
glass_box_0228.npy,glass_box,glass_box,81.81612491607666,glass_box: 81.82% | night_stand: 13.26% | laptop: 2.80% | dresser: 0.79% | radio: 0.31%
glass_box_0207.npy,glass_box,glass_box,94.17137503623962,glass_box: 94.17% | bed: 2.64% | bathtub: 1.02% | radio: 0.86% | sink: 0.45%
glass_box_0213.npy,glass_box,glass_box,88.72023224830627,glass_box: 88.72% | sink: 7.54% | radio: 2.07% | bathtub: 0.75% | bed: 0.39%
glass_box_0206.npy,glass_box,glass_box,97.6898193359375,glass_box: 97.69% | sink: 1.14% | radio: 0.63% | desk: 0.42% | tv_stand: 0.04%
glass_box_0209.npy,glass_box,glass_box,73.4571099281311,glass_box: 73.46% | sink: 9.95% | tv_stand: 9.82% | radio: 5.11% | bookshelf: 0.61%
glass_box_0211.npy,glass_box,glass_box,63.36367130279541,glass_box: 63.36% | night_stand: 29.49% | sink: 3.50% | bookshelf: 1.11% | dresser: 0.66%
glass_box_0181.npy,glass_box,glass_box,84.53710675239563,glass_box: 84.54% | tv_stand: 8.80% | radio: 1.18% | piano: 0.70% | table: 0.64%
glass_box_0270.npy,glass_box,glass_box,98.70777130126953,glass_box: 98.71% | sink: 0.52% | night_stand: 0.43% | tv_stand: 0.17% | dresser: 0.06%
glass_box_0225.npy,glass_box,glass_box,91.2422776222229,glass_box: 91.24% | bathtub: 2.24% | sink: 2.15% | radio: 1.54% | tv_stand: 0.72%
glass_box_0185.npy,glass_box,glass_box,88.8161838054657,glass_box: 88.82% | tv_stand: 5.39% | sink: 3.68% | night_stand: 1.74% | wardrobe: 0.10%
glass_box_0203.npy,glass_box,glass_box,90.91787934303284,glass_box: 90.92% | table: 2.07% | bed: 1.59% | tv_stand: 1.25% | sink: 1.00%
glass_box_0179.npy,glass_box,glass_box,69.31392550468445,glass_box: 69.31% | night_stand: 13.27% | dresser: 10.07% | laptop: 4.01% | radio: 1.10%
glass_box_0263.npy,glass_box,glass_box,48.18668067455292,glass_box: 48.19% | tv_stand: 27.85% | sofa: 5.13% | bench: 3.73% | bed: 2.03%
glass_box_0197.npy,glass_box,glass_box,75.28195381164551,glass_box: 75.28% | tv_stand: 5.74% | sink: 5.54% | radio: 4.31% | bookshelf: 2.49%
glass_box_0218.npy,glass_box,glass_box,99.5591938495636,glass_box: 99.56% | radio: 0.13% | sink: 0.13% | piano: 0.10% | tv_stand: 0.03%
glass_box_0226.npy,glass_box,glass_box,73.4571099281311,glass_box: 73.46% | sink: 9.95% | tv_stand: 9.82% | radio: 5.11% | bookshelf: 0.61%
glass_box_0260.npy,glass_box,laptop,43.38165819644928,laptop: 43.38% | glass_box: 19.78% | tv_stand: 9.18% | sink: 6.36% | night_stand: 6.09%
glass_box_0230.npy,glass_box,glass_box,90.91787934303284,glass_box: 90.92% | table: 2.07% | bed: 1.59% | tv_stand: 1.25% | sink: 1.00%
glass_box_0224.npy,glass_box,glass_box,85.9786868095398,glass_box: 85.98% | tv_stand: 6.61% | radio: 3.54% | sink: 0.89% | bathtub: 0.61%
glass_box_0233.npy,glass_box,glass_box,86.2384021282196,glass_box: 86.24% | radio: 5.24% | tv_stand: 4.94% | piano: 0.68% | table: 0.53%
glass_box_0200.npy,glass_box,glass_box,79.79073524475098,glass_box: 79.79% | radio: 10.88% | tv_stand: 4.02% | sink: 2.83% | range_hood: 1.45%
glass_box_0267.npy,glass_box,glass_box,52.07027196884155,glass_box: 52.07% | desk: 26.71% | monitor: 7.28% | dresser: 4.09% | range_hood: 3.26%
glass_box_0215.npy,glass_box,glass_box,70.297372341156,glass_box: 70.30% | night_stand: 13.01% | dresser: 9.17% | laptop: 4.11% | radio: 1.08%
glass_box_0252.npy,glass_box,glass_box,90.01438617706299,glass_box: 90.01% | radio: 7.48% | bed: 0.97% | sink: 0.59% | piano: 0.25%
glass_box_0236.npy,glass_box,glass_box,84.54469442367554,glass_box: 84.54% | tv_stand: 8.80% | radio: 1.18% | piano: 0.70% | table: 0.64%
glass_box_0216.npy,glass_box,glass_box,93.82935762405396,glass_box: 93.83% | sink: 2.53% | radio: 1.96% | tv_stand: 0.95% | bookshelf: 0.16%
glass_box_0175.npy,glass_box,glass_box,86.5987777709961,glass_box: 86.60% | tv_stand: 2.78% | radio: 2.04% | car: 1.87% | bathtub: 1.34%
glass_box_0180.npy,glass_box,glass_box,93.27787756919861,glass_box: 93.28% | sink: 3.00% | radio: 1.93% | tv_stand: 0.69% | tent: 0.26%
glass_box_0191.npy,glass_box,glass_box,97.6994514465332,glass_box: 97.70% | radio: 0.96% | tv_stand: 0.54% | bathtub: 0.43% | bed: 0.09%
glass_box_0204.npy,glass_box,glass_box,83.49323868751526,glass_box: 83.49% | tv_stand: 7.37% | sink: 5.55% | radio: 3.03% | range_hood: 0.24%
glass_box_0269.npy,glass_box,glass_box,98.32067489624023,glass_box: 98.32% | monitor: 0.69% | night_stand: 0.54% | sink: 0.32% | dresser: 0.05%
glass_box_0212.npy,glass_box,glass_box,99.54801797866821,glass_box: 99.55% | sink: 0.20% | radio: 0.19% | tv_stand: 0.03% | night_stand: 0.01%
glass_box_0223.npy,glass_box,glass_box,85.55586338043213,glass_box: 85.56% | radio: 10.89% | bed: 1.24% | sink: 0.94% | piano: 0.35%
glass_box_0190.npy,glass_box,glass_box,98.70777130126953,glass_box: 98.71% | sink: 0.52% | night_stand: 0.43% | tv_stand: 0.17% | dresser: 0.06%
glass_box_0210.npy,glass_box,glass_box,98.96799921989441,glass_box: 98.97% | radio: 0.38% | sink: 0.33% | bathtub: 0.21% | tent: 0.05%
glass_box_0214.npy,glass_box,glass_box,82.42695927619934,glass_box: 82.43% | tv_stand: 5.17% | radio: 4.52% | table: 3.49% | piano: 1.58%
glass_box_0219.npy,glass_box,glass_box,94.15306448936462,glass_box: 94.15% | sink: 3.09% | tv_stand: 1.47% | radio: 1.09% | tent: 0.07%
glass_box_0188.npy,glass_box,tv_stand,30.96861243247986,tv_stand: 30.97% | glass_box: 27.06% | radio: 26.16% | sink: 6.65% | bookshelf: 3.57%
glass_box_0242.npy,glass_box,glass_box,83.0879271030426,glass_box: 83.09% | tv_stand: 7.27% | radio: 4.83% | piano: 1.39% | sink: 0.75%
glass_box_0247.npy,glass_box,glass_box,85.9786868095398,glass_box: 85.98% | tv_stand: 6.61% | radio: 3.54% | sink: 0.89% | bathtub: 0.61%
glass_box_0254.npy,glass_box,glass_box,47.14663326740265,glass_box: 47.15% | tv_stand: 23.79% | sofa: 6.96% | bench: 4.61% | car: 2.87%
glass_box_0194.npy,glass_box,glass_box,95.1223075389862,glass_box: 95.12% | night_stand: 4.35% | xbox: 0.14% | dresser: 0.10% | monitor: 0.10%
glass_box_0222.npy,glass_box,glass_box,91.54777526855469,glass_box: 91.55% | sink: 4.08% | tv_stand: 2.53% | bookshelf: 0.57% | night_stand: 0.52%
glass_box_0266.npy,glass_box,glass_box,98.32067489624023,glass_box: 98.32% | monitor: 0.69% | night_stand: 0.54% | sink: 0.32% | dresser: 0.05%
glass_box_0243.npy,glass_box,piano,67.3818588256836,piano: 67.38% | sofa: 21.07% | tent: 7.16% | night_stand: 1.73% | radio: 0.63%
glass_box_0208.npy,glass_box,glass_box,83.49323868751526,glass_box: 83.49% | tv_stand: 7.37% | sink: 5.55% | radio: 3.03% | range_hood: 0.24%
glass_box_0205.npy,glass_box,glass_box,93.59295964241028,glass_box: 93.59% | sink: 4.38% | radio: 1.25% | tv_stand: 0.48% | desk: 0.11%
glass_box_0238.npy,glass_box,glass_box,84.54469442367554,glass_box: 84.54% | tv_stand: 8.80% | radio: 1.18% | piano: 0.70% | table: 0.64%
glass_box_0220.npy,glass_box,glass_box,98.39604496955872,glass_box: 98.40% | radio: 0.79% | sink: 0.33% | bathtub: 0.18% | tent: 0.13%
glass_box_0198.npy,glass_box,glass_box,89.85428214073181,glass_box: 89.85% | tv_stand: 4.97% | sink: 2.95% | night_stand: 1.86% | bookshelf: 0.12%
glass_box_0183.npy,glass_box,laptop,56.37345910072327,laptop: 56.37% | glass_box: 28.65% | tv_stand: 3.31% | sink: 3.00% | night_stand: 2.90%
glass_box_0195.npy,glass_box,glass_box,96.50619626045227,glass_box: 96.51% | night_stand: 2.93% | dresser: 0.12% | bed: 0.12% | tv_stand: 0.10%
glass_box_0232.npy,glass_box,glass_box,94.15306448936462,glass_box: 94.15% | sink: 3.09% | tv_stand: 1.47% | radio: 1.09% | tent: 0.07%
glass_box_0240.npy,glass_box,glass_box,94.77284550666809,glass_box: 94.77% | radio: 1.79% | sink: 1.45% | night_stand: 1.28% | dresser: 0.46%
glass_box_0268.npy,glass_box,glass_box,97.79532551765442,glass_box: 97.80% | radio: 1.17% | sink: 0.82% | tv_stand: 0.17% | night_stand: 0.02%
glass_box_0251.npy,glass_box,glass_box,75.28195381164551,glass_box: 75.28% | tv_stand: 5.74% | sink: 5.54% | radio: 4.31% | bookshelf: 2.49%
glass_box_0182.npy,glass_box,curtain,31.143710017204285,curtain: 31.14% | door: 9.17% | bookshelf: 6.88% | table: 4.57% | guitar: 4.53%
person_0097.npy,person,person,57.95187950134277,person: 57.95% | vase: 10.68% | curtain: 6.78% | bottle: 6.08% | door: 3.73%
person_0092.npy,person,lamp,20.759694278240204,lamp: 20.76% | stairs: 15.20% | xbox: 13.97% | cup: 7.60% | toilet: 6.38%
person_0089.npy,person,person,56.12276792526245,person: 56.12% | plant: 19.00% | vase: 14.62% | flower_pot: 5.09% | stool: 1.29%
person_0099.npy,person,chair,79.17562127113342,chair: 79.18% | curtain: 8.85% | toilet: 4.00% | cup: 3.77% | bottle: 1.08%
person_0095.npy,person,person,86.42002940177917,person: 86.42% | plant: 3.44% | flower_pot: 2.86% | vase: 2.58% | bookshelf: 2.28%
person_0104.npy,person,person,64.58331346511841,person: 64.58% | plant: 18.03% | flower_pot: 5.22% | lamp: 3.68% | vase: 2.64%
person_0105.npy,person,person,67.91701316833496,person: 67.92% | plant: 16.85% | flower_pot: 5.50% | vase: 2.58% | bottle: 2.07%
person_0108.npy,person,door,61.0076367855072,door: 61.01% | curtain: 12.29% | bookshelf: 8.84% | vase: 3.49% | person: 3.37%
person_0100.npy,person,person,55.27202486991882,person: 55.27% | plant: 17.94% | vase: 15.69% | flower_pot: 5.26% | stool: 1.62%
person_0102.npy,person,person,81.7281723022461,person: 81.73% | plant: 13.75% | flower_pot: 2.16% | vase: 1.01% | stool: 0.54%
person_0101.npy,person,curtain,18.17549765110016,curtain: 18.18% | guitar: 14.54% | door: 8.52% | airplane: 6.57% | table: 4.15%
person_0091.npy,person,person,77.99023389816284,person: 77.99% | flower_pot: 8.82% | plant: 4.69% | vase: 3.85% | bookshelf: 1.47%
person_0094.npy,person,person,38.74549865722656,person: 38.75% | curtain: 22.85% | door: 8.04% | vase: 7.12% | bottle: 4.25%
person_0096.npy,person,person,47.00603187084198,person: 47.01% | plant: 41.24% | flower_pot: 4.24% | vase: 2.48% | lamp: 2.32%
person_0107.npy,person,curtain,42.23004877567291,curtain: 42.23% | door: 11.58% | person: 4.77% | guitar: 4.68% | bottle: 3.37%
person_0098.npy,person,bottle,68.64420175552368,bottle: 68.64% | vase: 10.53% | lamp: 6.02% | cup: 2.12% | flower_pot: 1.99%
person_0103.npy,person,person,71.37206792831421,person: 71.37% | vase: 8.01% | flower_pot: 5.55% | plant: 3.85% | bottle: 3.61%
person_0090.npy,person,plant,33.63207280635834,plant: 33.63% | vase: 24.21% | person: 19.43% | cone: 12.19% | flower_pot: 8.75%
person_0106.npy,person,plant,54.05804514884949,plant: 54.06% | stairs: 12.40% | flower_pot: 11.33% | lamp: 6.70% | cone: 3.82%
flower_pot_0159.npy,flower_pot,vase,69.4225013256073,vase: 69.42% | bottle: 22.83% | flower_pot: 3.75% | person: 1.06% | plant: 0.86%
flower_pot_0155.npy,flower_pot,vase,62.89817690849304,vase: 62.90% | cup: 17.30% | flower_pot: 9.75% | bowl: 9.75% | laptop: 0.17%
flower_pot_0169.npy,flower_pot,plant,85.26605367660522,plant: 85.27% | person: 4.78% | flower_pot: 3.78% | vase: 2.76% | stairs: 1.33%
flower_pot_0152.npy,flower_pot,flower_pot,64.52361941337585,flower_pot: 64.52% | plant: 17.09% | vase: 8.19% | stairs: 7.06% | bottle: 1.08%
flower_pot_0154.npy,flower_pot,plant,53.53865027427673,plant: 53.54% | stairs: 25.03% | flower_pot: 13.05% | cone: 8.11% | vase: 0.13%
flower_pot_0161.npy,flower_pot,plant,60.64576506614685,plant: 60.65% | vase: 19.93% | flower_pot: 10.44% | lamp: 4.96% | stairs: 2.43%
flower_pot_0166.npy,flower_pot,plant,95.36866545677185,plant: 95.37% | vase: 2.14% | flower_pot: 0.92% | stairs: 0.91% | lamp: 0.55%
flower_pot_0160.npy,flower_pot,vase,84.81663465499878,vase: 84.82% | flower_pot: 11.00% | cone: 1.26% | lamp: 1.06% | cup: 0.53%
flower_pot_0156.npy,flower_pot,plant,77.82653570175171,plant: 77.83% | vase: 9.47% | flower_pot: 8.79% | chair: 2.62% | stool: 0.59%
flower_pot_0157.npy,flower_pot,flower_pot,97.04895615577698,flower_pot: 97.05% | vase: 1.51% | tent: 0.94% | plant: 0.32% | piano: 0.09%
flower_pot_0150.npy,flower_pot,flower_pot,61.80342435836792,flower_pot: 61.80% | stairs: 29.61% | plant: 2.45% | stool: 1.38% | piano: 1.33%
flower_pot_0151.npy,flower_pot,chair,62.95909285545349,chair: 62.96% | flower_pot: 22.38% | plant: 6.44% | cup: 4.50% | stairs: 1.16%
flower_pot_0153.npy,flower_pot,vase,98.0319082736969,vase: 98.03% | bowl: 0.51% | cup: 0.50% | chair: 0.44% | flower_pot: 0.42%
flower_pot_0165.npy,flower_pot,plant,92.57065057754517,plant: 92.57% | piano: 4.08% | stairs: 2.03% | flower_pot: 0.59% | bookshelf: 0.33%
flower_pot_0158.npy,flower_pot,plant,78.82435917854309,plant: 78.82% | vase: 7.55% | stool: 6.45% | lamp: 4.83% | stairs: 1.20%
flower_pot_0162.npy,flower_pot,cup,53.572750091552734,cup: 53.57% | flower_pot: 29.10% | vase: 16.82% | bowl: 0.30% | stairs: 0.07%
flower_pot_0164.npy,flower_pot,plant,81.11998438835144,plant: 81.12% | chair: 14.97% | flower_pot: 3.43% | stairs: 0.23% | vase: 0.21%
flower_pot_0163.npy,flower_pot,vase,85.39081811904907,vase: 85.39% | flower_pot: 9.61% | lamp: 1.71% | plant: 0.80% | cup: 0.65%
flower_pot_0168.npy,flower_pot,person,23.39157462120056,person: 23.39% | lamp: 22.99% | plant: 15.07% | vase: 12.95% | bottle: 7.03%
flower_pot_0167.npy,flower_pot,vase,66.97795391082764,vase: 66.98% | flower_pot: 21.79% | person: 3.79% | bottle: 2.07% | plant: 1.99%
cone_0172.npy,cone,cone,71.12892270088196,cone: 71.13% | tent: 9.59% | stool: 6.46% | stairs: 3.66% | plant: 2.88%
cone_0180.npy,cone,cone,80.39345741271973,cone: 80.39% | plant: 9.02% | tent: 6.17% | car: 2.26% | stairs: 0.70%
cone_0183.npy,cone,cone,99.80489015579224,cone: 99.80% | vase: 0.11% | cup: 0.04% | tent: 0.03% | plant: 0.01%
cone_0173.npy,cone,vase,39.636772871017456,vase: 39.64% | bottle: 27.90% | flower_pot: 12.40% | cone: 7.95% | plant: 7.54%
cone_0178.npy,cone,cone,99.05514717102051,cone: 99.06% | vase: 0.37% | tent: 0.13% | stairs: 0.11% | plant: 0.08%
cone_0179.npy,cone,cone,97.93559908866882,cone: 97.94% | plant: 1.22% | vase: 0.65% | flower_pot: 0.08% | cup: 0.05%
cone_0169.npy,cone,cone,88.53726983070374,cone: 88.54% | tent: 5.86% | plant: 1.67% | car: 1.20% | stairs: 0.72%
cone_0181.npy,cone,cone,70.11488676071167,cone: 70.11% | plant: 20.92% | tent: 4.25% | stairs: 1.78% | flower_pot: 0.85%
cone_0186.npy,cone,cone,95.4999327659607,cone: 95.50% | plant: 3.14% | vase: 0.87% | stairs: 0.15% | flower_pot: 0.12%
cone_0182.npy,cone,cone,46.0184782743454,cone: 46.02% | plant: 28.49% | vase: 12.74% | flower_pot: 4.68% | person: 2.98%
cone_0175.npy,cone,cone,98.31772446632385,cone: 98.32% | plant: 0.95% | vase: 0.44% | flower_pot: 0.09% | tent: 0.07%
cone_0177.npy,cone,cone,97.06986546516418,cone: 97.07% | plant: 1.38% | vase: 1.35% | flower_pot: 0.09% | cup: 0.05%
cone_0184.npy,cone,cone,66.38318300247192,cone: 66.38% | vase: 15.49% | flower_pot: 9.81% | person: 3.66% | plant: 2.90%
cone_0185.npy,cone,cone,68.55279803276062,cone: 68.55% | vase: 26.84% | range_hood: 3.13% | cup: 0.76% | flower_pot: 0.33%
cone_0171.npy,cone,cone,87.69493699073792,cone: 87.69% | vase: 4.44% | plant: 3.97% | person: 1.31% | flower_pot: 0.76%
cone_0187.npy,cone,cone,94.40089464187622,cone: 94.40% | plant: 1.76% | stairs: 0.84% | flower_pot: 0.81% | vase: 0.79%
cone_0176.npy,cone,plant,78.13526391983032,plant: 78.14% | cone: 13.58% | vase: 4.79% | flower_pot: 1.69% | stairs: 0.69%
cone_0168.npy,cone,cone,91.04865193367004,cone: 91.05% | tent: 4.42% | plant: 1.75% | car: 1.03% | stairs: 0.43%
cone_0174.npy,cone,cone,66.27642512321472,cone: 66.28% | tent: 26.66% | bowl: 1.46% | plant: 1.30% | lamp: 0.78%
cone_0170.npy,cone,cone,99.44292306900024,cone: 99.44% | vase: 0.23% | tent: 0.10% | plant: 0.07% | stool: 0.07%
night_stand_0244.npy,night_stand,range_hood,95.43139934539795,range_hood: 95.43% | radio: 1.62% | dresser: 1.13% | piano: 0.94% | night_stand: 0.28%
night_stand_0259.npy,night_stand,vase,75.9117603302002,vase: 75.91% | flower_pot: 14.73% | cup: 3.18% | xbox: 1.93% | stool: 1.86%
night_stand_0242.npy,night_stand,table,99.0147054195404,table: 99.01% | night_stand: 0.37% | desk: 0.33% | dresser: 0.10% | bed: 0.09%
night_stand_0203.npy,night_stand,night_stand,88.00640106201172,night_stand: 88.01% | table: 7.49% | bed: 4.21% | dresser: 0.28% | tv_stand: 0.01%
night_stand_0277.npy,night_stand,dresser,87.33864426612854,dresser: 87.34% | night_stand: 5.15% | glass_box: 3.05% | xbox: 0.91% | monitor: 0.81%
night_stand_0274.npy,night_stand,sink,41.43697917461395,sink: 41.44% | bookshelf: 37.28% | night_stand: 9.09% | dresser: 8.98% | radio: 1.19%
night_stand_0221.npy,night_stand,dresser,47.71371781826019,dresser: 47.71% | tv_stand: 18.93% | range_hood: 11.40% | radio: 8.34% | piano: 2.20%
night_stand_0278.npy,night_stand,table,55.280327796936035,table: 55.28% | night_stand: 22.67% | desk: 9.00% | chair: 3.74% | dresser: 3.19%
night_stand_0235.npy,night_stand,night_stand,98.77696633338928,night_stand: 98.78% | dresser: 1.20% | xbox: 0.01%
night_stand_0258.npy,night_stand,night_stand,69.91472840309143,night_stand: 69.91% | dresser: 27.65% | sink: 2.07% | wardrobe: 0.23% | bookshelf: 0.03%
night_stand_0266.npy,night_stand,night_stand,89.2066240310669,night_stand: 89.21% | dresser: 7.89% | tv_stand: 2.62% | sink: 0.11% | radio: 0.07%
night_stand_0218.npy,night_stand,night_stand,92.39955544471741,night_stand: 92.40% | dresser: 2.87% | bookshelf: 2.47% | sink: 1.08% | tv_stand: 1.05%
night_stand_0223.npy,night_stand,dresser,83.73891115188599,dresser: 83.74% | night_stand: 11.21% | wardrobe: 1.56% | sink: 0.68% | xbox: 0.62%
night_stand_0255.npy,night_stand,night_stand,92.3097312450409,night_stand: 92.31% | dresser: 3.43% | bed: 3.09% | radio: 0.91% | sink: 0.10%
night_stand_0204.npy,night_stand,night_stand,66.88154339790344,night_stand: 66.88% | tv_stand: 16.13% | bookshelf: 11.22% | radio: 2.06% | range_hood: 1.33%
night_stand_0270.npy,night_stand,night_stand,81.24462962150574,night_stand: 81.24% | piano: 8.16% | toilet: 7.28% | dresser: 3.06% | xbox: 0.09%
night_stand_0237.npy,night_stand,bookshelf,90.76982736587524,bookshelf: 90.77% | tv_stand: 5.08% | night_stand: 3.62% | dresser: 0.41% | piano: 0.05%
night_stand_0268.npy,night_stand,night_stand,98.81799221038818,night_stand: 98.82% | table: 1.13% | bed: 0.04%
night_stand_0239.npy,night_stand,night_stand,81.10222220420837,night_stand: 81.10% | table: 8.84% | bed: 7.14% | tv_stand: 1.45% | dresser: 0.78%
night_stand_0220.npy,night_stand,dresser,59.23042893409729,dresser: 59.23% | night_stand: 38.58% | sink: 0.61% | flower_pot: 0.55% | desk: 0.53%
night_stand_0260.npy,night_stand,dresser,63.64915370941162,dresser: 63.65% | night_stand: 35.85% | sink: 0.21% | wardrobe: 0.09% | xbox: 0.07%
night_stand_0238.npy,night_stand,night_stand,83.45339894294739,night_stand: 83.45% | stool: 10.62% | dresser: 2.21% | chair: 1.76% | bookshelf: 0.64%
night_stand_0219.npy,night_stand,night_stand,99.76109266281128,night_stand: 99.76% | bookshelf: 0.12% | dresser: 0.05% | stool: 0.02% | tv_stand: 0.02%
night_stand_0249.npy,night_stand,stool,58.64068865776062,stool: 58.64% | night_stand: 18.14% | bookshelf: 10.01% | dresser: 6.99% | door: 1.58%
night_stand_0267.npy,night_stand,night_stand,96.0174560546875,night_stand: 96.02% | dresser: 1.23% | bookshelf: 0.67% | tv_stand: 0.65% | stool: 0.49%
night_stand_0276.npy,night_stand,night_stand,88.77504467964172,night_stand: 88.78% | xbox: 3.89% | cup: 3.69% | dresser: 1.25% | monitor: 1.02%
night_stand_0212.npy,night_stand,night_stand,55.396705865859985,night_stand: 55.40% | chair: 8.03% | radio: 6.26% | cup: 5.67% | toilet: 5.52%
night_stand_0226.npy,night_stand,dresser,64.01439309120178,dresser: 64.01% | night_stand: 15.03% | wardrobe: 12.22% | sink: 3.05% | glass_box: 1.42%
night_stand_0229.npy,night_stand,night_stand,96.77083492279053,night_stand: 96.77% | table: 2.41% | dresser: 0.57% | radio: 0.08% | chair: 0.07%
night_stand_0228.npy,night_stand,glass_box,27.65028178691864,glass_box: 27.65% | dresser: 26.67% | tv_stand: 23.83% | night_stand: 8.17% | radio: 6.49%
night_stand_0284.npy,night_stand,night_stand,66.88154339790344,night_stand: 66.88% | tv_stand: 16.13% | bookshelf: 11.22% | radio: 2.06% | range_hood: 1.33%
night_stand_0253.npy,night_stand,night_stand,57.676225900650024,night_stand: 57.68% | dresser: 22.64% | bookshelf: 8.50% | sink: 4.50% | stool: 3.71%
night_stand_0252.npy,night_stand,dresser,85.472571849823,dresser: 85.47% | bottle: 3.05% | night_stand: 1.94% | wardrobe: 1.89% | range_hood: 1.58%
night_stand_0256.npy,night_stand,dresser,89.0870988368988,dresser: 89.09% | night_stand: 10.50% | glass_box: 0.23% | tv_stand: 0.10% | desk: 0.02%
night_stand_0216.npy,night_stand,night_stand,37.17915713787079,night_stand: 37.18% | table: 35.42% | bed: 10.38% | lamp: 4.81% | sofa: 3.05%
night_stand_0201.npy,night_stand,night_stand,45.23586630821228,night_stand: 45.24% | chair: 37.80% | stool: 5.15% | stairs: 4.10% | bookshelf: 2.18%
night_stand_0246.npy,night_stand,desk,62.690842151641846,desk: 62.69% | table: 16.21% | dresser: 13.68% | night_stand: 2.61% | glass_box: 1.36%
night_stand_0250.npy,night_stand,table,99.80009198188782,table: 99.80% | desk: 0.07% | night_stand: 0.06% | piano: 0.03% | mantel: 0.01%
night_stand_0281.npy,night_stand,night_stand,51.104748249053955,night_stand: 51.10% | dresser: 41.75% | cup: 1.92% | wardrobe: 1.87% | sink: 1.10%
night_stand_0243.npy,night_stand,bed,27.74476706981659,bed: 27.74% | night_stand: 24.17% | dresser: 17.53% | tv_stand: 15.33% | table: 7.80%
night_stand_0214.npy,night_stand,night_stand,77.41818428039551,night_stand: 77.42% | xbox: 5.57% | mantel: 5.41% | dresser: 5.12% | monitor: 2.68%
night_stand_0248.npy,night_stand,night_stand,97.04716801643372,night_stand: 97.05% | dresser: 1.21% | glass_box: 0.61% | radio: 0.42% | laptop: 0.19%
night_stand_0230.npy,night_stand,dresser,53.15359830856323,dresser: 53.15% | night_stand: 44.10% | glass_box: 1.23% | wardrobe: 0.34% | radio: 0.22%
night_stand_0207.npy,night_stand,night_stand,51.337629556655884,night_stand: 51.34% | table: 21.85% | dresser: 7.02% | tv_stand: 6.63% | bookshelf: 3.89%
night_stand_0262.npy,night_stand,night_stand,96.8018114566803,night_stand: 96.80% | dresser: 1.44% | piano: 1.37% | tv_stand: 0.19% | radio: 0.13%
night_stand_0280.npy,night_stand,night_stand,95.43434977531433,night_stand: 95.43% | sink: 1.41% | mantel: 1.27% | dresser: 0.85% | bookshelf: 0.29%
night_stand_0285.npy,night_stand,tv_stand,63.967543840408325,tv_stand: 63.97% | radio: 11.92% | night_stand: 8.78% | glass_box: 6.47% | sink: 5.19%
night_stand_0254.npy,night_stand,dresser,81.36683106422424,dresser: 81.37% | night_stand: 12.35% | desk: 3.76% | tv_stand: 1.17% | radio: 0.91%
night_stand_0269.npy,night_stand,night_stand,81.97303414344788,night_stand: 81.97% | dresser: 10.52% | tv_stand: 4.49% | bookshelf: 2.14% | mantel: 0.55%
night_stand_0205.npy,night_stand,stool,57.40509629249573,stool: 57.41% | night_stand: 39.67% | bookshelf: 1.17% | table: 0.83% | chair: 0.66%
night_stand_0247.npy,night_stand,dresser,73.45083951950073,dresser: 73.45% | night_stand: 16.03% | glass_box: 5.33% | sink: 1.68% | xbox: 0.67%
night_stand_0209.npy,night_stand,night_stand,96.69227600097656,night_stand: 96.69% | dresser: 3.26% | xbox: 0.02% | toilet: 0.01%
night_stand_0286.npy,night_stand,dresser,54.25054430961609,dresser: 54.25% | night_stand: 27.83% | radio: 6.35% | sink: 4.71% | desk: 2.07%
night_stand_0271.npy,night_stand,night_stand,95.83491086959839,night_stand: 95.83% | bed: 1.77% | dresser: 0.78% | table: 0.54% | tv_stand: 0.45%
night_stand_0240.npy,night_stand,night_stand,97.0812439918518,night_stand: 97.08% | xbox: 1.25% | glass_box: 0.33% | dresser: 0.28% | cup: 0.19%
night_stand_0234.npy,night_stand,table,40.11876881122589,table: 40.12% | night_stand: 26.34% | radio: 13.17% | tv_stand: 12.80% | glass_box: 3.06%
night_stand_0263.npy,night_stand,night_stand,51.45794153213501,night_stand: 51.46% | table: 33.10% | bookshelf: 6.02% | desk: 5.62% | dresser: 1.44%
night_stand_0241.npy,night_stand,night_stand,73.08575510978699,night_stand: 73.09% | dresser: 14.65% | range_hood: 6.96% | wardrobe: 2.40% | sink: 0.85%
night_stand_0264.npy,night_stand,night_stand,91.79796576499939,night_stand: 91.80% | bookshelf: 2.96% | dresser: 1.54% | chair: 1.19% | tv_stand: 0.86%
night_stand_0206.npy,night_stand,dresser,75.17011761665344,dresser: 75.17% | night_stand: 20.21% | desk: 1.64% | table: 1.40% | piano: 0.62%
night_stand_0215.npy,night_stand,dresser,42.18004643917084,dresser: 42.18% | range_hood: 16.63% | night_stand: 13.22% | sink: 13.10% | glass_box: 7.56%
night_stand_0275.npy,night_stand,night_stand,91.90475344657898,night_stand: 91.90% | dresser: 6.93% | sink: 0.91% | bookshelf: 0.10% | radio: 0.07%
night_stand_0257.npy,night_stand,dresser,69.83912587165833,dresser: 69.84% | night_stand: 24.56% | glass_box: 5.44% | sink: 0.07% | laptop: 0.04%
night_stand_0222.npy,night_stand,night_stand,53.81307601928711,night_stand: 53.81% | dresser: 11.51% | sink: 8.78% | tv_stand: 7.64% | range_hood: 5.74%
night_stand_0273.npy,night_stand,night_stand,99.06642436981201,night_stand: 99.07% | dresser: 0.38% | chair: 0.35% | stool: 0.09% | wardrobe: 0.02%
night_stand_0236.npy,night_stand,dresser,55.415165424346924,dresser: 55.42% | glass_box: 17.97% | night_stand: 14.85% | laptop: 4.13% | sink: 2.40%
night_stand_0282.npy,night_stand,night_stand,35.53272485733032,night_stand: 35.53% | door: 25.85% | table: 9.65% | curtain: 9.62% | stool: 4.43%
night_stand_0261.npy,night_stand,dresser,49.92891550064087,dresser: 49.93% | night_stand: 47.83% | monitor: 0.48% | wardrobe: 0.39% | mantel: 0.31%
night_stand_0245.npy,night_stand,night_stand,99.9782145023346,night_stand: 99.98% | stool: 0.01%
night_stand_0231.npy,night_stand,tv_stand,51.19301080703735,tv_stand: 51.19% | table: 27.45% | piano: 7.91% | dresser: 5.61% | desk: 4.52%
night_stand_0217.npy,night_stand,bookshelf,25.514844059944153,bookshelf: 25.51% | stool: 22.93% | door: 13.33% | curtain: 9.82% | chair: 5.18%
night_stand_0210.npy,night_stand,night_stand,39.65276479721069,night_stand: 39.65% | dresser: 24.36% | sink: 14.04% | wardrobe: 5.76% | desk: 4.52%
night_stand_0279.npy,night_stand,night_stand,92.5042450428009,night_stand: 92.50% | dresser: 7.24% | xbox: 0.09% | sink: 0.06% | wardrobe: 0.04%
night_stand_0265.npy,night_stand,night_stand,59.50371026992798,night_stand: 59.50% | dresser: 38.54% | wardrobe: 0.91% | sink: 0.25% | tv_stand: 0.14%
night_stand_0272.npy,night_stand,sink,22.938302159309387,sink: 22.94% | wardrobe: 17.64% | bottle: 17.61% | dresser: 16.43% | night_stand: 13.49%
night_stand_0233.npy,night_stand,glass_box,91.61092638969421,glass_box: 91.61% | radio: 3.28% | night_stand: 3.03% | tv_stand: 1.49% | sink: 0.20%
night_stand_0208.npy,night_stand,dresser,57.703083753585815,dresser: 57.70% | night_stand: 42.21% | sink: 0.07% | tv_stand: 0.01% | wardrobe: 0.01%
night_stand_0211.npy,night_stand,night_stand,90.22725820541382,night_stand: 90.23% | dresser: 9.26% | bed: 0.43% | tv_stand: 0.03% | sink: 0.01%
night_stand_0227.npy,night_stand,night_stand,86.19245886802673,night_stand: 86.19% | dresser: 9.43% | desk: 2.25% | mantel: 0.52% | glass_box: 0.34%
night_stand_0251.npy,night_stand,night_stand,66.3505494594574,night_stand: 66.35% | table: 12.56% | chair: 9.81% | dresser: 8.16% | bed: 1.06%
night_stand_0283.npy,night_stand,table,99.66439008712769,table: 99.66% | desk: 0.15% | night_stand: 0.15% | dresser: 0.02% | tv_stand: 0.01%
night_stand_0224.npy,night_stand,tv_stand,59.4165563583374,tv_stand: 59.42% | night_stand: 12.97% | monitor: 10.78% | glass_box: 7.22% | mantel: 5.00%
night_stand_0202.npy,night_stand,night_stand,74.41750764846802,night_stand: 74.42% | dresser: 23.69% | laptop: 0.51% | sink: 0.35% | tv_stand: 0.30%
night_stand_0225.npy,night_stand,night_stand,99.58986639976501,night_stand: 99.59% | table: 0.15% | dresser: 0.13% | flower_pot: 0.03% | radio: 0.02%
night_stand_0232.npy,night_stand,night_stand,48.623377084732056,night_stand: 48.62% | table: 32.84% | mantel: 11.85% | desk: 2.63% | dresser: 2.02%
night_stand_0213.npy,night_stand,night_stand,99.97362494468689,night_stand: 99.97% | dresser: 0.02%
bench_0183.npy,bench,table,96.2588369846344,table: 96.26% | chair: 1.00% | piano: 0.76% | night_stand: 0.52% | desk: 0.37%
bench_0192.npy,bench,piano,52.34784483909607,piano: 52.35% | mantel: 24.32% | range_hood: 9.88% | toilet: 2.54% | radio: 2.44%
bench_0182.npy,bench,bench,99.24724102020264,bench: 99.25% | piano: 0.50% | tv_stand: 0.13% | stairs: 0.05% | flower_pot: 0.02%
bench_0174.npy,bench,chair,28.00370454788208,chair: 28.00% | bench: 23.44% | tv_stand: 19.46% | piano: 11.44% | bookshelf: 6.89%
bench_0189.npy,bench,bench,97.05848693847656,bench: 97.06% | table: 1.53% | tv_stand: 0.96% | bed: 0.11% | piano: 0.09%
bench_0180.npy,bench,bench,65.53008556365967,bench: 65.53% | tv_stand: 13.70% | range_hood: 7.41% | piano: 3.94% | desk: 1.66%
bench_0187.npy,bench,bench,57.959842681884766,bench: 57.96% | tv_stand: 11.33% | mantel: 8.69% | bookshelf: 7.22% | radio: 3.22%
bench_0177.npy,bench,bench,66.89867973327637,bench: 66.90% | table: 20.29% | piano: 2.51% | desk: 2.28% | stairs: 1.92%
bench_0175.npy,bench,bench,29.941195249557495,bench: 29.94% | tv_stand: 29.30% | bookshelf: 17.49% | radio: 2.59% | piano: 2.22%
bench_0184.npy,bench,table,46.98469936847687,table: 46.98% | night_stand: 14.71% | desk: 12.07% | tv_stand: 9.65% | dresser: 4.56%
bench_0178.npy,bench,bench,99.64602589607239,bench: 99.65% | mantel: 0.11% | tv_stand: 0.09% | piano: 0.06% | range_hood: 0.05%
bench_0188.npy,bench,sofa,48.72514009475708,sofa: 48.73% | bench: 29.80% | table: 5.79% | bed: 5.28% | tv_stand: 2.56%
bench_0191.npy,bench,bench,60.519254207611084,bench: 60.52% | piano: 16.79% | table: 7.84% | sofa: 3.16% | person: 1.88%
bench_0190.npy,bench,bench,91.40952229499817,bench: 91.41% | tv_stand: 3.61% | table: 2.76% | piano: 0.65% | dresser: 0.47%
bench_0185.npy,bench,bench,90.26668071746826,bench: 90.27% | tv_stand: 3.46% | mantel: 2.32% | bookshelf: 1.42% | desk: 0.53%
bench_0176.npy,bench,bench,69.67505812644958,bench: 69.68% | bookshelf: 8.86% | tv_stand: 5.46% | mantel: 4.42% | desk: 1.43%
bench_0179.npy,bench,bench,97.22326397895813,bench: 97.22% | tv_stand: 1.50% | desk: 0.32% | piano: 0.24% | mantel: 0.22%
bench_0193.npy,bench,plant,35.69943904876709,plant: 35.70% | vase: 23.87% | stairs: 23.02% | bookshelf: 4.84% | bench: 2.84%
bench_0186.npy,bench,bench,38.421839475631714,bench: 38.42% | tv_stand: 11.83% | chair: 11.17% | mantel: 8.15% | bookshelf: 7.45%
bench_0181.npy,bench,bench,60.131996870040894,bench: 60.13% | mantel: 17.99% | piano: 5.41% | toilet: 2.73% | tent: 2.68%
plant_0245.npy,plant,plant,41.089048981666565,plant: 41.09% | stairs: 31.27% | person: 24.65% | vase: 1.40% | flower_pot: 1.06%
plant_0319.npy,plant,plant,50.77633857727051,plant: 50.78% | flower_pot: 20.38% | chair: 15.37% | stairs: 12.68% | piano: 0.41%
plant_0316.npy,plant,plant,70.12279629707336,plant: 70.12% | person: 15.47% | flower_pot: 6.90% | stool: 3.92% | vase: 1.08%
plant_0296.npy,plant,plant,94.30224299430847,plant: 94.30% | chair: 4.87% | vase: 0.70% | flower_pot: 0.07% | table: 0.02%
plant_0242.npy,plant,plant,68.74859929084778,plant: 68.75% | person: 21.12% | vase: 5.80% | flower_pot: 3.59% | stairs: 0.38%
plant_0278.npy,plant,tent,91.86477661132812,tent: 91.86% | flower_pot: 3.23% | plant: 1.68% | chair: 0.85% | vase: 0.61%
plant_0336.npy,plant,plant,92.41935014724731,plant: 92.42% | vase: 2.57% | flower_pot: 1.56% | bowl: 1.05% | tent: 0.95%
plant_0301.npy,plant,person,16.544896364212036,person: 16.54% | lamp: 13.08% | mantel: 12.98% | plant: 12.91% | vase: 8.61%
plant_0256.npy,plant,plant,58.17435383796692,plant: 58.17% | flower_pot: 28.66% | tent: 6.08% | vase: 4.79% | stairs: 2.02%
plant_0330.npy,plant,plant,98.67163896560669,plant: 98.67% | cone: 0.45% | stairs: 0.39% | flower_pot: 0.22% | vase: 0.14%
plant_0264.npy,plant,flower_pot,32.239001989364624,flower_pot: 32.24% | stairs: 30.09% | piano: 9.69% | plant: 8.45% | tent: 7.99%
plant_0297.npy,plant,plant,81.70694708824158,plant: 81.71% | tent: 13.21% | vase: 2.60% | flower_pot: 2.08% | bowl: 0.22%
plant_0273.npy,plant,plant,85.72967052459717,plant: 85.73% | tent: 9.03% | flower_pot: 1.12% | vase: 1.02% | bowl: 0.77%
plant_0321.npy,plant,flower_pot,70.06411552429199,flower_pot: 70.06% | plant: 26.99% | cup: 1.64% | vase: 0.50% | sofa: 0.24%
plant_0308.npy,plant,person,49.45970177650452,person: 49.46% | plant: 31.97% | flower_pot: 6.40% | vase: 3.86% | cone: 3.22%
plant_0324.npy,plant,vase,61.81409955024719,vase: 61.81% | flower_pot: 13.12% | plant: 10.88% | person: 3.95% | stairs: 2.17%
plant_0295.npy,plant,flower_pot,30.517417192459106,flower_pot: 30.52% | tent: 20.79% | stairs: 15.63% | vase: 13.04% | plant: 6.46%
plant_0270.npy,plant,plant,59.810203313827515,plant: 59.81% | person: 16.97% | stairs: 14.32% | flower_pot: 4.60% | lamp: 1.36%
plant_0318.npy,plant,plant,50.915712118148804,plant: 50.92% | flower_pot: 16.25% | person: 9.27% | cone: 8.45% | vase: 6.31%
plant_0290.npy,plant,bottle,40.39353132247925,bottle: 40.39% | flower_pot: 33.10% | plant: 6.68% | cone: 4.83% | stairs: 3.93%
plant_0298.npy,plant,lamp,91.12692475318909,lamp: 91.13% | plant: 6.65% | vase: 0.98% | stairs: 0.62% | person: 0.48%
plant_0246.npy,plant,flower_pot,59.58191156387329,flower_pot: 59.58% | bottle: 13.22% | vase: 12.02% | plant: 9.02% | stairs: 2.20%
plant_0243.npy,plant,person,49.45970177650452,person: 49.46% | plant: 31.97% | flower_pot: 6.40% | vase: 3.86% | cone: 3.22%
plant_0272.npy,plant,plant,83.81131887435913,plant: 83.81% | vase: 5.78% | flower_pot: 2.77% | bookshelf: 2.49% | stairs: 2.35%
plant_0289.npy,plant,plant,85.07419228553772,plant: 85.07% | flower_pot: 13.80% | vase: 0.96% | chair: 0.08% | stairs: 0.07%
plant_0315.npy,plant,plant,95.36866545677185,plant: 95.37% | vase: 2.14% | flower_pot: 0.92% | stairs: 0.91% | lamp: 0.55%
plant_0248.npy,plant,chair,58.91399383544922,chair: 58.91% | plant: 33.62% | stairs: 5.32% | tent: 0.55% | cone: 0.40%
plant_0247.npy,plant,plant,94.97724771499634,plant: 94.98% | flower_pot: 3.16% | cone: 0.60% | lamp: 0.45% | vase: 0.44%
plant_0300.npy,plant,plant,46.61019742488861,plant: 46.61% | flower_pot: 30.76% | stairs: 12.75% | vase: 4.82% | bookshelf: 2.14%
plant_0257.npy,plant,flower_pot,46.15313410758972,flower_pot: 46.15% | piano: 28.80% | bookshelf: 4.94% | stairs: 3.91% | plant: 3.10%
plant_0320.npy,plant,plant,99.72346425056458,plant: 99.72% | stairs: 0.11% | vase: 0.09% | flower_pot: 0.07% | person: 0.01%
plant_0326.npy,plant,plant,60.986167192459106,plant: 60.99% | flower_pot: 15.99% | stairs: 10.22% | cone: 6.74% | vase: 4.15%
plant_0259.npy,plant,plant,87.1711254119873,plant: 87.17% | flower_pot: 5.40% | lamp: 3.08% | stairs: 2.02% | person: 1.04%
plant_0340.npy,plant,plant,74.76270198822021,plant: 74.76% | person: 7.96% | flower_pot: 6.85% | lamp: 3.08% | stairs: 2.56%
plant_0303.npy,plant,plant,97.37964868545532,plant: 97.38% | vase: 0.87% | flower_pot: 0.86% | chair: 0.44% | stairs: 0.21%
plant_0332.npy,plant,plant,99.35757517814636,plant: 99.36% | flower_pot: 0.32% | stairs: 0.17% | tent: 0.07% | vase: 0.04%
plant_0288.npy,plant,plant,99.83718991279602,plant: 99.84% | tent: 0.10% | cone: 0.02% | monitor: 0.02% | flower_pot: 0.01%
plant_0287.npy,plant,person,65.18715620040894,person: 65.19% | plant: 25.32% | vase: 4.10% | flower_pot: 3.66% | lamp: 0.57%
plant_0337.npy,plant,plant,83.61624479293823,plant: 83.62% | flower_pot: 11.81% | chair: 4.37% | vase: 0.10% | stairs: 0.03%
plant_0335.npy,plant,curtain,22.9399636387825,curtain: 22.94% | person: 22.60% | bottle: 11.27% | bookshelf: 6.20% | vase: 5.76%
plant_0280.npy,plant,plant,99.75233674049377,plant: 99.75% | chair: 0.14% | vase: 0.07% | stool: 0.02% | flower_pot: 0.01%
plant_0311.npy,plant,flower_pot,49.07989501953125,flower_pot: 49.08% | plant: 22.06% | vase: 17.42% | person: 5.52% | cone: 2.55%
plant_0254.npy,plant,plant,94.65823173522949,plant: 94.66% | stairs: 3.06% | person: 0.99% | flower_pot: 0.85% | vase: 0.19%
plant_0305.npy,plant,plant,93.6734676361084,plant: 93.67% | flower_pot: 2.73% | person: 2.40% | stairs: 0.75% | vase: 0.23%
plant_0251.npy,plant,lamp,26.436010003089905,lamp: 26.44% | plant: 21.12% | flower_pot: 13.24% | stairs: 8.13% | vase: 7.55%
plant_0253.npy,plant,tent,36.03830635547638,tent: 36.04% | airplane: 20.21% | plant: 17.06% | car: 12.34% | vase: 4.17%
plant_0331.npy,plant,plant,96.47376537322998,plant: 96.47% | chair: 2.51% | tent: 0.34% | stairs: 0.28% | cone: 0.14%
plant_0283.npy,plant,plant,84.329354763031,plant: 84.33% | lamp: 8.11% | vase: 1.67% | stairs: 1.59% | cone: 1.13%
plant_0252.npy,plant,laptop,84.17268991470337,laptop: 84.17% | airplane: 10.95% | keyboard: 3.74% | tent: 0.18% | guitar: 0.16%
plant_0260.npy,plant,vase,50.82007050514221,vase: 50.82% | flower_pot: 48.64% | plant: 0.39% | cup: 0.13% | chair: 0.01%
plant_0304.npy,plant,plant,85.07419228553772,plant: 85.07% | flower_pot: 13.80% | vase: 0.96% | chair: 0.08% | stairs: 0.07%
plant_0292.npy,plant,flower_pot,31.469640135765076,flower_pot: 31.47% | cone: 20.98% | plant: 20.90% | vase: 12.53% | stairs: 7.63%
plant_0241.npy,plant,plant,99.72984194755554,plant: 99.73% | stairs: 0.21% | flower_pot: 0.04% | tent: 0.01%
plant_0314.npy,plant,plant,87.11036443710327,plant: 87.11% | flower_pot: 7.13% | person: 1.95% | stairs: 1.82% | chair: 0.60%
plant_0293.npy,plant,plant,89.1694962978363,plant: 89.17% | flower_pot: 4.69% | vase: 3.74% | cone: 1.60% | stairs: 0.31%
plant_0255.npy,plant,airplane,30.985739827156067,airplane: 30.99% | tent: 26.42% | bowl: 20.47% | bed: 7.40% | plant: 5.98%
plant_0291.npy,plant,vase,60.20297408103943,vase: 60.20% | flower_pot: 17.98% | plant: 10.94% | stool: 3.74% | lamp: 3.19%
plant_0286.npy,plant,plant,43.254587054252625,plant: 43.25% | vase: 13.38% | flower_pot: 6.71% | person: 6.03% | bench: 5.12%
plant_0250.npy,plant,person,47.71483540534973,person: 47.71% | plant: 23.61% | flower_pot: 4.10% | vase: 3.82% | bookshelf: 3.67%
plant_0261.npy,plant,vase,83.32148790359497,vase: 83.32% | bottle: 9.45% | flower_pot: 5.29% | lamp: 0.83% | person: 0.47%
plant_0312.npy,plant,plant,91.68762564659119,plant: 91.69% | vase: 2.86% | stairs: 1.57% | flower_pot: 1.49% | stool: 0.98%
plant_0299.npy,plant,plant,97.51092195510864,plant: 97.51% | flower_pot: 2.05% | vase: 0.18% | tent: 0.12% | cup: 0.08%
plant_0323.npy,plant,plant,99.43485856056213,plant: 99.43% | cone: 0.36% | flower_pot: 0.14% | stairs: 0.04% | vase: 0.02%
plant_0266.npy,plant,plant,95.07315754890442,plant: 95.07% | flower_pot: 2.74% | stairs: 1.10% | cone: 0.62% | vase: 0.30%
plant_0328.npy,plant,plant,41.5753960609436,plant: 41.58% | person: 35.46% | bookshelf: 7.53% | stairs: 4.57% | flower_pot: 4.23%
plant_0313.npy,plant,plant,86.58782839775085,plant: 86.59% | flower_pot: 8.89% | stairs: 1.51% | vase: 1.49% | lamp: 0.65%
plant_0310.npy,plant,plant,81.11998438835144,plant: 81.12% | chair: 14.97% | flower_pot: 3.43% | stairs: 0.23% | vase: 0.21%
plant_0334.npy,plant,person,49.45970177650452,person: 49.46% | plant: 31.97% | flower_pot: 6.40% | vase: 3.86% | cone: 3.22%
plant_0306.npy,plant,plant,77.0556092262268,plant: 77.06% | vase: 20.51% | flower_pot: 2.05% | stairs: 0.24% | cup: 0.10%
plant_0244.npy,plant,plant,95.1592743396759,plant: 95.16% | flower_pot: 4.68% | vase: 0.13% | stairs: 0.03%
plant_0325.npy,plant,vase,37.275710701942444,vase: 37.28% | plant: 35.74% | flower_pot: 9.14% | cone: 6.62% | person: 4.11%
plant_0322.npy,plant,person,38.73127996921539,person: 38.73% | plant: 36.47% | stool: 7.26% | flower_pot: 4.17% | vase: 3.30%
plant_0285.npy,plant,flower_pot,69.98410224914551,flower_pot: 69.98% | vase: 17.79% | plant: 4.90% | bottle: 2.45% | stool: 1.97%
plant_0268.npy,plant,flower_pot,83.67670178413391,flower_pot: 83.68% | plant: 6.80% | vase: 4.79% | stairs: 3.92% | person: 0.28%
plant_0333.npy,plant,flower_pot,34.60909426212311,flower_pot: 34.61% | plant: 33.00% | person: 28.21% | vase: 2.99% | stairs: 0.74%
plant_0262.npy,plant,plant,92.38219261169434,plant: 92.38% | stairs: 5.02% | tent: 0.73% | flower_pot: 0.42% | car: 0.40%
plant_0258.npy,plant,flower_pot,70.66949605941772,flower_pot: 70.67% | stairs: 11.81% | plant: 8.76% | piano: 5.00% | tent: 3.09%
plant_0284.npy,plant,plant,87.30586171150208,plant: 87.31% | person: 8.61% | stairs: 1.89% | flower_pot: 0.81% | vase: 0.52%
plant_0269.npy,plant,plant,59.93077754974365,plant: 59.93% | stairs: 20.44% | flower_pot: 11.13% | vase: 5.03% | tent: 1.44%
plant_0249.npy,plant,plant,99.08406138420105,plant: 99.08% | flower_pot: 0.65% | person: 0.20% | stairs: 0.03% | vase: 0.02%
plant_0279.npy,plant,plant,95.80497741699219,plant: 95.80% | flower_pot: 2.91% | stairs: 0.94% | piano: 0.12% | chair: 0.09%
plant_0294.npy,plant,plant,53.38464379310608,plant: 53.38% | stairs: 25.01% | chair: 14.32% | tent: 3.36% | car: 1.48%
plant_0317.npy,plant,flower_pot,77.162104845047,flower_pot: 77.16% | vase: 20.23% | chair: 1.53% | plant: 0.67% | piano: 0.21%
plant_0327.npy,plant,lamp,35.92013418674469,lamp: 35.92% | vase: 20.26% | plant: 15.95% | person: 11.80% | flower_pot: 5.34%
plant_0275.npy,plant,plant,65.92421531677246,plant: 65.92% | person: 27.80% | flower_pot: 5.03% | vase: 0.72% | stool: 0.20%
plant_0274.npy,plant,person,50.80801844596863,person: 50.81% | plant: 48.00% | flower_pot: 0.87% | vase: 0.11% | cone: 0.09%
plant_0309.npy,plant,plant,98.17405939102173,plant: 98.17% | flower_pot: 0.64% | stairs: 0.45% | tent: 0.35% | chair: 0.30%
plant_0277.npy,plant,plant,59.908878803253174,plant: 59.91% | chair: 36.56% | stairs: 1.80% | flower_pot: 1.64% | piano: 0.05%
plant_0329.npy,plant,plant,68.69086623191833,plant: 68.69% | flower_pot: 25.24% | stairs: 2.09% | person: 1.97% | vase: 0.97%
plant_0281.npy,plant,plant,30.733469128608704,plant: 30.73% | person: 27.73% | lamp: 16.60% | vase: 13.81% | flower_pot: 6.35%
plant_0302.npy,plant,person,37.11452782154083,person: 37.11% | plant: 32.24% | lamp: 19.05% | vase: 3.58% | flower_pot: 3.53%
plant_0338.npy,plant,curtain,46.50101363658905,curtain: 46.50% | door: 16.34% | bottle: 4.93% | person: 3.83% | lamp: 2.60%
plant_0282.npy,plant,plant,94.14008259773254,plant: 94.14% | flower_pot: 3.75% | stairs: 1.17% | vase: 0.39% | cone: 0.18%
plant_0271.npy,plant,plant,93.43194961547852,plant: 93.43% | stairs: 4.37% | flower_pot: 1.99% | tent: 0.13% | chair: 0.04%
plant_0263.npy,plant,plant,91.16320013999939,plant: 91.16% | person: 5.02% | stairs: 2.13% | flower_pot: 1.17% | stool: 0.19%
plant_0307.npy,plant,plant,98.41543436050415,plant: 98.42% | flower_pot: 1.22% | stairs: 0.21% | vase: 0.05% | cone: 0.04%
plant_0267.npy,plant,person,49.22874569892883,person: 49.23% | plant: 20.30% | flower_pot: 13.18% | bottle: 12.11% | vase: 2.60%
plant_0339.npy,plant,car,22.811348736286163,car: 22.81% | tent: 17.48% | airplane: 16.81% | vase: 11.37% | plant: 11.19%
chair_0984.npy,chair,chair,87.59554028511047,chair: 87.60% | desk: 2.63% | table: 1.32% | bookshelf: 1.31% | tv_stand: 1.24%
chair_0989.npy,chair,chair,99.58083629608154,chair: 99.58% | sink: 0.13% | table: 0.06% | toilet: 0.06% | radio: 0.05%
chair_0974.npy,chair,chair,81.67624473571777,chair: 81.68% | sink: 14.40% | radio: 1.90% | vase: 0.68% | tv_stand: 0.33%
chair_0897.npy,chair,chair,99.90867376327515,chair: 99.91% | sink: 0.03% | radio: 0.03% | table: 0.01% | tv_stand: 0.01%
chair_0899.npy,chair,chair,99.98654127120972,chair: 99.99%
chair_0973.npy,chair,chair,84.28072333335876,chair: 84.28% | bookshelf: 1.97% | vase: 1.42% | flower_pot: 1.27% | stool: 1.12%
chair_0957.npy,chair,chair,99.9281108379364,chair: 99.93% | bench: 0.02% | piano: 0.01% | stool: 0.01% | flower_pot: 0.01%
chair_0898.npy,chair,stairs,91.7744517326355,stairs: 91.77% | chair: 6.18% | vase: 0.83% | bookshelf: 0.42% | flower_pot: 0.36%
chair_0956.npy,chair,chair,99.88734126091003,chair: 99.89% | sink: 0.04% | table: 0.02% | stool: 0.02% | flower_pot: 0.01%
chair_0916.npy,chair,chair,97.69144654273987,chair: 97.69% | toilet: 2.12% | flower_pot: 0.06% | stairs: 0.03% | vase: 0.03%
chair_0985.npy,chair,chair,97.30888605117798,chair: 97.31% | toilet: 1.46% | flower_pot: 0.80% | vase: 0.10% | stairs: 0.09%
chair_0987.npy,chair,chair,99.84667301177979,chair: 99.85% | tv_stand: 0.05% | sink: 0.04% | table: 0.02% | stool: 0.01%
chair_0941.npy,chair,chair,99.95935559272766,chair: 99.96% | sink: 0.02% | piano: 0.01% | table: 0.01%
chair_0964.npy,chair,chair,99.10105466842651,chair: 99.10% | cone: 0.23% | plant: 0.22% | flower_pot: 0.15% | vase: 0.07%
chair_0969.npy,chair,chair,99.91627931594849,chair: 99.92% | toilet: 0.03% | flower_pot: 0.03% | plant: 0.01% | stairs: 0.01%
chair_0901.npy,chair,chair,99.83159303665161,chair: 99.83% | toilet: 0.05% | sink: 0.02% | piano: 0.02% | table: 0.01%
chair_0943.npy,chair,chair,97.8727400302887,chair: 97.87% | toilet: 0.95% | vase: 0.24% | stairs: 0.22% | flower_pot: 0.20%
chair_0976.npy,chair,plant,24.905148148536682,plant: 24.91% | cone: 15.02% | stairs: 8.82% | flower_pot: 8.71% | chair: 8.12%
chair_0948.npy,chair,chair,99.94396567344666,chair: 99.94% | sink: 0.02% | dresser: 0.01% | night_stand: 0.01%
chair_0963.npy,chair,chair,99.51297044754028,chair: 99.51% | table: 0.29% | sink: 0.08% | radio: 0.04% | toilet: 0.02%
chair_0919.npy,chair,chair,99.99724626541138,chair: 100.00%
chair_0986.npy,chair,chair,99.99947547912598,chair: 100.00%
chair_0962.npy,chair,chair,89.28946852684021,chair: 89.29% | toilet: 3.32% | person: 1.93% | flower_pot: 1.13% | cone: 0.77%
chair_0980.npy,chair,chair,99.93014335632324,chair: 99.93% | night_stand: 0.05% | desk: 0.01%
chair_0949.npy,chair,chair,96.44954800605774,chair: 96.45% | table: 2.06% | sink: 0.56% | stool: 0.17% | bookshelf: 0.12%
chair_0937.npy,chair,chair,96.17169499397278,chair: 96.17% | flower_pot: 1.28% | plant: 1.21% | vase: 0.54% | stairs: 0.46%
chair_0929.npy,chair,chair,99.99909400939941,chair: 100.00%
chair_0938.npy,chair,chair,99.98632669448853,chair: 99.99% | vase: 0.01%
chair_0909.npy,chair,chair,43.45062971115112,chair: 43.45% | piano: 30.49% | flower_pot: 11.84% | desk: 3.45% | tv_stand: 2.43%
chair_0912.npy,chair,chair,99.81712102890015,chair: 99.82% | sink: 0.04% | table: 0.04% | toilet: 0.02% | flower_pot: 0.02%
chair_0953.npy,chair,chair,99.41515326499939,chair: 99.42% | piano: 0.21% | table: 0.09% | tv_stand: 0.09% | sink: 0.05%
chair_0936.npy,chair,chair,99.9596893787384,chair: 99.96% | vase: 0.02% | plant: 0.01% | flower_pot: 0.01% | stairs: 0.01%
chair_0977.npy,chair,chair,97.87786602973938,chair: 97.88% | toilet: 0.49% | dresser: 0.45% | sink: 0.38% | radio: 0.22%
chair_0930.npy,chair,chair,98.5200047492981,chair: 98.52% | flower_pot: 0.42% | plant: 0.25% | stairs: 0.17% | cone: 0.15%
chair_0945.npy,chair,chair,99.95848536491394,chair: 99.96% | night_stand: 0.02% | tv_stand: 0.01%
chair_0983.npy,chair,chair,99.67697858810425,chair: 99.68% | sink: 0.12% | table: 0.07% | radio: 0.05% | toilet: 0.03%
chair_0942.npy,chair,chair,99.5643138885498,chair: 99.56% | table: 0.24% | toilet: 0.05% | tent: 0.05% | stairs: 0.03%
chair_0915.npy,chair,piano,41.986942291259766,piano: 41.99% | bench: 34.53% | tv_stand: 10.26% | stairs: 5.33% | flower_pot: 3.07%
chair_0927.npy,chair,chair,99.22034740447998,chair: 99.22% | tv_stand: 0.16% | table: 0.15% | sink: 0.11% | night_stand: 0.11%
chair_0970.npy,chair,chair,97.02782034873962,chair: 97.03% | sink: 1.14% | table: 0.96% | radio: 0.16% | person: 0.14%
chair_0988.npy,chair,chair,99.17810559272766,chair: 99.18% | tv_stand: 0.22% | bookshelf: 0.17% | sink: 0.16% | vase: 0.08%
chair_0946.npy,chair,chair,99.6921181678772,chair: 99.69% | flower_pot: 0.19% | vase: 0.03% | stairs: 0.03% | table: 0.02%
chair_0914.npy,chair,chair,95.66582441329956,chair: 95.67% | sink: 1.59% | vase: 0.66% | toilet: 0.42% | radio: 0.23%
chair_0913.npy,chair,night_stand,51.93861126899719,night_stand: 51.94% | chair: 20.66% | piano: 9.99% | bed: 9.28% | bowl: 3.27%
chair_0967.npy,chair,chair,99.09148812294006,chair: 99.09% | toilet: 0.21% | sink: 0.14% | stairs: 0.08% | flower_pot: 0.05%
chair_0955.npy,chair,chair,92.41445660591125,chair: 92.41% | piano: 3.00% | stairs: 0.77% | vase: 0.71% | radio: 0.43%
chair_0978.npy,chair,chair,97.73017764091492,chair: 97.73% | table: 1.15% | tv_stand: 0.17% | flower_pot: 0.11% | sink: 0.10%
chair_0939.npy,chair,chair,99.41713213920593,chair: 99.42% | sink: 0.12% | table: 0.10% | bench: 0.07% | radio: 0.05%
chair_0932.npy,chair,chair,96.54672741889954,chair: 96.55% | cone: 1.23% | toilet: 0.85% | vase: 0.69% | flower_pot: 0.20%
chair_0959.npy,chair,chair,97.8179931640625,chair: 97.82% | sink: 1.79% | table: 0.09% | flower_pot: 0.09% | stool: 0.05%
chair_0981.npy,chair,chair,97.49348163604736,chair: 97.49% | table: 0.67% | toilet: 0.49% | radio: 0.25% | tv_stand: 0.19%
chair_0920.npy,chair,bookshelf,48.26276898384094,bookshelf: 48.26% | door: 8.59% | bottle: 7.76% | lamp: 7.13% | stool: 5.81%
chair_0911.npy,chair,chair,99.95936751365662,chair: 99.96% | sink: 0.01% | stool: 0.01% | cup: 0.01% | piano: 0.01%
chair_0896.npy,chair,chair,98.23022484779358,chair: 98.23% | table: 1.74% | piano: 0.02% | toilet: 0.01%
chair_0906.npy,chair,chair,93.01854968070984,chair: 93.02% | bowl: 3.86% | bed: 1.65% | toilet: 0.56% | table: 0.30%
chair_0944.npy,chair,chair,86.45071983337402,chair: 86.45% | sink: 12.05% | stool: 0.54% | vase: 0.18% | stairs: 0.11%
chair_0979.npy,chair,chair,99.99878406524658,chair: 100.00%
chair_0971.npy,chair,chair,99.92877840995789,chair: 99.93% | plant: 0.03% | flower_pot: 0.02% | vase: 0.01%
chair_0922.npy,chair,chair,99.92270469665527,chair: 99.92% | flower_pot: 0.04% | plant: 0.02%
chair_0907.npy,chair,chair,27.31044888496399,chair: 27.31% | stool: 26.67% | stairs: 17.81% | flower_pot: 12.36% | plant: 5.11%
chair_0925.npy,chair,chair,97.65952825546265,chair: 97.66% | table: 0.81% | sink: 0.33% | radio: 0.11% | person: 0.11%
chair_0947.npy,chair,chair,85.55742502212524,chair: 85.56% | piano: 4.16% | car: 2.79% | toilet: 2.26% | tent: 1.48%
chair_0950.npy,chair,chair,42.334070801734924,chair: 42.33% | desk: 13.06% | tv_stand: 7.24% | toilet: 7.02% | flower_pot: 6.63%
chair_0921.npy,chair,chair,99.92128610610962,chair: 99.92% | sink: 0.02% | flower_pot: 0.01% | table: 0.01% | cup: 0.01%
chair_0954.npy,chair,chair,99.94139671325684,chair: 99.94% | plant: 0.02% | flower_pot: 0.02% | vase: 0.01%
chair_0918.npy,chair,chair,99.97307658195496,chair: 99.97% | table: 0.01% | sink: 0.01%
chair_0951.npy,chair,chair,96.31151556968689,chair: 96.31% | toilet: 0.93% | table: 0.71% | bench: 0.45% | radio: 0.27%
chair_0924.npy,chair,chair,96.0960865020752,chair: 96.10% | plant: 1.36% | vase: 1.15% | toilet: 0.37% | flower_pot: 0.29%
chair_0905.npy,chair,chair,93.9172089099884,chair: 93.92% | bottle: 1.60% | toilet: 1.40% | flower_pot: 0.56% | sink: 0.49%
chair_0904.npy,chair,chair,99.99873638153076,chair: 100.00%
chair_0935.npy,chair,chair,99.9976396560669,chair: 100.00%
chair_0890.npy,chair,chair,99.739009141922,chair: 99.74% | vase: 0.06% | sink: 0.06% | plant: 0.03% | piano: 0.02%
chair_0900.npy,chair,chair,99.661785364151,chair: 99.66% | sink: 0.19% | stairs: 0.03% | table: 0.02% | flower_pot: 0.02%
chair_0910.npy,chair,chair,99.98714923858643,chair: 99.99% | sink: 0.01%
chair_0958.npy,chair,chair,99.7998058795929,chair: 99.80% | night_stand: 0.09% | table: 0.05% | desk: 0.03% | tv_stand: 0.02%
chair_0903.npy,chair,piano,88.78605961799622,piano: 88.79% | monitor: 10.32% | desk: 0.28% | chair: 0.24% | flower_pot: 0.16%
chair_0892.npy,chair,chair,94.08250451087952,chair: 94.08% | toilet: 2.31% | plant: 0.95% | flower_pot: 0.95% | vase: 0.78%
chair_0961.npy,chair,chair,99.47033524513245,chair: 99.47% | piano: 0.23% | table: 0.23% | toilet: 0.03% | stairs: 0.02%
chair_0965.npy,chair,chair,96.21918797492981,chair: 96.22% | plant: 0.83% | vase: 0.81% | cup: 0.78% | sink: 0.41%
chair_0975.npy,chair,chair,99.97867941856384,chair: 99.98% | flower_pot: 0.01% | vase: 0.01%
chair_0902.npy,chair,chair,99.81947541236877,chair: 99.82% | table: 0.07% | sink: 0.07% | tv_stand: 0.01% | night_stand: 0.01%
chair_0966.npy,chair,chair,98.67814183235168,chair: 98.68% | toilet: 0.44% | table: 0.23% | piano: 0.10% | radio: 0.09%
chair_0931.npy,chair,chair,98.5012412071228,chair: 98.50% | piano: 0.96% | stairs: 0.27% | desk: 0.09% | flower_pot: 0.06%
chair_0928.npy,chair,chair,98.02083373069763,chair: 98.02% | toilet: 0.90% | sink: 0.20% | plant: 0.11% | table: 0.11%
chair_0893.npy,chair,chair,94.56881880760193,chair: 94.57% | flower_pot: 1.39% | vase: 0.65% | tent: 0.56% | person: 0.53%
chair_0895.npy,chair,chair,99.99165534973145,chair: 99.99%
chair_0952.npy,chair,chair,99.95978474617004,chair: 99.96% | table: 0.02% | bookshelf: 0.01%
chair_0917.npy,chair,chair,99.173903465271,chair: 99.17% | sink: 0.39% | piano: 0.10% | table: 0.09% | stairs: 0.08%
chair_0934.npy,chair,chair,99.62814450263977,chair: 99.63% | piano: 0.18% | table: 0.07% | stairs: 0.06% | flower_pot: 0.05%
chair_0891.npy,chair,chair,88.49480152130127,chair: 88.49% | sink: 7.42% | stool: 1.70% | flower_pot: 0.78% | table: 0.39%
chair_0968.npy,chair,chair,99.04392957687378,chair: 99.04% | table: 0.36% | bookshelf: 0.08% | sink: 0.08% | piano: 0.08%
chair_0960.npy,chair,chair,99.9897837638855,chair: 99.99% | toilet: 0.01%
chair_0933.npy,chair,chair,99.79384541511536,chair: 99.79% | vase: 0.05% | cup: 0.03% | flower_pot: 0.03% | sink: 0.03%
chair_0940.npy,chair,chair,99.88170862197876,chair: 99.88% | table: 0.02% | night_stand: 0.02% | stool: 0.01% | tv_stand: 0.01%
chair_0908.npy,chair,chair,99.72435235977173,chair: 99.72% | night_stand: 0.14% | sink: 0.08% | table: 0.02% | tv_stand: 0.01%
chair_0972.npy,chair,chair,99.65684413909912,chair: 99.66% | sink: 0.07% | night_stand: 0.06% | table: 0.05% | tv_stand: 0.05%
chair_0923.npy,chair,chair,99.25084710121155,chair: 99.25% | sink: 0.36% | night_stand: 0.11% | bookshelf: 0.06% | table: 0.06%
chair_0926.npy,chair,chair,99.97939467430115,chair: 99.98% | night_stand: 0.01% | table: 0.01%
chair_0894.npy,chair,chair,99.87536668777466,chair: 99.88% | night_stand: 0.04% | sink: 0.03% | stool: 0.02% | table: 0.01%
chair_0982.npy,chair,chair,98.11856150627136,chair: 98.12% | piano: 1.23% | table: 0.29% | bench: 0.18% | tv_stand: 0.04%
bookshelf_0597.npy,bookshelf,bookshelf,86.96792125701904,bookshelf: 86.97% | curtain: 3.78% | sink: 3.56% | radio: 1.97% | mantel: 1.32%
bookshelf_0659.npy,bookshelf,bookshelf,89.53065872192383,bookshelf: 89.53% | door: 4.07% | vase: 0.85% | bottle: 0.80% | person: 0.74%
bookshelf_0629.npy,bookshelf,bookshelf,90.92655777931213,bookshelf: 90.93% | bottle: 1.56% | dresser: 1.04% | mantel: 0.81% | vase: 0.74%
bookshelf_0658.npy,bookshelf,bookshelf,97.55768775939941,bookshelf: 97.56% | tv_stand: 1.57% | radio: 0.24% | wardrobe: 0.17% | piano: 0.14%
bookshelf_0593.npy,bookshelf,bookshelf,96.8865692615509,bookshelf: 96.89% | night_stand: 0.50% | door: 0.50% | desk: 0.49% | tv_stand: 0.25%
bookshelf_0652.npy,bookshelf,bookshelf,91.95658564567566,bookshelf: 91.96% | curtain: 2.29% | door: 1.86% | night_stand: 1.20% | wardrobe: 0.58%
bookshelf_0624.npy,bookshelf,bookshelf,86.79149746894836,bookshelf: 86.79% | radio: 4.93% | sink: 3.43% | mantel: 1.51% | curtain: 0.47%
bookshelf_0598.npy,bookshelf,bookshelf,96.8701720237732,bookshelf: 96.87% | desk: 1.02% | night_stand: 0.54% | door: 0.32% | tv_stand: 0.16%
bookshelf_0631.npy,bookshelf,curtain,21.99336886405945,curtain: 21.99% | bookshelf: 21.62% | wardrobe: 13.51% | vase: 8.77% | door: 7.59%
bookshelf_0607.npy,bookshelf,bookshelf,69.19648051261902,bookshelf: 69.20% | wardrobe: 20.20% | xbox: 2.60% | radio: 2.27% | dresser: 2.17%
bookshelf_0661.npy,bookshelf,bookshelf,99.67541098594666,bookshelf: 99.68% | night_stand: 0.11% | desk: 0.10% | radio: 0.03% | tv_stand: 0.02%
bookshelf_0671.npy,bookshelf,bookshelf,66.96509122848511,bookshelf: 66.97% | wardrobe: 7.22% | dresser: 6.73% | mantel: 3.98% | tv_stand: 3.27%
bookshelf_0647.npy,bookshelf,bookshelf,96.89615368843079,bookshelf: 96.90% | desk: 1.61% | wardrobe: 0.66% | tv_stand: 0.19% | radio: 0.18%
bookshelf_0655.npy,bookshelf,bookshelf,99.09955859184265,bookshelf: 99.10% | door: 0.30% | night_stand: 0.11% | vase: 0.07% | desk: 0.05%
bookshelf_0635.npy,bookshelf,bookshelf,94.83630657196045,bookshelf: 94.84% | door: 1.37% | night_stand: 1.00% | desk: 0.87% | vase: 0.38%
bookshelf_0649.npy,bookshelf,bookshelf,99.8027503490448,bookshelf: 99.80% | bottle: 0.09% | wardrobe: 0.02% | door: 0.01% | tv_stand: 0.01%
bookshelf_0650.npy,bookshelf,bookshelf,90.20652770996094,bookshelf: 90.21% | door: 3.55% | desk: 1.97% | night_stand: 1.92% | curtain: 1.14%
bookshelf_0585.npy,bookshelf,tv_stand,43.51694881916046,tv_stand: 43.52% | bookshelf: 39.35% | bench: 14.73% | radio: 0.97% | desk: 0.55%
bookshelf_0581.npy,bookshelf,bookshelf,99.85600113868713,bookshelf: 99.86% | radio: 0.05% | piano: 0.03% | stairs: 0.02% | flower_pot: 0.01%
bookshelf_0608.npy,bookshelf,bookshelf,96.0689127445221,bookshelf: 96.07% | door: 2.19% | vase: 0.22% | bottle: 0.18% | night_stand: 0.17%
bookshelf_0628.npy,bookshelf,bookshelf,99.69075322151184,bookshelf: 99.69% | wardrobe: 0.17% | desk: 0.03% | tv_stand: 0.01% | night_stand: 0.01%
bookshelf_0621.npy,bookshelf,bookshelf,99.83166456222534,bookshelf: 99.83% | tv_stand: 0.03% | night_stand: 0.02% | door: 0.02% | desk: 0.02%
bookshelf_0667.npy,bookshelf,bookshelf,90.71686267852783,bookshelf: 90.72% | tv_stand: 5.45% | xbox: 1.47% | wardrobe: 1.17% | radio: 0.32%
bookshelf_0634.npy,bookshelf,bookshelf,99.46348667144775,bookshelf: 99.46% | radio: 0.24% | tv_stand: 0.13% | wardrobe: 0.08% | xbox: 0.03%
bookshelf_0654.npy,bookshelf,bookshelf,99.4767427444458,bookshelf: 99.48% | wardrobe: 0.20% | radio: 0.15% | piano: 0.05% | desk: 0.03%
bookshelf_0589.npy,bookshelf,tv_stand,46.85816764831543,tv_stand: 46.86% | sink: 17.28% | dresser: 10.08% | night_stand: 9.20% | bookshelf: 5.41%
bookshelf_0637.npy,bookshelf,bookshelf,95.56691646575928,bookshelf: 95.57% | xbox: 1.48% | piano: 1.08% | wardrobe: 0.72% | radio: 0.41%
bookshelf_0630.npy,bookshelf,bookshelf,94.19825673103333,bookshelf: 94.20% | wardrobe: 4.70% | radio: 0.58% | xbox: 0.33% | tv_stand: 0.07%
bookshelf_0618.npy,bookshelf,bookshelf,99.50957894325256,bookshelf: 99.51% | tv_stand: 0.17% | sink: 0.15% | piano: 0.05% | night_stand: 0.04%
bookshelf_0596.npy,bookshelf,bookshelf,94.40549612045288,bookshelf: 94.41% | person: 0.70% | bottle: 0.58% | vase: 0.45% | table: 0.44%
bookshelf_0575.npy,bookshelf,bookshelf,96.93491458892822,bookshelf: 96.93% | wardrobe: 2.36% | radio: 0.42% | xbox: 0.08% | piano: 0.06%
bookshelf_0579.npy,bookshelf,bookshelf,97.4886417388916,bookshelf: 97.49% | tv_stand: 0.88% | sink: 0.42% | radio: 0.31% | glass_box: 0.24%
bookshelf_0617.npy,bookshelf,bookshelf,99.5232880115509,bookshelf: 99.52% | night_stand: 0.12% | door: 0.10% | desk: 0.09% | sink: 0.07%
bookshelf_0641.npy,bookshelf,bookshelf,57.38334655761719,bookshelf: 57.38% | radio: 11.69% | sink: 8.20% | curtain: 6.68% | sofa: 2.55%
bookshelf_0601.npy,bookshelf,bookshelf,94.88677978515625,bookshelf: 94.89% | door: 2.29% | vase: 0.49% | bottle: 0.46% | curtain: 0.33%
bookshelf_0633.npy,bookshelf,bookshelf,96.25108242034912,bookshelf: 96.25% | radio: 3.15% | wardrobe: 0.41% | xbox: 0.06% | tv_stand: 0.05%
bookshelf_0662.npy,bookshelf,bookshelf,99.36322569847107,bookshelf: 99.36% | desk: 0.28% | night_stand: 0.16% | vase: 0.04% | tv_stand: 0.04%
bookshelf_0604.npy,bookshelf,bookshelf,99.91160035133362,bookshelf: 99.91% | night_stand: 0.03% | desk: 0.02% | tv_stand: 0.01% | vase: 0.01%
bookshelf_0625.npy,bookshelf,bookshelf,99.62349534034729,bookshelf: 99.62% | door: 0.12% | night_stand: 0.06% | tv_stand: 0.03% | desk: 0.02%
bookshelf_0609.npy,bookshelf,bookshelf,88.39893341064453,bookshelf: 88.40% | tv_stand: 8.90% | wardrobe: 2.41% | radio: 0.11% | xbox: 0.07%
bookshelf_0583.npy,bookshelf,bookshelf,99.5256245136261,bookshelf: 99.53% | tv_stand: 0.26% | radio: 0.06% | mantel: 0.05% | wardrobe: 0.03%
bookshelf_0623.npy,bookshelf,bookshelf,76.10294222831726,bookshelf: 76.10% | door: 8.41% | vase: 4.03% | curtain: 3.12% | night_stand: 3.11%
bookshelf_0591.npy,bookshelf,bookshelf,99.49126243591309,bookshelf: 99.49% | wardrobe: 0.11% | curtain: 0.07% | stool: 0.06% | radio: 0.06%
bookshelf_0578.npy,bookshelf,lamp,18.57793778181076,lamp: 18.58% | curtain: 16.77% | bookshelf: 12.68% | bottle: 7.38% | person: 6.76%
bookshelf_0639.npy,bookshelf,bookshelf,99.58944320678711,bookshelf: 99.59% | tv_stand: 0.10% | mantel: 0.09% | sink: 0.05% | night_stand: 0.04%
bookshelf_0573.npy,bookshelf,bookshelf,94.04565095901489,bookshelf: 94.05% | door: 1.95% | vase: 0.76% | person: 0.72% | curtain: 0.51%
bookshelf_0657.npy,bookshelf,bookshelf,97.91520237922668,bookshelf: 97.92% | table: 0.31% | desk: 0.30% | radio: 0.18% | stool: 0.17%
bookshelf_0588.npy,bookshelf,bookshelf,88.43796253204346,bookshelf: 88.44% | mantel: 10.99% | night_stand: 0.19% | wardrobe: 0.10% | radio: 0.06%
bookshelf_0584.npy,bookshelf,curtain,34.49335694313049,curtain: 34.49% | door: 24.08% | bookshelf: 17.43% | vase: 3.27% | person: 3.20%
bookshelf_0627.npy,bookshelf,bookshelf,99.23160076141357,bookshelf: 99.23% | radio: 0.23% | table: 0.14% | night_stand: 0.09% | desk: 0.07%
bookshelf_0586.npy,bookshelf,bookshelf,99.86534118652344,bookshelf: 99.87% | night_stand: 0.09% | radio: 0.01% | tv_stand: 0.01% | sink: 0.01%
bookshelf_0592.npy,bookshelf,door,76.89772248268127,door: 76.90% | curtain: 17.42% | bookshelf: 1.32% | night_stand: 0.72% | desk: 0.59%
bookshelf_0666.npy,bookshelf,bench,88.50405216217041,bench: 88.50% | piano: 3.01% | mantel: 1.62% | tv_stand: 1.22% | range_hood: 1.19%
bookshelf_0615.npy,bookshelf,bookshelf,97.68194556236267,bookshelf: 97.68% | wardrobe: 0.66% | tv_stand: 0.58% | piano: 0.40% | radio: 0.35%
bookshelf_0614.npy,bookshelf,bookshelf,98.09273481369019,bookshelf: 98.09% | tv_stand: 0.58% | radio: 0.42% | mantel: 0.30% | stairs: 0.13%
bookshelf_0632.npy,bookshelf,bookshelf,84.01922583580017,bookshelf: 84.02% | sink: 7.07% | radio: 2.53% | tv_stand: 1.40% | bed: 1.14%
bookshelf_0648.npy,bookshelf,bookshelf,99.80643391609192,bookshelf: 99.81% | mantel: 0.16% | radio: 0.01% | tv_stand: 0.01% | sink: 0.01%
bookshelf_0660.npy,bookshelf,bookshelf,99.48018789291382,bookshelf: 99.48% | wardrobe: 0.27% | radio: 0.08% | desk: 0.04% | xbox: 0.03%
bookshelf_0668.npy,bookshelf,bookshelf,30.480095744132996,bookshelf: 30.48% | bottle: 22.15% | lamp: 21.47% | mantel: 4.16% | vase: 4.12%
bookshelf_0651.npy,bookshelf,bookshelf,99.60989952087402,bookshelf: 99.61% | radio: 0.13% | night_stand: 0.09% | piano: 0.03% | wardrobe: 0.03%
bookshelf_0653.npy,bookshelf,bookshelf,89.37858939170837,bookshelf: 89.38% | piano: 7.75% | tv_stand: 1.41% | wardrobe: 0.55% | radio: 0.48%
bookshelf_0612.npy,bookshelf,bookshelf,86.04198098182678,bookshelf: 86.04% | piano: 9.01% | range_hood: 3.32% | xbox: 0.48% | radio: 0.39%
bookshelf_0663.npy,bookshelf,bookshelf,97.57653474807739,bookshelf: 97.58% | mantel: 1.52% | piano: 0.46% | xbox: 0.19% | radio: 0.13%
bookshelf_0610.npy,bookshelf,bookshelf,95.68677544593811,bookshelf: 95.69% | mantel: 3.92% | radio: 0.17% | wardrobe: 0.06% | stairs: 0.04%
bookshelf_0580.npy,bookshelf,bookshelf,59.22197699546814,bookshelf: 59.22% | piano: 10.26% | tv_stand: 9.45% | sink: 7.25% | wardrobe: 6.21%
bookshelf_0619.npy,bookshelf,bookshelf,60.82841753959656,bookshelf: 60.83% | wardrobe: 35.61% | tv_stand: 0.71% | stool: 0.68% | xbox: 0.38%
bookshelf_0595.npy,bookshelf,bookshelf,56.35209679603577,bookshelf: 56.35% | bottle: 30.59% | vase: 5.09% | stool: 2.14% | flower_pot: 2.09%
bookshelf_0638.npy,bookshelf,bookshelf,99.85443353652954,bookshelf: 99.85% | door: 0.03% | night_stand: 0.02% | bottle: 0.01% | vase: 0.01%
bookshelf_0620.npy,bookshelf,bookshelf,60.112464427948,bookshelf: 60.11% | radio: 30.30% | piano: 2.42% | sink: 1.86% | stairs: 1.72%
bookshelf_0576.npy,bookshelf,bookshelf,84.99703407287598,bookshelf: 85.00% | tv_stand: 14.47% | radio: 0.22% | mantel: 0.09% | sink: 0.08%
bookshelf_0602.npy,bookshelf,bookshelf,92.77532696723938,bookshelf: 92.78% | wardrobe: 4.71% | radio: 0.84% | curtain: 0.75% | sink: 0.15%
bookshelf_0642.npy,bookshelf,bookshelf,93.09701323509216,bookshelf: 93.10% | desk: 2.50% | night_stand: 0.71% | tv_stand: 0.46% | vase: 0.43%
bookshelf_0664.npy,bookshelf,bookshelf,99.77754950523376,bookshelf: 99.78% | tv_stand: 0.09% | xbox: 0.05% | mantel: 0.04% | wardrobe: 0.03%
bookshelf_0582.npy,bookshelf,bookshelf,88.24915289878845,bookshelf: 88.25% | vase: 2.12% | bottle: 1.83% | person: 0.96% | night_stand: 0.85%
bookshelf_0644.npy,bookshelf,bookshelf,99.61025714874268,bookshelf: 99.61% | night_stand: 0.08% | radio: 0.06% | sink: 0.06% | tv_stand: 0.05%
bookshelf_0594.npy,bookshelf,bookshelf,99.31350946426392,bookshelf: 99.31% | night_stand: 0.26% | radio: 0.11% | wardrobe: 0.08% | sink: 0.05%
bookshelf_0590.npy,bookshelf,bookshelf,96.78584337234497,bookshelf: 96.79% | door: 1.12% | bottle: 0.39% | night_stand: 0.27% | tv_stand: 0.18%
bookshelf_0645.npy,bookshelf,bookshelf,86.33769750595093,bookshelf: 86.34% | mantel: 5.35% | xbox: 3.62% | piano: 1.54% | wardrobe: 1.14%
bookshelf_0665.npy,bookshelf,stairs,53.54602932929993,stairs: 53.55% | piano: 20.19% | bookshelf: 14.20% | range_hood: 3.94% | radio: 2.71%
bookshelf_0613.npy,bookshelf,bookshelf,99.2886483669281,bookshelf: 99.29% | desk: 0.19% | radio: 0.15% | night_stand: 0.10% | sink: 0.05%
bookshelf_0606.npy,bookshelf,bookshelf,99.69891905784607,bookshelf: 99.70% | night_stand: 0.15% | desk: 0.07% | radio: 0.02% | table: 0.01%
bookshelf_0577.npy,bookshelf,bookshelf,85.92112064361572,bookshelf: 85.92% | curtain: 3.00% | night_stand: 2.72% | door: 2.55% | vase: 1.43%
bookshelf_0600.npy,bookshelf,bookshelf,99.68430995941162,bookshelf: 99.68% | desk: 0.08% | tv_stand: 0.07% | radio: 0.03% | table: 0.03%
bookshelf_0626.npy,bookshelf,bookshelf,97.18475341796875,bookshelf: 97.18% | mantel: 2.06% | night_stand: 0.30% | radio: 0.14% | sink: 0.10%
bookshelf_0669.npy,bookshelf,bookshelf,97.68509864807129,bookshelf: 97.69% | wardrobe: 1.17% | lamp: 0.20% | stairs: 0.20% | radio: 0.19%
bookshelf_0622.npy,bookshelf,bookshelf,98.3079195022583,bookshelf: 98.31% | table: 0.42% | night_stand: 0.28% | radio: 0.27% | tv_stand: 0.19%
bookshelf_0636.npy,bookshelf,bookshelf,64.67350721359253,bookshelf: 64.67% | chair: 10.52% | table: 6.11% | night_stand: 5.39% | tv_stand: 5.35%
bookshelf_0640.npy,bookshelf,bookshelf,75.16189813613892,bookshelf: 75.16% | tv_stand: 23.37% | glass_box: 0.98% | sink: 0.13% | piano: 0.13%
bookshelf_0670.npy,bookshelf,bookshelf,73.62467050552368,bookshelf: 73.62% | tv_stand: 26.29% | mantel: 0.03% | radio: 0.02% | night_stand: 0.01%
bookshelf_0656.npy,bookshelf,bookshelf,84.48781967163086,bookshelf: 84.49% | bottle: 2.61% | flower_pot: 1.81% | dresser: 1.22% | stool: 1.17%
bookshelf_0611.npy,bookshelf,bookshelf,99.30071830749512,bookshelf: 99.30% | tv_stand: 0.30% | wardrobe: 0.11% | night_stand: 0.10% | dresser: 0.10%
bookshelf_0574.npy,bookshelf,bookshelf,96.90458178520203,bookshelf: 96.90% | desk: 1.10% | tv_stand: 0.36% | wardrobe: 0.34% | sink: 0.26%
bookshelf_0672.npy,bookshelf,curtain,79.38808798789978,curtain: 79.39% | door: 12.87% | bookshelf: 1.78% | glass_box: 1.43% | sink: 0.86%
bookshelf_0599.npy,bookshelf,bookshelf,97.86383509635925,bookshelf: 97.86% | desk: 0.46% | radio: 0.33% | tv_stand: 0.27% | bottle: 0.18%
bookshelf_0587.npy,bookshelf,bookshelf,97.72968292236328,bookshelf: 97.73% | radio: 0.99% | night_stand: 0.41% | xbox: 0.17% | tv_stand: 0.14%
bookshelf_0643.npy,bookshelf,bookshelf,99.12689924240112,bookshelf: 99.13% | door: 0.21% | night_stand: 0.14% | tv_stand: 0.13% | bottle: 0.06%
bookshelf_0616.npy,bookshelf,bookshelf,78.09117436408997,bookshelf: 78.09% | mantel: 13.79% | curtain: 2.73% | radio: 2.02% | wardrobe: 0.84%
bookshelf_0646.npy,bookshelf,piano,37.51044273376465,piano: 37.51% | bookshelf: 36.64% | stairs: 10.93% | range_hood: 5.31% | stool: 1.92%
bookshelf_0603.npy,bookshelf,bookshelf,97.91983366012573,bookshelf: 97.92% | tv_stand: 0.72% | bottle: 0.46% | desk: 0.25% | wardrobe: 0.12%
bookshelf_0605.npy,bookshelf,bookshelf,89.02114629745483,bookshelf: 89.02% | vase: 1.83% | flower_pot: 1.45% | bottle: 1.20% | person: 1.10%
wardrobe_0099.npy,wardrobe,wardrobe,30.715331435203552,wardrobe: 30.72% | xbox: 26.11% | dresser: 25.05% | monitor: 3.29% | bottle: 2.87%
wardrobe_0089.npy,wardrobe,glass_box,31.4246267080307,glass_box: 31.42% | sink: 20.62% | dresser: 15.51% | night_stand: 7.94% | radio: 7.61%
wardrobe_0088.npy,wardrobe,wardrobe,54.27272319793701,wardrobe: 54.27% | curtain: 11.96% | xbox: 7.34% | desk: 4.43% | bookshelf: 2.56%
wardrobe_0100.npy,wardrobe,wardrobe,73.39010834693909,wardrobe: 73.39% | range_hood: 6.33% | bookshelf: 4.72% | mantel: 4.36% | xbox: 3.95%
wardrobe_0105.npy,wardrobe,xbox,90.61245322227478,xbox: 90.61% | monitor: 5.07% | wardrobe: 3.28% | piano: 0.29% | mantel: 0.26%
wardrobe_0106.npy,wardrobe,wardrobe,89.71269726753235,wardrobe: 89.71% | radio: 2.16% | xbox: 2.08% | dresser: 1.66% | bookshelf: 1.36%
wardrobe_0092.npy,wardrobe,bookshelf,82.02847242355347,bookshelf: 82.03% | tv_stand: 6.08% | mantel: 4.81% | wardrobe: 3.49% | radio: 2.37%
wardrobe_0091.npy,wardrobe,range_hood,24.359412491321564,range_hood: 24.36% | stairs: 15.97% | xbox: 15.56% | flower_pot: 12.82% | stool: 11.79%
wardrobe_0104.npy,wardrobe,wardrobe,82.33831524848938,wardrobe: 82.34% | curtain: 4.04% | tv_stand: 2.93% | bottle: 2.17% | door: 1.61%
wardrobe_0101.npy,wardrobe,dresser,23.66708815097809,dresser: 23.67% | radio: 10.42% | sink: 10.00% | tv_stand: 8.38% | chair: 7.52%
wardrobe_0094.npy,wardrobe,night_stand,24.794238805770874,night_stand: 24.79% | dresser: 14.88% | range_hood: 14.69% | wardrobe: 10.11% | glass_box: 9.52%
wardrobe_0090.npy,wardrobe,wardrobe,81.57462477684021,wardrobe: 81.57% | curtain: 5.78% | door: 2.42% | tv_stand: 1.93% | bottle: 1.28%
wardrobe_0095.npy,wardrobe,bookshelf,73.68936538696289,bookshelf: 73.69% | wardrobe: 21.95% | xbox: 2.93% | radio: 1.08% | piano: 0.16%
wardrobe_0098.npy,wardrobe,xbox,42.58418679237366,xbox: 42.58% | wardrobe: 14.36% | monitor: 7.75% | dresser: 7.47% | radio: 5.88%
wardrobe_0103.npy,wardrobe,sink,39.38088417053223,sink: 39.38% | wardrobe: 26.67% | radio: 5.12% | dresser: 4.96% | night_stand: 3.84%
wardrobe_0096.npy,wardrobe,wardrobe,74.43500757217407,wardrobe: 74.44% | curtain: 12.83% | door: 2.28% | bookshelf: 2.22% | bottle: 1.87%
wardrobe_0097.npy,wardrobe,wardrobe,93.12703013420105,wardrobe: 93.13% | range_hood: 1.67% | bookshelf: 1.62% | vase: 0.96% | flower_pot: 0.95%
wardrobe_0107.npy,wardrobe,wardrobe,89.51437473297119,wardrobe: 89.51% | bookshelf: 5.06% | bottle: 1.51% | xbox: 1.14% | stool: 0.66%
wardrobe_0093.npy,wardrobe,wardrobe,88.59716057777405,wardrobe: 88.60% | xbox: 4.55% | tv_stand: 1.84% | bookshelf: 1.51% | radio: 1.02%
wardrobe_0102.npy,wardrobe,wardrobe,51.78806781768799,wardrobe: 51.79% | curtain: 11.91% | bookshelf: 10.13% | desk: 7.55% | vase: 2.04%
bottle_0349.npy,bottle,bottle,93.04761290550232,bottle: 93.05% | vase: 2.90% | flower_pot: 0.68% | cone: 0.58% | lamp: 0.50%
bottle_0412.npy,bottle,bottle,97.45786786079407,bottle: 97.46% | vase: 1.14% | flower_pot: 0.38% | person: 0.17% | stool: 0.10%
bottle_0401.npy,bottle,bottle,92.62112975120544,bottle: 92.62% | vase: 3.00% | flower_pot: 1.89% | cone: 0.52% | plant: 0.40%
bottle_0408.npy,bottle,bottle,66.94859862327576,bottle: 66.95% | lamp: 6.68% | stool: 5.34% | dresser: 5.00% | vase: 3.35%
bottle_0405.npy,bottle,bottle,68.4633731842041,bottle: 68.46% | vase: 7.99% | flower_pot: 5.65% | person: 5.36% | bookshelf: 2.73%
bottle_0426.npy,bottle,bottle,74.05856847763062,bottle: 74.06% | vase: 11.65% | bookshelf: 2.23% | flower_pot: 2.17% | lamp: 1.26%
bottle_0343.npy,bottle,bottle,75.23077726364136,bottle: 75.23% | vase: 9.74% | flower_pot: 5.19% | plant: 2.14% | person: 2.03%
bottle_0434.npy,bottle,vase,81.4820647239685,vase: 81.48% | bottle: 8.82% | cone: 3.79% | flower_pot: 2.14% | person: 1.61%
bottle_0383.npy,bottle,bottle,96.78974151611328,bottle: 96.79% | wardrobe: 0.40% | dresser: 0.31% | flower_pot: 0.28% | bookshelf: 0.28%
bottle_0414.npy,bottle,bottle,53.85224223136902,bottle: 53.85% | flower_pot: 14.47% | vase: 13.14% | sink: 2.57% | radio: 2.39%
bottle_0398.npy,bottle,vase,47.02021777629852,vase: 47.02% | bottle: 46.55% | flower_pot: 2.53% | person: 0.85% | stool: 0.72%
bottle_0363.npy,bottle,bookshelf,65.6266450881958,bookshelf: 65.63% | bottle: 18.28% | person: 4.15% | lamp: 3.04% | vase: 2.42%
bottle_0356.npy,bottle,bottle,90.68249464035034,bottle: 90.68% | vase: 5.17% | flower_pot: 0.95% | lamp: 0.68% | person: 0.49%
bottle_0336.npy,bottle,bottle,98.09796214103699,bottle: 98.10% | vase: 0.70% | flower_pot: 0.36% | curtain: 0.21% | door: 0.08%
bottle_0430.npy,bottle,bottle,88.25129866600037,bottle: 88.25% | vase: 7.12% | flower_pot: 2.10% | plant: 0.42% | dresser: 0.27%
bottle_0358.npy,bottle,bottle,89.74828720092773,bottle: 89.75% | vase: 6.31% | wardrobe: 0.62% | flower_pot: 0.55% | monitor: 0.44%
bottle_0368.npy,bottle,bottle,92.54227876663208,bottle: 92.54% | vase: 3.48% | flower_pot: 1.23% | plant: 0.23% | radio: 0.23%
bottle_0350.npy,bottle,bottle,88.35633397102356,bottle: 88.36% | vase: 4.12% | flower_pot: 2.72% | person: 0.87% | stairs: 0.60%
bottle_0410.npy,bottle,bottle,75.45368671417236,bottle: 75.45% | lamp: 8.75% | bookshelf: 4.75% | vase: 3.50% | flower_pot: 1.73%
bottle_0342.npy,bottle,bottle,90.86721539497375,bottle: 90.87% | vase: 3.65% | flower_pot: 1.67% | stool: 0.52% | person: 0.46%
bottle_0411.npy,bottle,bottle,59.08912420272827,bottle: 59.09% | vase: 19.65% | flower_pot: 8.50% | plant: 5.22% | stairs: 1.70%
bottle_0421.npy,bottle,bottle,93.04261803627014,bottle: 93.04% | vase: 5.89% | flower_pot: 0.53% | lamp: 0.13% | person: 0.06%
bottle_0397.npy,bottle,bottle,98.1417715549469,bottle: 98.14% | vase: 0.92% | flower_pot: 0.23% | stool: 0.10% | lamp: 0.09%
bottle_0433.npy,bottle,bottle,85.44036746025085,bottle: 85.44% | vase: 8.48% | lamp: 2.51% | curtain: 1.18% | flower_pot: 0.42%
bottle_0389.npy,bottle,bottle,95.70872783660889,bottle: 95.71% | vase: 1.54% | flower_pot: 0.82% | person: 0.39% | stool: 0.27%
bottle_0369.npy,bottle,bottle,61.31291389465332,bottle: 61.31% | vase: 20.99% | door: 3.30% | curtain: 2.74% | flower_pot: 2.41%
bottle_0362.npy,bottle,bottle,76.81191563606262,bottle: 76.81% | vase: 7.80% | person: 3.98% | flower_pot: 3.87% | plant: 2.03%
bottle_0425.npy,bottle,bottle,43.8465416431427,bottle: 43.85% | vase: 41.42% | stool: 4.03% | flower_pot: 3.57% | dresser: 2.23%
bottle_0345.npy,bottle,bottle,66.9107735157013,bottle: 66.91% | vase: 12.42% | person: 6.27% | flower_pot: 4.23% | plant: 3.21%
bottle_0337.npy,bottle,bottle,71.0223376750946,bottle: 71.02% | vase: 7.40% | lamp: 4.61% | person: 3.39% | flower_pot: 2.42%
bottle_0387.npy,bottle,bottle,65.21368622779846,bottle: 65.21% | vase: 11.76% | sink: 5.87% | lamp: 5.38% | cup: 3.69%
bottle_0391.npy,bottle,bottle,88.88735175132751,bottle: 88.89% | vase: 8.72% | flower_pot: 1.46% | person: 0.16% | sink: 0.15%
bottle_0339.npy,bottle,bottle,88.10011744499207,bottle: 88.10% | vase: 8.75% | flower_pot: 2.12% | cone: 0.32% | person: 0.16%
bottle_0409.npy,bottle,bottle,81.10179305076599,bottle: 81.10% | vase: 10.48% | stool: 2.39% | flower_pot: 1.44% | person: 1.09%
bottle_0379.npy,bottle,bottle,92.26705431938171,bottle: 92.27% | vase: 4.17% | flower_pot: 0.99% | stool: 0.82% | person: 0.37%
bottle_0394.npy,bottle,bottle,79.45215106010437,bottle: 79.45% | vase: 12.27% | flower_pot: 2.47% | person: 0.78% | door: 0.70%
bottle_0392.npy,bottle,bottle,67.43232011795044,bottle: 67.43% | vase: 11.34% | lamp: 4.54% | person: 3.56% | plant: 3.23%
bottle_0340.npy,bottle,bottle,42.18848943710327,bottle: 42.19% | vase: 24.28% | person: 12.07% | flower_pot: 9.37% | plant: 3.58%
bottle_0359.npy,bottle,bottle,67.70142912864685,bottle: 67.70% | vase: 10.66% | person: 6.71% | flower_pot: 4.55% | lamp: 3.58%
bottle_0382.npy,bottle,bottle,75.91224908828735,bottle: 75.91% | vase: 17.49% | flower_pot: 3.50% | sink: 0.76% | cup: 0.73%
bottle_0402.npy,bottle,bottle,93.76628994941711,bottle: 93.77% | vase: 2.25% | flower_pot: 1.31% | person: 1.14% | plant: 0.40%
bottle_0352.npy,bottle,bottle,97.46425151824951,bottle: 97.46% | vase: 0.83% | flower_pot: 0.60% | person: 0.30% | stairs: 0.14%
bottle_0386.npy,bottle,bottle,44.11679804325104,bottle: 44.12% | vase: 38.21% | flower_pot: 7.48% | wardrobe: 1.83% | lamp: 1.40%
bottle_0431.npy,bottle,bottle,97.50805497169495,bottle: 97.51% | sink: 0.63% | vase: 0.55% | bookshelf: 0.30% | flower_pot: 0.25%
bottle_0347.npy,bottle,bottle,91.97889566421509,bottle: 91.98% | person: 1.67% | vase: 1.65% | flower_pot: 1.38% | plant: 0.54%
bottle_0390.npy,bottle,bottle,53.16275954246521,bottle: 53.16% | vase: 21.64% | sink: 8.74% | cup: 7.62% | lamp: 2.02%
bottle_0385.npy,bottle,bottle,86.94049715995789,bottle: 86.94% | vase: 6.31% | flower_pot: 3.43% | person: 0.72% | plant: 0.55%
bottle_0376.npy,bottle,person,50.01935958862305,person: 50.02% | vase: 20.58% | bottle: 10.19% | bookshelf: 5.37% | flower_pot: 5.16%
bottle_0375.npy,bottle,bottle,40.97079038619995,bottle: 40.97% | vase: 29.12% | door: 5.98% | flower_pot: 4.46% | stool: 3.37%
bottle_0378.npy,bottle,bottle,90.77084064483643,bottle: 90.77% | vase: 5.51% | flower_pot: 1.87% | cone: 0.28% | cup: 0.21%
bottle_0348.npy,bottle,bottle,84.41905379295349,bottle: 84.42% | vase: 4.37% | flower_pot: 2.52% | plant: 1.87% | cone: 1.63%
bottle_0407.npy,bottle,bottle,42.300477623939514,bottle: 42.30% | vase: 13.50% | lamp: 9.83% | person: 5.19% | plant: 4.14%
bottle_0413.npy,bottle,bottle,94.34390068054199,bottle: 94.34% | vase: 1.78% | flower_pot: 0.78% | person: 0.58% | cone: 0.42%
bottle_0351.npy,bottle,bottle,26.16751194000244,bottle: 26.17% | person: 17.01% | lamp: 14.84% | vase: 9.42% | flower_pot: 5.94%
bottle_0399.npy,bottle,bottle,87.3479425907135,bottle: 87.35% | vase: 3.67% | flower_pot: 2.06% | cone: 1.75% | plant: 0.95%
bottle_0373.npy,bottle,bottle,88.74813914299011,bottle: 88.75% | vase: 4.07% | flower_pot: 2.35% | plant: 0.61% | stairs: 0.59%
bottle_0372.npy,bottle,bottle,82.7672004699707,bottle: 82.77% | vase: 7.37% | flower_pot: 1.90% | lamp: 1.69% | plant: 1.42%
bottle_0404.npy,bottle,bottle,92.67292618751526,bottle: 92.67% | vase: 2.45% | flower_pot: 1.34% | person: 1.18% | stool: 0.30%
bottle_0423.npy,bottle,bottle,83.31776857376099,bottle: 83.32% | vase: 4.86% | flower_pot: 3.48% | person: 2.57% | lamp: 1.35%
bottle_0422.npy,bottle,bottle,87.69832849502563,bottle: 87.70% | vase: 5.10% | flower_pot: 1.69% | stairs: 0.90% | cone: 0.82%
bottle_0364.npy,bottle,bottle,93.57395768165588,bottle: 93.57% | vase: 2.01% | flower_pot: 1.18% | person: 0.79% | plant: 0.50%
bottle_0366.npy,bottle,bottle,62.72025108337402,bottle: 62.72% | vase: 22.91% | flower_pot: 6.09% | person: 2.35% | plant: 1.94%
bottle_0395.npy,bottle,bottle,53.801631927490234,bottle: 53.80% | vase: 26.46% | flower_pot: 7.27% | person: 5.23% | plant: 1.98%
bottle_0341.npy,bottle,bottle,67.25956201553345,bottle: 67.26% | flower_pot: 11.71% | vase: 6.56% | plant: 4.36% | person: 1.87%
bottle_0415.npy,bottle,bottle,91.3932204246521,bottle: 91.39% | vase: 2.45% | flower_pot: 1.25% | person: 1.16% | plant: 0.66%
bottle_0432.npy,bottle,bottle,92.4614667892456,bottle: 92.46% | vase: 1.72% | flower_pot: 1.11% | person: 0.97% | lamp: 0.91%
bottle_0338.npy,bottle,bottle,91.42853021621704,bottle: 91.43% | flower_pot: 2.51% | vase: 2.09% | sink: 1.00% | piano: 0.58%
bottle_0346.npy,bottle,bottle,57.57720470428467,bottle: 57.58% | vase: 9.39% | lamp: 6.84% | person: 6.00% | plant: 4.05%
bottle_0419.npy,bottle,bottle,71.70661687850952,bottle: 71.71% | vase: 19.26% | person: 2.37% | flower_pot: 2.33% | stool: 0.86%
bottle_0374.npy,bottle,bottle,86.76044344902039,bottle: 86.76% | lamp: 3.13% | flower_pot: 2.86% | bookshelf: 2.27% | stool: 0.98%
bottle_0424.npy,bottle,bottle,67.2839879989624,bottle: 67.28% | vase: 19.10% | flower_pot: 4.70% | person: 3.61% | lamp: 1.14%
bottle_0357.npy,bottle,bottle,56.60970211029053,bottle: 56.61% | vase: 24.69% | cup: 4.38% | flower_pot: 3.46% | bookshelf: 2.61%
bottle_0428.npy,bottle,bottle,97.20277190208435,bottle: 97.20% | vase: 1.21% | flower_pot: 0.58% | person: 0.23% | stool: 0.11%
bottle_0361.npy,bottle,bottle,88.79217505455017,bottle: 88.79% | vase: 2.59% | lamp: 1.59% | plant: 1.33% | person: 1.19%
bottle_0400.npy,bottle,bottle,86.86143159866333,bottle: 86.86% | vase: 4.64% | flower_pot: 1.90% | plant: 1.20% | lamp: 1.01%
bottle_0354.npy,bottle,bottle,92.74683594703674,bottle: 92.75% | vase: 3.09% | flower_pot: 1.18% | stool: 0.52% | person: 0.43%
bottle_0396.npy,bottle,bottle,77.71129608154297,bottle: 77.71% | vase: 12.58% | flower_pot: 3.29% | cone: 2.10% | plant: 1.41%
bottle_0416.npy,bottle,bottle,51.54101848602295,bottle: 51.54% | vase: 45.32% | flower_pot: 0.84% | person: 0.53% | plant: 0.51%
bottle_0418.npy,bottle,bottle,93.17057728767395,bottle: 93.17% | vase: 2.50% | flower_pot: 1.36% | stool: 0.82% | person: 0.70%
bottle_0406.npy,bottle,bottle,96.86986804008484,bottle: 96.87% | flower_pot: 1.41% | vase: 1.10% | stairs: 0.10% | piano: 0.09%
bottle_0403.npy,bottle,bottle,61.545926332473755,bottle: 61.55% | vase: 32.87% | flower_pot: 1.54% | lamp: 0.81% | cup: 0.76%
bottle_0365.npy,bottle,bottle,70.23948431015015,bottle: 70.24% | vase: 11.17% | person: 3.52% | plant: 3.45% | lamp: 2.78%
bottle_0353.npy,bottle,bottle,96.34242057800293,bottle: 96.34% | vase: 2.33% | flower_pot: 0.40% | person: 0.19% | cone: 0.11%
bottle_0371.npy,bottle,bottle,93.13712120056152,bottle: 93.14% | vase: 2.06% | flower_pot: 1.47% | plant: 0.56% | cone: 0.38%
bottle_0381.npy,bottle,bottle,92.57913827896118,bottle: 92.58% | vase: 2.08% | flower_pot: 1.71% | person: 1.66% | sink: 0.48%
bottle_0420.npy,bottle,bottle,91.11946225166321,bottle: 91.12% | vase: 3.14% | flower_pot: 0.96% | curtain: 0.69% | person: 0.59%
bottle_0344.npy,bottle,bottle,82.12164640426636,bottle: 82.12% | vase: 6.21% | flower_pot: 3.53% | person: 1.50% | plant: 1.42%
bottle_0417.npy,bottle,bottle,91.29387736320496,bottle: 91.29% | vase: 2.48% | person: 0.98% | curtain: 0.87% | flower_pot: 0.85%
bottle_0388.npy,bottle,bottle,70.9462821483612,bottle: 70.95% | vase: 18.78% | person: 3.11% | flower_pot: 2.49% | plant: 0.80%
bottle_0380.npy,bottle,bottle,84.76821184158325,bottle: 84.77% | vase: 3.88% | flower_pot: 1.90% | person: 1.79% | lamp: 1.74%
bottle_0377.npy,bottle,bottle,97.9168176651001,bottle: 97.92% | vase: 1.12% | flower_pot: 0.32% | person: 0.11% | cone: 0.06%
bottle_0429.npy,bottle,bottle,77.37712264060974,bottle: 77.38% | vase: 6.73% | person: 2.77% | flower_pot: 2.30% | plant: 1.92%
bottle_0435.npy,bottle,bottle,57.597219944000244,bottle: 57.60% | vase: 37.52% | flower_pot: 2.32% | person: 1.03% | plant: 0.53%
bottle_0370.npy,bottle,bottle,96.7733383178711,bottle: 96.77% | vase: 1.11% | flower_pot: 0.71% | plant: 0.16% | piano: 0.15%
bottle_0355.npy,bottle,vase,25.99998712539673,vase: 26.00% | lamp: 16.91% | flower_pot: 10.89% | person: 9.36% | bottle: 8.60%
bottle_0393.npy,bottle,bottle,85.48250198364258,bottle: 85.48% | flower_pot: 4.59% | vase: 3.84% | plant: 1.44% | stool: 1.22%
bottle_0360.npy,bottle,bottle,83.93555283546448,bottle: 83.94% | vase: 10.32% | flower_pot: 3.27% | cone: 0.36% | plant: 0.29%
bottle_0427.npy,bottle,bottle,93.43616962432861,bottle: 93.44% | vase: 1.97% | flower_pot: 1.02% | door: 0.72% | curtain: 0.59%
bottle_0367.npy,bottle,vase,50.047534704208374,vase: 50.05% | bottle: 40.55% | flower_pot: 4.10% | lamp: 1.39% | plant: 1.01%
bottle_0384.npy,bottle,bottle,86.89342737197876,bottle: 86.89% | vase: 5.29% | flower_pot: 2.01% | plant: 0.63% | tv_stand: 0.53%
cup_0082.npy,cup,flower_pot,26.93583369255066,flower_pot: 26.94% | vase: 22.98% | laptop: 10.75% | sink: 8.08% | glass_box: 6.69%
cup_0096.npy,cup,flower_pot,35.371413826942444,flower_pot: 35.37% | range_hood: 29.49% | vase: 15.87% | plant: 15.07% | xbox: 2.28%
cup_0081.npy,cup,vase,51.96791887283325,vase: 51.97% | cup: 22.35% | bottle: 10.59% | flower_pot: 7.42% | sink: 4.39%
cup_0086.npy,cup,lamp,78.55727076530457,lamp: 78.56% | sink: 8.09% | cup: 7.52% | vase: 4.93% | flower_pot: 0.72%
cup_0089.npy,cup,stool,47.456467151641846,stool: 47.46% | vase: 28.91% | cup: 21.40% | lamp: 0.40% | xbox: 0.33%
cup_0093.npy,cup,plant,98.50393533706665,plant: 98.50% | vase: 1.35% | flower_pot: 0.14%
cup_0084.npy,cup,cup,93.665611743927,cup: 93.67% | flower_pot: 5.96% | vase: 0.36% | toilet: 0.01%
cup_0099.npy,cup,vase,89.82633352279663,vase: 89.83% | cup: 6.39% | flower_pot: 2.54% | bottle: 0.61% | stool: 0.26%
cup_0095.npy,cup,vase,31.78775906562805,vase: 31.79% | flower_pot: 29.07% | lamp: 19.36% | cup: 14.41% | plant: 2.17%
cup_0087.npy,cup,cup,47.610315680503845,cup: 47.61% | vase: 34.62% | flower_pot: 17.28% | bowl: 0.30% | lamp: 0.08%
cup_0083.npy,cup,bowl,89.29402232170105,bowl: 89.29% | sink: 3.89% | bathtub: 3.16% | flower_pot: 1.14% | tent: 1.07%
cup_0088.npy,cup,cup,75.27577877044678,cup: 75.28% | flower_pot: 15.78% | lamp: 4.49% | vase: 4.01% | stairs: 0.23%
cup_0091.npy,cup,cup,75.22011399269104,cup: 75.22% | flower_pot: 8.44% | xbox: 5.87% | stool: 3.62% | toilet: 2.83%
cup_0090.npy,cup,vase,33.11179280281067,vase: 33.11% | cup: 24.33% | flower_pot: 21.79% | stool: 9.34% | range_hood: 2.92%
cup_0092.npy,cup,cup,97.95658588409424,cup: 97.96% | vase: 1.42% | flower_pot: 0.42% | lamp: 0.10% | toilet: 0.06%
cup_0094.npy,cup,cup,95.52266001701355,cup: 95.52% | vase: 3.82% | flower_pot: 0.20% | range_hood: 0.12% | toilet: 0.11%
cup_0085.npy,cup,lamp,54.38752770423889,lamp: 54.39% | vase: 32.27% | flower_pot: 5.39% | cup: 2.77% | plant: 1.82%
cup_0080.npy,cup,cup,94.78263258934021,cup: 94.78% | vase: 4.23% | flower_pot: 0.50% | lamp: 0.28% | plant: 0.13%
cup_0098.npy,cup,cup,55.18149137496948,cup: 55.18% | stairs: 16.99% | toilet: 11.79% | sink: 5.28% | flower_pot: 3.29%
cup_0097.npy,cup,mantel,34.86799597740173,mantel: 34.87% | wardrobe: 33.68% | radio: 17.13% | dresser: 3.29% | xbox: 2.82%
toilet_0418.npy,toilet,toilet,99.54994320869446,toilet: 99.55% | flower_pot: 0.13% | stairs: 0.13% | tent: 0.06% | piano: 0.06%
toilet_0414.npy,toilet,toilet,99.56026077270508,toilet: 99.56% | cone: 0.28% | flower_pot: 0.03% | chair: 0.03% | piano: 0.03%
toilet_0389.npy,toilet,toilet,92.18904972076416,toilet: 92.19% | bathtub: 5.67% | cup: 1.23% | laptop: 0.37% | sink: 0.12%
toilet_0359.npy,toilet,toilet,99.98326301574707,toilet: 99.98% | chair: 0.01%
toilet_0397.npy,toilet,toilet,99.9829888343811,toilet: 99.98% | chair: 0.01%
toilet_0438.npy,toilet,toilet,99.97403025627136,toilet: 99.97% | sofa: 0.01%
toilet_0429.npy,toilet,toilet,99.9731719493866,toilet: 99.97% | flower_pot: 0.01% | stairs: 0.01%
toilet_0434.npy,toilet,toilet,92.56781935691833,toilet: 92.57% | bottle: 3.87% | range_hood: 1.24% | radio: 0.66% | flower_pot: 0.42%
toilet_0355.npy,toilet,toilet,99.93900060653687,toilet: 99.94% | chair: 0.06%
toilet_0373.npy,toilet,cup,72.25841879844666,cup: 72.26% | vase: 23.36% | stairs: 1.84% | laptop: 0.83% | tent: 0.59%
toilet_0365.npy,toilet,toilet,99.96284246444702,toilet: 99.96% | piano: 0.03% | stairs: 0.01%
toilet_0385.npy,toilet,toilet,99.90812540054321,toilet: 99.91% | cone: 0.04% | flower_pot: 0.02% | piano: 0.01% | tent: 0.01%
toilet_0376.npy,toilet,toilet,99.92755055427551,toilet: 99.93% | stairs: 0.03% | plant: 0.01% | cone: 0.01% | flower_pot: 0.01%
toilet_0387.npy,toilet,toilet,95.99137902259827,toilet: 95.99% | chair: 3.68% | desk: 0.15% | piano: 0.05% | stairs: 0.04%
toilet_0402.npy,toilet,toilet,99.97403025627136,toilet: 99.97% | sofa: 0.01%
toilet_0357.npy,toilet,toilet,51.82201862335205,toilet: 51.82% | chair: 9.29% | bench: 8.50% | stairs: 7.12% | vase: 6.44%
toilet_0440.npy,toilet,toilet,99.97615218162537,toilet: 99.98% | flower_pot: 0.02%
toilet_0401.npy,toilet,toilet,99.88033771514893,toilet: 99.88% | chair: 0.11%
toilet_0386.npy,toilet,toilet,99.93058443069458,toilet: 99.93% | flower_pot: 0.02% | stairs: 0.02% | cone: 0.02% | plant: 0.01%
toilet_0405.npy,toilet,toilet,57.73540735244751,toilet: 57.74% | vase: 35.90% | cup: 3.45% | stool: 1.79% | flower_pot: 0.45%
toilet_0356.npy,toilet,toilet,94.43752765655518,toilet: 94.44% | plant: 1.82% | stairs: 1.28% | lamp: 0.72% | vase: 0.59%
toilet_0361.npy,toilet,toilet,99.97338652610779,toilet: 99.97% | chair: 0.02%
toilet_0368.npy,toilet,toilet,99.89781379699707,toilet: 99.90% | flower_pot: 0.05% | stairs: 0.02% | cone: 0.01% | plant: 0.01%
toilet_0391.npy,toilet,toilet,97.87536859512329,toilet: 97.88% | stairs: 1.27% | chair: 0.36% | flower_pot: 0.15% | vase: 0.15%
toilet_0428.npy,toilet,toilet,99.92777705192566,toilet: 99.93% | monitor: 0.02% | flower_pot: 0.02% | tent: 0.01% | stairs: 0.01%
toilet_0380.npy,toilet,toilet,64.47125673294067,toilet: 64.47% | monitor: 26.92% | glass_box: 2.67% | xbox: 2.39% | car: 1.55%
toilet_0435.npy,toilet,toilet,99.98131394386292,toilet: 99.98% | flower_pot: 0.01%
toilet_0426.npy,toilet,toilet,99.57934617996216,toilet: 99.58% | cone: 0.27% | tent: 0.03% | plant: 0.02% | flower_pot: 0.02%
toilet_0417.npy,toilet,toilet,99.6081292629242,toilet: 99.61% | bathtub: 0.15% | radio: 0.07% | chair: 0.03% | sink: 0.02%
toilet_0431.npy,toilet,toilet,99.95728135108948,toilet: 99.96% | flower_pot: 0.01% | plant: 0.01% | chair: 0.01%
toilet_0358.npy,toilet,toilet,98.85468482971191,toilet: 98.85% | monitor: 0.47% | chair: 0.46% | stairs: 0.03% | bathtub: 0.03%
toilet_0393.npy,toilet,toilet,99.02817010879517,toilet: 99.03% | flower_pot: 0.59% | radio: 0.07% | glass_box: 0.07% | cup: 0.06%
toilet_0369.npy,toilet,toilet,99.99828338623047,toilet: 100.00%
toilet_0384.npy,toilet,toilet,99.73382353782654,toilet: 99.73% | stairs: 0.12% | flower_pot: 0.09% | cup: 0.02% | vase: 0.02%
toilet_0444.npy,toilet,toilet,99.94663596153259,toilet: 99.95% | flower_pot: 0.02% | cone: 0.01% | plant: 0.01%
toilet_0424.npy,toilet,toilet,98.5206663608551,toilet: 98.52% | stairs: 0.85% | flower_pot: 0.16% | tent: 0.12% | monitor: 0.09%
toilet_0375.npy,toilet,chair,50.331878662109375,chair: 50.33% | plant: 46.77% | toilet: 1.49% | vase: 0.84% | stairs: 0.20%
toilet_0349.npy,toilet,toilet,99.97344613075256,toilet: 99.97% | chair: 0.02%
toilet_0354.npy,toilet,toilet,61.24088764190674,toilet: 61.24% | chair: 14.41% | sink: 7.67% | mantel: 3.58% | night_stand: 2.60%
toilet_0421.npy,toilet,toilet,99.9695897102356,toilet: 99.97% | flower_pot: 0.02%
toilet_0412.npy,toilet,toilet,99.72503781318665,toilet: 99.73% | flower_pot: 0.10% | stairs: 0.10% | tent: 0.03% | cone: 0.01%
toilet_0379.npy,toilet,toilet,99.99587535858154,toilet: 100.00%
toilet_0403.npy,toilet,toilet,99.8184859752655,toilet: 99.82% | chair: 0.09% | flower_pot: 0.02% | piano: 0.02% | monitor: 0.02%
toilet_0363.npy,toilet,toilet,99.97403025627136,toilet: 99.97% | sofa: 0.01%
toilet_0366.npy,toilet,toilet,99.99264478683472,toilet: 99.99%
toilet_0367.npy,toilet,toilet,99.9773919582367,toilet: 99.98% | flower_pot: 0.01%
toilet_0398.npy,toilet,toilet,99.90039467811584,toilet: 99.90% | flower_pot: 0.03% | stairs: 0.02% | cone: 0.02% | piano: 0.01%
toilet_0409.npy,toilet,toilet,99.90524649620056,toilet: 99.91% | flower_pot: 0.05% | chair: 0.02% | piano: 0.01% | stairs: 0.01%
toilet_0372.npy,toilet,toilet,51.82201862335205,toilet: 51.82% | chair: 9.29% | bench: 8.50% | stairs: 7.12% | vase: 6.44%
toilet_0423.npy,toilet,toilet,99.99521970748901,toilet: 100.00%
toilet_0443.npy,toilet,toilet,99.94649291038513,toilet: 99.95% | flower_pot: 0.02% | cone: 0.01% | plant: 0.01%
toilet_0347.npy,toilet,toilet,45.46453654766083,toilet: 45.46% | piano: 39.24% | tv_stand: 5.61% | sink: 3.76% | radio: 1.12%
toilet_0439.npy,toilet,toilet,99.88517761230469,toilet: 99.89% | chair: 0.03% | stairs: 0.02% | flower_pot: 0.02% | monitor: 0.02%
toilet_0411.npy,toilet,toilet,99.88365769386292,toilet: 99.88% | sofa: 0.06% | flower_pot: 0.02% | plant: 0.01% | car: 0.01%
toilet_0348.npy,toilet,toilet,99.44138526916504,toilet: 99.44% | piano: 0.39% | chair: 0.13% | flower_pot: 0.01% | stairs: 0.01%
toilet_0388.npy,toilet,toilet,99.85993504524231,toilet: 99.86% | flower_pot: 0.07% | cone: 0.02% | plant: 0.01% | stairs: 0.01%
toilet_0420.npy,toilet,toilet,99.54309463500977,toilet: 99.54% | flower_pot: 0.13% | stairs: 0.12% | tent: 0.07% | piano: 0.06%
toilet_0381.npy,toilet,toilet,99.87469911575317,toilet: 99.87% | chair: 0.07% | plant: 0.03% | stairs: 0.01%
toilet_0400.npy,toilet,toilet,98.02480340003967,toilet: 98.02% | piano: 1.64% | table: 0.20% | bed: 0.08% | flower_pot: 0.02%
toilet_0377.npy,toilet,toilet,99.97857213020325,toilet: 99.98% | flower_pot: 0.01%
toilet_0436.npy,toilet,toilet,99.96483325958252,toilet: 99.96% | flower_pot: 0.01% | cone: 0.01% | piano: 0.01%
toilet_0425.npy,toilet,toilet,99.16921854019165,toilet: 99.17% | tent: 0.37% | piano: 0.25% | flower_pot: 0.07% | cone: 0.05%
toilet_0404.npy,toilet,toilet,99.22993779182434,toilet: 99.23% | flower_pot: 0.22% | plant: 0.19% | cone: 0.17% | chair: 0.08%
toilet_0433.npy,toilet,toilet,99.93003606796265,toilet: 99.93% | flower_pot: 0.03% | monitor: 0.01% | vase: 0.01% | person: 0.01%
toilet_0399.npy,toilet,toilet,99.81533885002136,toilet: 99.82% | chair: 0.07% | desk: 0.06% | piano: 0.03% | table: 0.01%
toilet_0394.npy,toilet,toilet,99.52815175056458,toilet: 99.53% | chair: 0.40% | piano: 0.04% | flower_pot: 0.01% | monitor: 0.01%
toilet_0353.npy,toilet,glass_box,39.3617182970047,glass_box: 39.36% | toilet: 33.07% | piano: 9.45% | range_hood: 9.14% | radio: 2.42%
toilet_0350.npy,toilet,toilet,99.23566579818726,toilet: 99.24% | stairs: 0.32% | piano: 0.29% | person: 0.05% | chair: 0.02%
toilet_0427.npy,toilet,toilet,99.87892508506775,toilet: 99.88% | plant: 0.06% | chair: 0.02% | cone: 0.01% | stairs: 0.01%
toilet_0352.npy,toilet,toilet,99.95414018630981,toilet: 99.95% | flower_pot: 0.01% | plant: 0.01% | chair: 0.01%
toilet_0432.npy,toilet,toilet,99.82389211654663,toilet: 99.82% | chair: 0.15% | piano: 0.02%
toilet_0374.npy,toilet,toilet,99.94770884513855,toilet: 99.95% | chair: 0.02% | car: 0.01% | flower_pot: 0.01% | plant: 0.01%
toilet_0360.npy,toilet,toilet,99.67039227485657,toilet: 99.67% | stairs: 0.21% | chair: 0.03% | plant: 0.03% | flower_pot: 0.02%
toilet_0395.npy,toilet,toilet,99.01347756385803,toilet: 99.01% | monitor: 0.43% | chair: 0.21% | flower_pot: 0.17% | stairs: 0.13%
toilet_0382.npy,toilet,toilet,99.91160035133362,toilet: 99.91% | chair: 0.09%
toilet_0396.npy,toilet,toilet,99.78228807449341,toilet: 99.78% | plant: 0.08% | flower_pot: 0.03% | sofa: 0.03% | chair: 0.02%
toilet_0413.npy,toilet,toilet,99.9731719493866,toilet: 99.97% | flower_pot: 0.01% | stairs: 0.01%
toilet_0430.npy,toilet,toilet,58.30712914466858,toilet: 58.31% | chair: 41.49% | stairs: 0.09% | flower_pot: 0.03% | cup: 0.02%
toilet_0442.npy,toilet,toilet,99.99803304672241,toilet: 100.00%
toilet_0419.npy,toilet,toilet,99.97125267982483,toilet: 99.97% | flower_pot: 0.01%
toilet_0422.npy,toilet,toilet,99.60340857505798,toilet: 99.60% | piano: 0.36% | monitor: 0.01% | table: 0.01%
toilet_0390.npy,toilet,toilet,99.64532852172852,toilet: 99.65% | piano: 0.11% | glass_box: 0.05% | xbox: 0.04% | car: 0.03%
toilet_0370.npy,toilet,toilet,99.99319314956665,toilet: 99.99%
toilet_0416.npy,toilet,toilet,99.61692690849304,toilet: 99.62% | cone: 0.10% | chair: 0.06% | stairs: 0.05% | plant: 0.05%
toilet_0345.npy,toilet,toilet,99.91785883903503,toilet: 99.92% | cup: 0.03% | flower_pot: 0.03% | vase: 0.01% | piano: 0.01%
toilet_0383.npy,toilet,toilet,98.35661053657532,toilet: 98.36% | monitor: 0.82% | chair: 0.46% | piano: 0.07% | bathtub: 0.06%
toilet_0364.npy,toilet,toilet,99.93497729301453,toilet: 99.93% | chair: 0.05% | flower_pot: 0.01%
toilet_0407.npy,toilet,toilet,98.16924333572388,toilet: 98.17% | chair: 0.98% | monitor: 0.54% | table: 0.12% | piano: 0.07%
toilet_0392.npy,toilet,toilet,94.86492872238159,toilet: 94.86% | plant: 3.36% | vase: 0.75% | stairs: 0.71% | cup: 0.09%
toilet_0351.npy,toilet,toilet,99.96522665023804,toilet: 99.97% | flower_pot: 0.02% | cup: 0.01%
toilet_0408.npy,toilet,toilet,78.04895639419556,toilet: 78.05% | chair: 21.64% | vase: 0.14% | stairs: 0.06% | flower_pot: 0.04%
toilet_0437.npy,toilet,toilet,87.48893737792969,toilet: 87.49% | sink: 4.13% | laptop: 1.58% | glass_box: 1.53% | car: 1.28%
toilet_0415.npy,toilet,toilet,99.97338652610779,toilet: 99.97% | chair: 0.02%
toilet_0410.npy,toilet,toilet,99.97403025627136,toilet: 99.97% | sofa: 0.01%
toilet_0362.npy,toilet,toilet,99.82768297195435,toilet: 99.83% | stairs: 0.14% | plant: 0.01% | piano: 0.01% | vase: 0.01%
toilet_0346.npy,toilet,toilet,98.68198037147522,toilet: 98.68% | stairs: 0.24% | monitor: 0.23% | cone: 0.23% | flower_pot: 0.17%
toilet_0406.npy,toilet,toilet,99.93853569030762,toilet: 99.94% | flower_pot: 0.03% | stairs: 0.01% | cone: 0.01% | car: 0.01%
toilet_0441.npy,toilet,toilet,99.9712884426117,toilet: 99.97% | flower_pot: 0.02%
toilet_0371.npy,toilet,stairs,45.65955996513367,stairs: 45.66% | toilet: 30.35% | chair: 13.86% | flower_pot: 6.90% | piano: 1.81%
toilet_0378.npy,toilet,toilet,99.83716607093811,toilet: 99.84% | flower_pot: 0.08% | cone: 0.03% | stairs: 0.02% | plant: 0.02%
xbox_0114.npy,xbox,xbox,96.38102054595947,xbox: 96.38% | monitor: 2.51% | wardrobe: 0.67% | mantel: 0.20% | dresser: 0.14%
xbox_0110.npy,xbox,xbox,86.79749369621277,xbox: 86.80% | monitor: 6.11% | wardrobe: 4.03% | piano: 1.35% | dresser: 0.53%
xbox_0122.npy,xbox,xbox,62.774789333343506,xbox: 62.77% | dresser: 13.47% | wardrobe: 11.52% | mantel: 3.09% | monitor: 1.90%
xbox_0108.npy,xbox,wardrobe,50.02713203430176,wardrobe: 50.03% | xbox: 35.99% | monitor: 3.64% | range_hood: 3.33% | dresser: 2.11%
xbox_0111.npy,xbox,mantel,64.6690309047699,mantel: 64.67% | monitor: 27.17% | dresser: 4.28% | wardrobe: 1.30% | xbox: 1.04%
xbox_0107.npy,xbox,xbox,70.09009718894958,xbox: 70.09% | curtain: 7.40% | bookshelf: 4.42% | radio: 4.06% | vase: 3.69%
xbox_0119.npy,xbox,mantel,51.80429816246033,mantel: 51.80% | xbox: 43.96% | dresser: 1.60% | wardrobe: 1.31% | monitor: 1.04%
xbox_0117.npy,xbox,bookshelf,34.46645736694336,bookshelf: 34.47% | wardrobe: 21.21% | stool: 7.83% | glass_box: 7.11% | xbox: 6.94%
xbox_0112.npy,xbox,xbox,92.99219250679016,xbox: 92.99% | wardrobe: 2.74% | monitor: 2.55% | mantel: 0.75% | dresser: 0.57%
xbox_0106.npy,xbox,monitor,74.40637350082397,monitor: 74.41% | xbox: 6.42% | piano: 5.12% | mantel: 2.83% | wardrobe: 2.53%
xbox_0109.npy,xbox,xbox,35.55103540420532,xbox: 35.55% | chair: 17.86% | stool: 12.57% | flower_pot: 9.07% | toilet: 8.99%
xbox_0113.npy,xbox,vase,75.02340078353882,vase: 75.02% | bottle: 15.92% | cup: 3.22% | flower_pot: 2.08% | cone: 1.28%
xbox_0121.npy,xbox,sofa,98.53107929229736,sofa: 98.53% | desk: 0.93% | dresser: 0.15% | radio: 0.11% | range_hood: 0.08%
xbox_0115.npy,xbox,bookshelf,35.88695228099823,bookshelf: 35.89% | vase: 20.77% | flower_pot: 12.12% | bottle: 10.72% | lamp: 5.16%
xbox_0116.npy,xbox,flower_pot,54.33776378631592,flower_pot: 54.34% | vase: 42.65% | plant: 0.74% | lamp: 0.51% | stool: 0.43%
xbox_0123.npy,xbox,xbox,30.875328183174133,xbox: 30.88% | piano: 18.86% | monitor: 17.22% | toilet: 8.00% | mantel: 7.92%
xbox_0120.npy,xbox,monitor,43.25887858867645,monitor: 43.26% | xbox: 21.27% | mantel: 10.77% | wardrobe: 7.75% | dresser: 4.21%
xbox_0104.npy,xbox,xbox,96.79293632507324,xbox: 96.79% | monitor: 1.53% | wardrobe: 1.41% | mantel: 0.08% | stairs: 0.04%
xbox_0105.npy,xbox,monitor,53.33167314529419,monitor: 53.33% | mantel: 17.65% | dresser: 12.03% | wardrobe: 4.69% | piano: 3.82%
xbox_0118.npy,xbox,bookshelf,62.07457184791565,bookshelf: 62.07% | xbox: 17.60% | piano: 4.18% | stairs: 3.55% | wardrobe: 2.34%
door_0125.npy,door,door,49.3852436542511,door: 49.39% | curtain: 26.99% | mantel: 6.06% | dresser: 3.23% | bench: 3.16%
door_0122.npy,door,door,84.63848233222961,door: 84.64% | curtain: 12.82% | bottle: 0.24% | stool: 0.22% | vase: 0.16%
door_0128.npy,door,curtain,38.80926966667175,curtain: 38.81% | door: 38.03% | mantel: 13.97% | dresser: 4.05% | sink: 0.75%
door_0129.npy,door,door,59.664762020111084,door: 59.66% | curtain: 37.27% | sink: 0.35% | stool: 0.28% | desk: 0.27%
door_0111.npy,door,door,83.09013247489929,door: 83.09% | curtain: 11.99% | bottle: 0.92% | bookshelf: 0.49% | vase: 0.47%
door_0112.npy,door,door,83.09013247489929,door: 83.09% | curtain: 11.99% | bottle: 0.92% | bookshelf: 0.49% | vase: 0.47%
door_0116.npy,door,door,76.77524089813232,door: 76.78% | curtain: 15.65% | bookshelf: 1.70% | vase: 1.08% | night_stand: 0.55%
door_0113.npy,door,door,78.5955011844635,door: 78.60% | curtain: 17.72% | bottle: 0.53% | vase: 0.30% | stool: 0.28%
door_0121.npy,door,door,60.50720810890198,door: 60.51% | sink: 10.33% | vase: 5.82% | tv_stand: 3.84% | curtain: 3.44%
door_0115.npy,door,door,59.27593111991882,door: 59.28% | curtain: 25.26% | bottle: 1.66% | vase: 1.17% | person: 1.09%
door_0120.npy,door,door,89.79387283325195,door: 89.79% | curtain: 7.94% | bottle: 0.24% | vase: 0.24% | bookshelf: 0.20%
door_0118.npy,door,door,86.16726994514465,door: 86.17% | curtain: 11.16% | bookshelf: 0.57% | night_stand: 0.52% | desk: 0.40%
door_0124.npy,door,door,57.751333713531494,door: 57.75% | bookshelf: 30.22% | curtain: 2.47% | night_stand: 0.91% | sink: 0.90%
door_0117.npy,door,door,83.23712348937988,door: 83.24% | curtain: 14.04% | stool: 0.30% | night_stand: 0.20% | desk: 0.19%
door_0119.npy,door,door,69.4543719291687,door: 69.45% | curtain: 26.16% | bottle: 0.61% | bookshelf: 0.43% | vase: 0.39%
door_0114.npy,door,door,47.80239462852478,door: 47.80% | curtain: 30.98% | bottle: 1.56% | person: 1.20% | guitar: 1.16%
door_0123.npy,door,door,74.90574717521667,door: 74.91% | curtain: 16.34% | bookshelf: 2.28% | vase: 1.19% | bottle: 0.67%
door_0126.npy,door,door,77.23270654678345,door: 77.23% | curtain: 18.41% | bottle: 0.50% | vase: 0.30% | stool: 0.30%
door_0110.npy,door,door,83.09013247489929,door: 83.09% | curtain: 11.99% | bottle: 0.92% | bookshelf: 0.49% | vase: 0.47%
door_0127.npy,door,door,85.48150658607483,door: 85.48% | curtain: 11.24% | bottle: 0.48% | vase: 0.29% | night_stand: 0.26%
bowl_0066.npy,bowl,bowl,98.7546980381012,bowl: 98.75% | vase: 0.41% | airplane: 0.26% | cup: 0.14% | monitor: 0.13%
bowl_0081.npy,bowl,bowl,99.50243830680847,bowl: 99.50% | vase: 0.24% | flower_pot: 0.09% | monitor: 0.06% | cup: 0.04%
bowl_0065.npy,bowl,bowl,99.5668888092041,bowl: 99.57% | vase: 0.13% | bathtub: 0.09% | cup: 0.07% | tent: 0.04%
bowl_0071.npy,bowl,bowl,73.97961616516113,bowl: 73.98% | bathtub: 10.16% | sink: 4.64% | radio: 3.00% | tent: 1.68%
bowl_0074.npy,bowl,bowl,91.3313090801239,bowl: 91.33% | cup: 5.29% | vase: 2.83% | flower_pot: 0.49% | tent: 0.02%
bowl_0080.npy,bowl,bowl,74.06768798828125,bowl: 74.07% | bathtub: 9.28% | laptop: 4.02% | tent: 2.43% | cup: 2.16%
bowl_0067.npy,bowl,bowl,62.96709179878235,bowl: 62.97% | vase: 23.07% | cup: 7.54% | monitor: 4.04% | flower_pot: 1.49%
bowl_0075.npy,bowl,bowl,98.87644052505493,bowl: 98.88% | sink: 0.44% | bathtub: 0.29% | cup: 0.11% | bed: 0.10%
bowl_0076.npy,bowl,bowl,97.84931540489197,bowl: 97.85% | vase: 0.86% | flower_pot: 0.55% | cup: 0.31% | monitor: 0.20%
bowl_0072.npy,bowl,bowl,92.88614392280579,bowl: 92.89% | tent: 1.97% | vase: 1.84% | flower_pot: 0.90% | monitor: 0.72%
bowl_0077.npy,bowl,bowl,68.19313764572144,bowl: 68.19% | tent: 24.78% | airplane: 1.80% | vase: 1.56% | laptop: 0.94%
bowl_0068.npy,bowl,bowl,98.4257698059082,bowl: 98.43% | vase: 0.69% | flower_pot: 0.54% | cup: 0.16% | tent: 0.06%
bowl_0082.npy,bowl,bowl,96.33229970932007,bowl: 96.33% | vase: 1.87% | cup: 1.15% | flower_pot: 0.56% | tent: 0.06%
bowl_0078.npy,bowl,bowl,98.6156165599823,bowl: 98.62% | flower_pot: 0.35% | monitor: 0.30% | vase: 0.24% | cup: 0.18%
bowl_0084.npy,bowl,bowl,98.3299195766449,bowl: 98.33% | table: 0.87% | vase: 0.34% | flower_pot: 0.21% | chair: 0.13%
bowl_0070.npy,bowl,bowl,98.2086181640625,bowl: 98.21% | flower_pot: 0.64% | vase: 0.54% | cup: 0.35% | plant: 0.18%
bowl_0069.npy,bowl,bowl,75.3516137599945,bowl: 75.35% | laptop: 7.93% | bed: 2.26% | bathtub: 2.21% | cup: 2.02%
bowl_0083.npy,bowl,sofa,39.618563652038574,sofa: 39.62% | bed: 23.82% | tent: 13.12% | car: 5.15% | bowl: 4.17%
bowl_0079.npy,bowl,bowl,99.14333820343018,bowl: 99.14% | flower_pot: 0.22% | vase: 0.20% | cup: 0.15% | tent: 0.14%
bowl_0073.npy,bowl,bowl,40.264201164245605,bowl: 40.26% | laptop: 19.84% | radio: 10.52% | bathtub: 6.20% | tent: 5.55%
laptop_0161.npy,laptop,laptop,97.05544710159302,laptop: 97.06% | keyboard: 0.70% | tent: 0.62% | cup: 0.25% | glass_box: 0.23%
laptop_0163.npy,laptop,keyboard,50.1212477684021,keyboard: 50.12% | glass_box: 35.18% | sink: 5.49% | radio: 2.57% | tv_stand: 2.51%
laptop_0152.npy,laptop,laptop,80.60579299926758,laptop: 80.61% | tent: 4.02% | cone: 3.33% | keyboard: 2.62% | cup: 1.94%
laptop_0169.npy,laptop,laptop,89.6726667881012,laptop: 89.67% | tv_stand: 3.43% | radio: 1.93% | keyboard: 1.63% | glass_box: 0.98%
laptop_0155.npy,laptop,laptop,87.40170001983643,laptop: 87.40% | bed: 11.57% | bowl: 0.43% | cup: 0.18% | sink: 0.14%
laptop_0166.npy,laptop,sink,24.117359519004822,sink: 24.12% | laptop: 18.13% | tv_stand: 12.64% | radio: 11.84% | glass_box: 11.10%
laptop_0151.npy,laptop,laptop,87.12167739868164,laptop: 87.12% | glass_box: 5.46% | keyboard: 2.84% | sink: 1.05% | radio: 0.98%
laptop_0162.npy,laptop,laptop,95.10906338691711,laptop: 95.11% | toilet: 2.01% | monitor: 1.79% | glass_box: 0.49% | night_stand: 0.17%
laptop_0150.npy,laptop,laptop,92.1223521232605,laptop: 92.12% | keyboard: 2.64% | glass_box: 1.13% | monitor: 0.52% | cup: 0.41%
laptop_0160.npy,laptop,laptop,62.348926067352295,laptop: 62.35% | bed: 34.75% | bowl: 1.86% | cup: 0.21% | sink: 0.18%
laptop_0158.npy,laptop,bowl,45.32110393047333,bowl: 45.32% | laptop: 28.96% | tent: 7.42% | sink: 3.82% | range_hood: 3.06%
laptop_0153.npy,laptop,laptop,47.70144820213318,laptop: 47.70% | keyboard: 19.99% | glass_box: 8.84% | cup: 3.41% | sink: 3.08%
laptop_0157.npy,laptop,laptop,93.3405339717865,laptop: 93.34% | monitor: 1.86% | radio: 1.51% | sink: 0.91% | tv_stand: 0.79%
laptop_0165.npy,laptop,laptop,98.44095706939697,laptop: 98.44% | bowl: 0.45% | cup: 0.30% | tent: 0.26% | bed: 0.17%
laptop_0159.npy,laptop,laptop,93.83251667022705,laptop: 93.83% | bed: 6.13% | bowl: 0.02% | cup: 0.01%
laptop_0154.npy,laptop,laptop,97.89576530456543,laptop: 97.90% | bed: 1.56% | keyboard: 0.23% | bowl: 0.13% | cup: 0.06%
laptop_0167.npy,laptop,laptop,80.58152198791504,laptop: 80.58% | bed: 14.37% | bowl: 2.48% | sink: 0.62% | airplane: 0.51%
laptop_0164.npy,laptop,laptop,51.20849609375,laptop: 51.21% | keyboard: 44.33% | airplane: 1.49% | guitar: 1.12% | tent: 0.43%
laptop_0156.npy,laptop,laptop,98.35562705993652,laptop: 98.36% | bed: 0.70% | bowl: 0.31% | table: 0.14% | tent: 0.12%
laptop_0168.npy,laptop,laptop,48.43406081199646,laptop: 48.43% | glass_box: 7.29% | keyboard: 6.34% | radio: 5.01% | sink: 4.45%
bathtub_0154.npy,bathtub,bathtub,92.78526306152344,bathtub: 92.79% | radio: 1.61% | bed: 1.22% | sink: 0.87% | sofa: 0.75%
bathtub_0113.npy,bathtub,bathtub,74.48720932006836,bathtub: 74.49% | sofa: 18.83% | tent: 3.24% | sink: 0.53% | car: 0.52%
bathtub_0142.npy,bathtub,bathtub,98.89476299285889,bathtub: 98.89% | sofa: 0.49% | car: 0.17% | radio: 0.15% | bed: 0.09%
bathtub_0139.npy,bathtub,bed,55.74803352355957,bed: 55.75% | tv_stand: 11.40% | sofa: 7.06% | table: 5.27% | night_stand: 3.88%
bathtub_0151.npy,bathtub,bathtub,70.4319179058075,bathtub: 70.43% | vase: 9.31% | sink: 7.67% | tent: 3.03% | radio: 1.96%
bathtub_0137.npy,bathtub,bathtub,53.11824083328247,bathtub: 53.12% | glass_box: 18.45% | sofa: 15.93% | radio: 5.32% | sink: 2.05%
bathtub_0124.npy,bathtub,laptop,69.26307082176208,laptop: 69.26% | sink: 17.09% | bathtub: 4.04% | glass_box: 2.14% | cup: 1.67%
bathtub_0125.npy,bathtub,bed,44.531333446502686,bed: 44.53% | bathtub: 25.03% | sink: 19.14% | sofa: 8.41% | radio: 2.17%
bathtub_0120.npy,bathtub,bed,81.77929520606995,bed: 81.78% | sink: 3.86% | bathtub: 3.54% | glass_box: 2.73% | tv_stand: 1.99%
bathtub_0112.npy,bathtub,bathtub,48.09229373931885,bathtub: 48.09% | sofa: 39.85% | radio: 5.34% | glass_box: 2.08% | toilet: 0.79%
bathtub_0153.npy,bathtub,bathtub,99.98038411140442,bathtub: 99.98% | radio: 0.01% | toilet: 0.01%
bathtub_0126.npy,bathtub,bathtub,34.30417776107788,bathtub: 34.30% | bed: 10.16% | sofa: 9.94% | car: 9.18% | sink: 5.40%
bathtub_0132.npy,bathtub,bed,84.32655930519104,bed: 84.33% | bathtub: 6.39% | sink: 3.88% | tv_stand: 2.79% | radio: 0.85%
bathtub_0131.npy,bathtub,bathtub,52.002906799316406,bathtub: 52.00% | bed: 26.76% | sofa: 10.90% | car: 6.49% | sink: 1.41%
bathtub_0146.npy,bathtub,bathtub,87.67316341400146,bathtub: 87.67% | sofa: 3.42% | radio: 2.68% | car: 2.06% | bed: 0.76%
bathtub_0134.npy,bathtub,bed,69.56065893173218,bed: 69.56% | sink: 10.11% | radio: 6.82% | glass_box: 4.03% | tv_stand: 2.39%
bathtub_0116.npy,bathtub,bathtub,98.93711805343628,bathtub: 98.94% | sofa: 0.40% | radio: 0.16% | bed: 0.15% | sink: 0.12%
bathtub_0148.npy,bathtub,bathtub,95.8985984325409,bathtub: 95.90% | car: 2.06% | toilet: 0.55% | sofa: 0.51% | tent: 0.23%
bathtub_0144.npy,bathtub,bathtub,99.98955726623535,bathtub: 99.99%
bathtub_0127.npy,bathtub,laptop,54.06227707862854,laptop: 54.06% | bed: 18.20% | airplane: 8.34% | radio: 5.49% | bowl: 3.76%
bathtub_0155.npy,bathtub,bathtub,99.6155321598053,bathtub: 99.62% | car: 0.10% | toilet: 0.07% | airplane: 0.04% | tent: 0.03%
bathtub_0130.npy,bathtub,bathtub,66.47909879684448,bathtub: 66.48% | sofa: 13.15% | bed: 5.53% | car: 4.95% | tent: 3.51%
bathtub_0108.npy,bathtub,bathtub,79.52138185501099,bathtub: 79.52% | sofa: 5.18% | radio: 3.55% | sink: 2.66% | bed: 1.68%
bathtub_0147.npy,bathtub,bathtub,99.39056038856506,bathtub: 99.39% | sofa: 0.52% | toilet: 0.03% | radio: 0.03% | car: 0.01%
bathtub_0140.npy,bathtub,bathtub,98.78729581832886,bathtub: 98.79% | car: 0.38% | bed: 0.12% | vase: 0.11% | toilet: 0.09%
bathtub_0128.npy,bathtub,bathtub,74.91658926010132,bathtub: 74.92% | toilet: 14.95% | sink: 3.32% | car: 2.11% | bowl: 0.85%
bathtub_0117.npy,bathtub,bowl,82.53648281097412,bowl: 82.54% | bathtub: 10.27% | sink: 2.07% | tent: 0.87% | vase: 0.87%
bathtub_0156.npy,bathtub,bathtub,99.53871369361877,bathtub: 99.54% | car: 0.13% | radio: 0.12% | toilet: 0.09% | tent: 0.03%
bathtub_0114.npy,bathtub,bathtub,85.52877902984619,bathtub: 85.53% | table: 7.60% | toilet: 2.87% | tent: 1.11% | bed: 0.81%
bathtub_0121.npy,bathtub,bathtub,97.00919389724731,bathtub: 97.01% | car: 0.80% | tent: 0.72% | sink: 0.57% | radio: 0.21%
bathtub_0129.npy,bathtub,sofa,66.60626530647278,sofa: 66.61% | bed: 24.53% | bowl: 4.69% | bathtub: 1.18% | tent: 0.78%
bathtub_0152.npy,bathtub,bathtub,98.64115118980408,bathtub: 98.64% | sofa: 0.45% | bed: 0.31% | radio: 0.26% | sink: 0.09%
bathtub_0111.npy,bathtub,sofa,43.30216646194458,sofa: 43.30% | bathtub: 9.40% | keyboard: 8.67% | airplane: 4.96% | radio: 4.62%
bathtub_0135.npy,bathtub,bathtub,99.67827796936035,bathtub: 99.68% | toilet: 0.22% | radio: 0.03% | car: 0.02% | sink: 0.01%
bathtub_0109.npy,bathtub,bathtub,63.057106733322144,bathtub: 63.06% | car: 22.13% | sofa: 3.49% | glass_box: 2.79% | radio: 2.24%
bathtub_0150.npy,bathtub,bathtub,98.06190729141235,bathtub: 98.06% | car: 0.70% | sofa: 0.29% | radio: 0.20% | tent: 0.13%
bathtub_0136.npy,bathtub,bathtub,97.15060591697693,bathtub: 97.15% | sofa: 1.64% | bed: 0.55% | radio: 0.19% | toilet: 0.10%
bathtub_0138.npy,bathtub,sofa,30.918896198272705,sofa: 30.92% | bed: 20.95% | tv_stand: 13.22% | table: 11.42% | car: 7.36%
bathtub_0123.npy,bathtub,bathtub,42.441266775131226,bathtub: 42.44% | sofa: 36.38% | tent: 7.27% | radio: 4.92% | bed: 2.91%
bathtub_0115.npy,bathtub,vase,23.183973133563995,vase: 23.18% | flower_pot: 19.55% | cup: 18.52% | bowl: 12.89% | bathtub: 11.85%
bathtub_0141.npy,bathtub,bathtub,77.91684865951538,bathtub: 77.92% | toilet: 12.30% | car: 2.48% | bed: 2.47% | sink: 0.88%
bathtub_0143.npy,bathtub,bathtub,98.57729077339172,bathtub: 98.58% | sofa: 0.73% | radio: 0.22% | bed: 0.12% | tent: 0.08%
bathtub_0122.npy,bathtub,bathtub,69.67544555664062,bathtub: 69.68% | toilet: 23.90% | flower_pot: 1.97% | vase: 1.65% | cup: 1.51%
bathtub_0110.npy,bathtub,bathtub,59.92867350578308,bathtub: 59.93% | sofa: 14.04% | bed: 10.08% | radio: 4.46% | sink: 3.07%
bathtub_0149.npy,bathtub,bathtub,96.8148946762085,bathtub: 96.81% | sink: 0.77% | tent: 0.50% | radio: 0.34% | car: 0.26%
bathtub_0145.npy,bathtub,bathtub,78.06195616722107,bathtub: 78.06% | car: 4.02% | tent: 3.74% | sofa: 3.30% | vase: 2.44%
bathtub_0133.npy,bathtub,bathtub,88.93559575080872,bathtub: 88.94% | sofa: 4.65% | sink: 1.61% | radio: 1.47% | airplane: 0.77%
bathtub_0118.npy,bathtub,bathtub,99.89250302314758,bathtub: 99.89% | sink: 0.03% | radio: 0.03% | bed: 0.02% | toilet: 0.01%
bathtub_0107.npy,bathtub,bathtub,99.94915723800659,bathtub: 99.95% | toilet: 0.03% | car: 0.01%
bathtub_0119.npy,bathtub,toilet,48.90415668487549,toilet: 48.90% | bathtub: 47.18% | tent: 1.76% | table: 0.48% | car: 0.28%
lamp_0144.npy,lamp,bottle,18.8638836145401,bottle: 18.86% | lamp: 14.67% | stool: 10.20% | cup: 9.69% | flower_pot: 7.64%
lamp_0126.npy,lamp,lamp,98.5622227191925,lamp: 98.56% | plant: 0.80% | vase: 0.45% | person: 0.06% | flower_pot: 0.06%
lamp_0132.npy,lamp,curtain,20.14639675617218,curtain: 20.15% | table: 13.13% | door: 6.50% | bottle: 5.75% | bench: 5.67%
lamp_0127.npy,lamp,plant,81.54478073120117,plant: 81.54% | lamp: 5.88% | flower_pot: 5.86% | person: 2.67% | vase: 2.63%
lamp_0140.npy,lamp,plant,24.396467208862305,plant: 24.40% | flower_pot: 23.78% | lamp: 20.33% | stairs: 11.19% | bookshelf: 3.38%
lamp_0135.npy,lamp,lamp,87.94990181922913,lamp: 87.95% | stool: 2.34% | vase: 2.31% | plant: 1.32% | stairs: 1.24%
lamp_0137.npy,lamp,lamp,40.2364045381546,lamp: 40.24% | person: 26.48% | plant: 18.26% | bottle: 4.63% | flower_pot: 2.76%
lamp_0136.npy,lamp,curtain,18.55556070804596,curtain: 18.56% | lamp: 11.65% | bottle: 11.04% | guitar: 7.25% | table: 5.90%
lamp_0138.npy,lamp,lamp,34.67903733253479,lamp: 34.68% | vase: 29.61% | plant: 21.08% | stairs: 4.94% | person: 2.59%
lamp_0129.npy,lamp,stool,35.42346656322479,stool: 35.42% | stairs: 25.10% | chair: 9.13% | xbox: 8.42% | flower_pot: 5.00%
lamp_0139.npy,lamp,lamp,12.188959866762161,lamp: 12.19% | table: 8.74% | guitar: 6.15% | bookshelf: 5.27% | vase: 5.21%
lamp_0141.npy,lamp,person,17.48710572719574,person: 17.49% | curtain: 14.99% | bottle: 8.41% | door: 7.97% | vase: 6.15%
lamp_0131.npy,lamp,lamp,83.30420851707458,lamp: 83.30% | plant: 9.50% | vase: 5.45% | chair: 0.67% | table: 0.34%
lamp_0134.npy,lamp,lamp,36.083394289016724,lamp: 36.08% | curtain: 11.48% | person: 9.20% | bottle: 7.75% | vase: 4.10%
lamp_0130.npy,lamp,vase,10.72920337319374,vase: 10.73% | bottle: 10.10% | bookshelf: 9.60% | flower_pot: 8.09% | wardrobe: 5.52%
lamp_0128.npy,lamp,lamp,42.44604706764221,lamp: 42.45% | plant: 12.68% | flower_pot: 10.85% | stairs: 9.70% | chair: 8.81%
lamp_0142.npy,lamp,lamp,91.79654717445374,lamp: 91.80% | stairs: 2.93% | plant: 2.81% | vase: 1.04% | flower_pot: 0.33%
lamp_0143.npy,lamp,lamp,98.63367676734924,lamp: 98.63% | plant: 0.57% | person: 0.30% | vase: 0.22% | flower_pot: 0.16%
lamp_0125.npy,lamp,curtain,62.90318965911865,curtain: 62.90% | door: 6.69% | person: 3.19% | sink: 1.97% | lamp: 1.79%
lamp_0133.npy,lamp,lamp,66.97801351547241,lamp: 66.98% | person: 13.53% | vase: 4.99% | bottle: 3.60% | plant: 2.69%
guitar_0164.npy,guitar,keyboard,55.982041358947754,keyboard: 55.98% | guitar: 35.28% | laptop: 1.59% | tv_stand: 1.33% | cone: 0.65%
guitar_0243.npy,guitar,guitar,85.09184718132019,guitar: 85.09% | keyboard: 10.51% | laptop: 0.68% | lamp: 0.51% | airplane: 0.41%
guitar_0228.npy,guitar,guitar,82.8300952911377,guitar: 82.83% | keyboard: 9.59% | laptop: 0.83% | lamp: 0.72% | cone: 0.56%
guitar_0176.npy,guitar,guitar,82.1745753288269,guitar: 82.17% | keyboard: 14.67% | laptop: 0.55% | lamp: 0.49% | airplane: 0.27%
guitar_0255.npy,guitar,guitar,73.99574518203735,guitar: 74.00% | keyboard: 20.70% | tv_stand: 0.67% | laptop: 0.59% | lamp: 0.52%
guitar_0230.npy,guitar,keyboard,49.3091344833374,keyboard: 49.31% | guitar: 25.86% | laptop: 4.26% | airplane: 3.65% | tent: 1.91%
guitar_0254.npy,guitar,guitar,84.82956290245056,guitar: 84.83% | keyboard: 8.95% | lamp: 0.84% | laptop: 0.73% | airplane: 0.44%
guitar_0189.npy,guitar,guitar,72.10891842842102,guitar: 72.11% | keyboard: 21.89% | laptop: 0.84% | lamp: 0.74% | airplane: 0.69%
guitar_0238.npy,guitar,guitar,88.70332837104797,guitar: 88.70% | keyboard: 7.91% | laptop: 0.39% | tent: 0.32% | lamp: 0.28%
guitar_0209.npy,guitar,keyboard,58.72730612754822,keyboard: 58.73% | guitar: 28.62% | laptop: 2.26% | airplane: 1.77% | tv_stand: 1.19%
guitar_0188.npy,guitar,guitar,30.471429228782654,guitar: 30.47% | curtain: 14.07% | sofa: 13.08% | radio: 5.82% | bookshelf: 5.82%
guitar_0171.npy,guitar,guitar,53.595906496047974,guitar: 53.60% | keyboard: 23.49% | airplane: 3.33% | laptop: 3.14% | lamp: 1.53%
guitar_0231.npy,guitar,guitar,86.68342232704163,guitar: 86.68% | keyboard: 9.56% | laptop: 0.49% | lamp: 0.42% | tent: 0.29%
guitar_0212.npy,guitar,guitar,64.40584659576416,guitar: 64.41% | keyboard: 13.86% | tv_stand: 7.68% | bench: 2.23% | radio: 1.14%
guitar_0234.npy,guitar,guitar,67.77724623680115,guitar: 67.78% | keyboard: 25.37% | laptop: 0.96% | tv_stand: 0.90% | airplane: 0.67%
guitar_0162.npy,guitar,guitar,34.020790457725525,guitar: 34.02% | curtain: 16.05% | door: 9.06% | sofa: 5.55% | radio: 4.35%
guitar_0233.npy,guitar,guitar,87.72118091583252,guitar: 87.72% | keyboard: 7.64% | laptop: 0.58% | lamp: 0.42% | cone: 0.41%
guitar_0205.npy,guitar,guitar,77.25632190704346,guitar: 77.26% | keyboard: 11.04% | tv_stand: 3.00% | lamp: 0.92% | stairs: 0.77%
guitar_0248.npy,guitar,guitar,80.14155626296997,guitar: 80.14% | keyboard: 9.69% | tv_stand: 2.68% | lamp: 0.87% | stairs: 0.63%
guitar_0251.npy,guitar,curtain,24.239574372768402,curtain: 24.24% | guitar: 21.79% | door: 10.83% | sofa: 7.17% | bookshelf: 3.12%
guitar_0225.npy,guitar,guitar,87.39643692970276,guitar: 87.40% | keyboard: 7.50% | lamp: 0.55% | laptop: 0.53% | bottle: 0.38%
guitar_0165.npy,guitar,guitar,60.510051250457764,guitar: 60.51% | keyboard: 35.37% | laptop: 0.82% | tv_stand: 0.81% | lamp: 0.45%
guitar_0172.npy,guitar,guitar,83.13632607460022,guitar: 83.14% | keyboard: 13.46% | tv_stand: 0.97% | laptop: 0.23% | lamp: 0.22%
guitar_0177.npy,guitar,guitar,83.50441455841064,guitar: 83.50% | keyboard: 11.56% | laptop: 0.68% | lamp: 0.62% | airplane: 0.55%
guitar_0247.npy,guitar,guitar,81.5813422203064,guitar: 81.58% | keyboard: 14.10% | laptop: 0.48% | tv_stand: 0.45% | lamp: 0.39%
guitar_0236.npy,guitar,guitar,77.98747420310974,guitar: 77.99% | keyboard: 12.28% | laptop: 0.96% | airplane: 0.77% | lamp: 0.77%
guitar_0196.npy,guitar,guitar,88.1438672542572,guitar: 88.14% | keyboard: 6.66% | lamp: 0.59% | laptop: 0.56% | cone: 0.34%
guitar_0168.npy,guitar,guitar,60.716527700424194,guitar: 60.72% | keyboard: 36.05% | laptop: 0.56% | airplane: 0.47% | lamp: 0.39%
guitar_0195.npy,guitar,airplane,43.066635727882385,airplane: 43.07% | laptop: 22.88% | guitar: 14.30% | keyboard: 4.28% | cup: 1.96%
guitar_0194.npy,guitar,guitar,66.85854196548462,guitar: 66.86% | keyboard: 24.97% | tv_stand: 2.20% | airplane: 0.55% | laptop: 0.50%
guitar_0229.npy,guitar,guitar,66.78168773651123,guitar: 66.78% | keyboard: 22.45% | laptop: 1.14% | tv_stand: 1.14% | airplane: 1.01%
guitar_0200.npy,guitar,keyboard,52.593016624450684,keyboard: 52.59% | guitar: 39.02% | laptop: 1.28% | tv_stand: 0.99% | airplane: 0.78%
guitar_0157.npy,guitar,guitar,70.57890892028809,guitar: 70.58% | keyboard: 22.57% | laptop: 0.83% | tv_stand: 0.76% | airplane: 0.67%
guitar_0173.npy,guitar,guitar,58.72436165809631,guitar: 58.72% | keyboard: 37.61% | laptop: 0.63% | tv_stand: 0.48% | lamp: 0.44%
guitar_0190.npy,guitar,guitar,79.77467179298401,guitar: 79.77% | keyboard: 11.43% | laptop: 1.02% | lamp: 0.94% | airplane: 0.85%
guitar_0156.npy,guitar,laptop,33.63896608352661,laptop: 33.64% | airplane: 28.48% | guitar: 17.75% | keyboard: 10.59% | lamp: 1.24%
guitar_0163.npy,guitar,guitar,26.947668194770813,guitar: 26.95% | curtain: 11.27% | sofa: 10.26% | bookshelf: 10.04% | radio: 6.23%
guitar_0244.npy,guitar,guitar,86.80161833763123,guitar: 86.80% | keyboard: 7.83% | laptop: 0.51% | lamp: 0.51% | bottle: 0.42%
guitar_0197.npy,guitar,guitar,88.44628930091858,guitar: 88.45% | keyboard: 7.90% | laptop: 0.49% | lamp: 0.39% | cone: 0.28%
guitar_0178.npy,guitar,guitar,74.38600063323975,guitar: 74.39% | keyboard: 16.33% | tv_stand: 0.82% | laptop: 0.77% | airplane: 0.72%
guitar_0235.npy,guitar,guitar,90.29411673545837,guitar: 90.29% | keyboard: 8.23% | laptop: 0.28% | lamp: 0.25% | bottle: 0.14%
guitar_0253.npy,guitar,guitar,55.66934943199158,guitar: 55.67% | keyboard: 31.26% | laptop: 2.55% | tent: 1.08% | cone: 1.02%
guitar_0183.npy,guitar,guitar,84.57736372947693,guitar: 84.58% | keyboard: 10.76% | laptop: 0.63% | lamp: 0.62% | bottle: 0.39%
guitar_0223.npy,guitar,guitar,68.19702386856079,guitar: 68.20% | keyboard: 25.01% | airplane: 2.11% | laptop: 1.36% | lamp: 0.63%
guitar_0182.npy,guitar,guitar,89.7223174571991,guitar: 89.72% | keyboard: 7.16% | laptop: 0.40% | lamp: 0.36% | bottle: 0.28%
guitar_0169.npy,guitar,guitar,35.4692280292511,guitar: 35.47% | curtain: 15.33% | door: 6.72% | sofa: 5.45% | bookshelf: 4.63%
guitar_0213.npy,guitar,guitar,68.57287883758545,guitar: 68.57% | keyboard: 26.02% | laptop: 0.75% | tv_stand: 0.66% | airplane: 0.53%
guitar_0201.npy,guitar,keyboard,58.218395709991455,keyboard: 58.22% | guitar: 30.83% | laptop: 2.20% | airplane: 1.31% | tv_stand: 1.12%
guitar_0240.npy,guitar,guitar,88.92942667007446,guitar: 88.93% | keyboard: 8.89% | laptop: 0.38% | lamp: 0.31% | bottle: 0.16%
guitar_0227.npy,guitar,guitar,74.01944398880005,guitar: 74.02% | keyboard: 19.30% | laptop: 0.83% | airplane: 0.80% | tv_stand: 0.72%
guitar_0237.npy,guitar,guitar,77.91906595230103,guitar: 77.92% | keyboard: 14.30% | laptop: 1.15% | airplane: 0.71% | lamp: 0.65%
guitar_0217.npy,guitar,guitar,21.177785098552704,guitar: 21.18% | keyboard: 21.12% | airplane: 20.26% | tv_stand: 7.65% | bench: 5.77%
guitar_0180.npy,guitar,guitar,73.40548038482666,guitar: 73.41% | keyboard: 22.81% | tv_stand: 0.72% | laptop: 0.51% | lamp: 0.37%
guitar_0216.npy,guitar,keyboard,63.588398694992065,keyboard: 63.59% | guitar: 28.38% | laptop: 1.74% | tv_stand: 1.00% | airplane: 0.66%
guitar_0214.npy,guitar,guitar,66.99825525283813,guitar: 67.00% | keyboard: 27.07% | laptop: 0.91% | tv_stand: 0.72% | airplane: 0.71%
guitar_0175.npy,guitar,guitar,67.631596326828,guitar: 67.63% | keyboard: 27.16% | laptop: 0.76% | tv_stand: 0.63% | airplane: 0.49%
guitar_0166.npy,guitar,guitar,65.84830284118652,guitar: 65.85% | keyboard: 27.67% | laptop: 0.87% | tv_stand: 0.81% | lamp: 0.49%
guitar_0186.npy,guitar,guitar,64.02552723884583,guitar: 64.03% | keyboard: 26.76% | laptop: 1.14% | tv_stand: 1.04% | airplane: 0.92%
guitar_0245.npy,guitar,guitar,86.61293983459473,guitar: 86.61% | keyboard: 9.02% | lamp: 0.63% | laptop: 0.60% | airplane: 0.34%
guitar_0179.npy,guitar,guitar,68.44717264175415,guitar: 68.45% | keyboard: 25.66% | tv_stand: 0.96% | lamp: 0.83% | laptop: 0.76%
guitar_0193.npy,guitar,guitar,76.26936435699463,guitar: 76.27% | keyboard: 16.01% | lamp: 1.08% | airplane: 1.03% | laptop: 0.97%
guitar_0218.npy,guitar,guitar,69.4904625415802,guitar: 69.49% | keyboard: 19.34% | laptop: 1.26% | tv_stand: 1.19% | airplane: 0.95%
guitar_0215.npy,guitar,guitar,35.4692280292511,guitar: 35.47% | curtain: 15.33% | door: 6.72% | sofa: 5.45% | bookshelf: 4.63%
guitar_0174.npy,guitar,guitar,83.61797332763672,guitar: 83.62% | keyboard: 12.53% | laptop: 0.65% | lamp: 0.58% | bottle: 0.28%
guitar_0207.npy,guitar,guitar,60.786521434783936,guitar: 60.79% | keyboard: 33.48% | tv_stand: 1.31% | airplane: 0.84% | laptop: 0.74%
guitar_0187.npy,guitar,guitar,77.55283713340759,guitar: 77.55% | keyboard: 17.31% | tv_stand: 0.77% | laptop: 0.59% | lamp: 0.51%
guitar_0198.npy,guitar,guitar,87.7278745174408,guitar: 87.73% | keyboard: 8.60% | laptop: 0.50% | lamp: 0.42% | bottle: 0.30%
guitar_0242.npy,guitar,guitar,82.43868947029114,guitar: 82.44% | keyboard: 11.97% | laptop: 0.63% | lamp: 0.57% | bottle: 0.45%
guitar_0161.npy,guitar,guitar,87.87450194358826,guitar: 87.87% | keyboard: 8.32% | laptop: 0.51% | lamp: 0.51% | bottle: 0.29%
guitar_0226.npy,guitar,guitar,76.91659927368164,guitar: 76.92% | keyboard: 13.62% | tv_stand: 1.63% | lamp: 1.19% | laptop: 0.68%
guitar_0224.npy,guitar,airplane,87.22715973854065,airplane: 87.23% | laptop: 7.15% | keyboard: 2.98% | glass_box: 0.48% | monitor: 0.27%
guitar_0167.npy,guitar,guitar,71.25951647758484,guitar: 71.26% | keyboard: 18.85% | laptop: 0.95% | airplane: 0.91% | tv_stand: 0.88%
guitar_0192.npy,guitar,guitar,71.74437642097473,guitar: 71.74% | keyboard: 25.83% | laptop: 0.43% | tv_stand: 0.33% | lamp: 0.26%
guitar_0203.npy,guitar,guitar,81.83006048202515,guitar: 81.83% | keyboard: 10.76% | laptop: 0.89% | airplane: 0.66% | lamp: 0.65%
guitar_0222.npy,guitar,guitar,77.91906595230103,guitar: 77.92% | keyboard: 14.30% | laptop: 1.15% | airplane: 0.71% | lamp: 0.65%
guitar_0181.npy,guitar,guitar,90.68579077720642,guitar: 90.69% | keyboard: 6.48% | laptop: 0.42% | lamp: 0.37% | cone: 0.21%
guitar_0159.npy,guitar,guitar,33.87089669704437,guitar: 33.87% | curtain: 18.70% | door: 11.46% | sofa: 4.06% | radio: 2.83%
guitar_0249.npy,guitar,guitar,81.86282515525818,guitar: 81.86% | keyboard: 7.51% | laptop: 1.04% | lamp: 1.03% | airplane: 0.82%
guitar_0246.npy,guitar,airplane,42.17889904975891,airplane: 42.18% | laptop: 33.59% | guitar: 8.74% | keyboard: 6.47% | cup: 1.11%
guitar_0250.npy,guitar,guitar,85.12343168258667,guitar: 85.12% | keyboard: 8.79% | laptop: 0.77% | lamp: 0.53% | cone: 0.48%
guitar_0210.npy,guitar,guitar,84.16476845741272,guitar: 84.16% | keyboard: 10.78% | laptop: 0.72% | airplane: 0.60% | lamp: 0.53%
guitar_0184.npy,guitar,keyboard,71.0764467716217,keyboard: 71.08% | guitar: 20.22% | laptop: 1.59% | tv_stand: 1.12% | airplane: 0.76%
guitar_0170.npy,guitar,guitar,59.6758246421814,guitar: 59.68% | keyboard: 32.13% | tv_stand: 1.68% | lamp: 0.95% | laptop: 0.86%
guitar_0239.npy,guitar,guitar,51.57724618911743,guitar: 51.58% | keyboard: 36.54% | airplane: 1.59% | laptop: 1.36% | tv_stand: 1.11%
guitar_0219.npy,guitar,guitar,63.54638934135437,guitar: 63.55% | keyboard: 20.92% | airplane: 2.35% | laptop: 1.62% | tv_stand: 1.38%
guitar_0191.npy,guitar,airplane,36.91276013851166,airplane: 36.91% | laptop: 31.82% | guitar: 13.67% | keyboard: 6.42% | vase: 1.31%
guitar_0202.npy,guitar,guitar,60.38840413093567,guitar: 60.39% | keyboard: 30.94% | laptop: 1.01% | airplane: 0.94% | tv_stand: 0.87%
guitar_0185.npy,guitar,guitar,85.73317527770996,guitar: 85.73% | keyboard: 8.07% | tv_stand: 0.90% | lamp: 0.84% | stairs: 0.46%
guitar_0206.npy,guitar,guitar,54.28997874259949,guitar: 54.29% | keyboard: 36.78% | laptop: 1.38% | airplane: 0.88% | tv_stand: 0.82%
guitar_0220.npy,guitar,guitar,42.2962486743927,guitar: 42.30% | curtain: 12.96% | door: 6.08% | sofa: 3.99% | bookshelf: 3.57%
guitar_0158.npy,guitar,guitar,56.23742938041687,guitar: 56.24% | keyboard: 17.27% | tv_stand: 13.09% | bed: 1.99% | sink: 1.59%
guitar_0232.npy,guitar,guitar,89.42282199859619,guitar: 89.42% | keyboard: 6.82% | laptop: 0.49% | lamp: 0.40% | bottle: 0.31%
guitar_0208.npy,guitar,keyboard,30.359646677970886,keyboard: 30.36% | guitar: 27.61% | tv_stand: 14.27% | airplane: 5.79% | bench: 5.63%
guitar_0160.npy,guitar,guitar,83.90154242515564,guitar: 83.90% | keyboard: 10.61% | lamp: 0.77% | laptop: 0.66% | bottle: 0.41%
guitar_0204.npy,guitar,guitar,84.75683927536011,guitar: 84.76% | keyboard: 11.71% | laptop: 0.51% | lamp: 0.31% | bottle: 0.31%
guitar_0211.npy,guitar,guitar,86.2608790397644,guitar: 86.26% | keyboard: 9.77% | laptop: 0.55% | lamp: 0.45% | bottle: 0.30%
guitar_0199.npy,guitar,guitar,68.6880350112915,guitar: 68.69% | keyboard: 22.54% | laptop: 1.04% | tv_stand: 0.94% | lamp: 0.74%
guitar_0221.npy,guitar,guitar,70.36341428756714,guitar: 70.36% | keyboard: 23.31% | laptop: 0.83% | tv_stand: 0.75% | lamp: 0.54%
guitar_0241.npy,guitar,guitar,84.57552194595337,guitar: 84.58% | keyboard: 9.45% | lamp: 0.80% | laptop: 0.76% | bottle: 0.42%
guitar_0252.npy,guitar,guitar,71.36813998222351,guitar: 71.37% | keyboard: 22.80% | laptop: 0.72% | tv_stand: 0.69% | lamp: 0.49%
tv_stand_0274.npy,tv_stand,table,85.3932797908783,table: 85.39% | piano: 13.73% | bowl: 0.25% | monitor: 0.16% | glass_box: 0.13%
tv_stand_0363.npy,tv_stand,tv_stand,48.13495576381683,tv_stand: 48.13% | table: 41.51% | piano: 3.80% | bed: 2.97% | radio: 1.27%
tv_stand_0272.npy,tv_stand,tv_stand,87.72310614585876,tv_stand: 87.72% | bench: 6.54% | bookshelf: 2.19% | sink: 1.06% | piano: 0.85%
tv_stand_0338.npy,tv_stand,tv_stand,85.88734865188599,tv_stand: 85.89% | bookshelf: 13.22% | radio: 0.39% | mantel: 0.20% | table: 0.13%
tv_stand_0326.npy,tv_stand,tv_stand,87.58153915405273,tv_stand: 87.58% | radio: 3.62% | bookshelf: 2.49% | mantel: 1.42% | sink: 1.25%
tv_stand_0308.npy,tv_stand,table,85.52019000053406,table: 85.52% | tv_stand: 9.84% | desk: 2.04% | bed: 0.77% | bench: 0.54%
tv_stand_0359.npy,tv_stand,bookshelf,49.572864174842834,bookshelf: 49.57% | tv_stand: 45.89% | radio: 3.30% | bench: 0.59% | desk: 0.24%
tv_stand_0299.npy,tv_stand,bench,32.55634903907776,bench: 32.56% | tv_stand: 31.05% | bookshelf: 11.75% | radio: 4.50% | guitar: 3.42%
tv_stand_0271.npy,tv_stand,range_hood,54.88799810409546,range_hood: 54.89% | piano: 39.38% | tv_stand: 1.92% | glass_box: 1.63% | radio: 0.47%
tv_stand_0281.npy,tv_stand,tv_stand,88.13135027885437,tv_stand: 88.13% | radio: 6.41% | sink: 2.60% | piano: 1.36% | bookshelf: 1.14%
tv_stand_0367.npy,tv_stand,tv_stand,51.686739921569824,tv_stand: 51.69% | bench: 24.91% | mantel: 11.46% | radio: 6.59% | bookshelf: 2.30%
tv_stand_0322.npy,tv_stand,tv_stand,92.76222586631775,tv_stand: 92.76% | bench: 2.28% | bookshelf: 2.18% | desk: 0.62% | radio: 0.56%
tv_stand_0362.npy,tv_stand,night_stand,87.25677132606506,night_stand: 87.26% | dresser: 3.90% | tv_stand: 3.28% | monitor: 2.44% | mantel: 2.11%
tv_stand_0332.npy,tv_stand,tv_stand,93.63027811050415,tv_stand: 93.63% | bench: 2.92% | bookshelf: 1.93% | desk: 0.66% | radio: 0.31%
tv_stand_0354.npy,tv_stand,bookshelf,50.734513998031616,bookshelf: 50.73% | tv_stand: 31.26% | radio: 7.86% | piano: 7.64% | wardrobe: 0.86%
tv_stand_0285.npy,tv_stand,tv_stand,96.12533450126648,tv_stand: 96.13% | bookshelf: 1.58% | night_stand: 0.79% | glass_box: 0.75% | table: 0.33%
tv_stand_0309.npy,tv_stand,mantel,67.74042844772339,mantel: 67.74% | bench: 18.19% | piano: 8.62% | tv_stand: 2.36% | radio: 1.42%
tv_stand_0361.npy,tv_stand,tv_stand,56.77988529205322,tv_stand: 56.78% | sink: 11.18% | radio: 5.75% | bench: 4.14% | bookshelf: 3.31%
tv_stand_0347.npy,tv_stand,glass_box,82.97778964042664,glass_box: 82.98% | tv_stand: 4.74% | table: 2.56% | radio: 2.43% | car: 1.72%
tv_stand_0300.npy,tv_stand,tv_stand,94.04378533363342,tv_stand: 94.04% | bench: 5.32% | bookshelf: 0.47% | bed: 0.04% | piano: 0.03%
tv_stand_0360.npy,tv_stand,tv_stand,78.09078097343445,tv_stand: 78.09% | radio: 10.09% | sink: 4.93% | range_hood: 2.27% | bench: 1.72%
tv_stand_0355.npy,tv_stand,radio,34.20058488845825,radio: 34.20% | bathtub: 31.28% | dresser: 8.04% | toilet: 7.65% | sink: 6.80%
tv_stand_0291.npy,tv_stand,table,72.58396744728088,table: 72.58% | tv_stand: 22.63% | bed: 3.70% | desk: 0.59% | piano: 0.26%
tv_stand_0334.npy,tv_stand,glass_box,22.374434769153595,glass_box: 22.37% | tv_stand: 19.23% | table: 10.37% | desk: 9.08% | sofa: 8.77%
tv_stand_0320.npy,tv_stand,desk,36.909836530685425,desk: 36.91% | tv_stand: 32.88% | radio: 11.90% | glass_box: 6.03% | piano: 5.53%
tv_stand_0297.npy,tv_stand,tv_stand,97.30342626571655,tv_stand: 97.30% | radio: 1.27% | bookshelf: 0.75% | sink: 0.26% | piano: 0.12%
tv_stand_0345.npy,tv_stand,tv_stand,80.66192865371704,tv_stand: 80.66% | bench: 12.39% | bookshelf: 3.23% | radio: 0.90% | glass_box: 0.58%
tv_stand_0316.npy,tv_stand,tv_stand,61.98636293411255,tv_stand: 61.99% | radio: 15.85% | sink: 5.75% | glass_box: 5.08% | mantel: 4.46%
tv_stand_0293.npy,tv_stand,bench,38.47576677799225,bench: 38.48% | tv_stand: 35.52% | bookshelf: 9.14% | radio: 4.64% | wardrobe: 3.12%
tv_stand_0343.npy,tv_stand,tv_stand,59.98222231864929,tv_stand: 59.98% | bench: 36.64% | bookshelf: 1.02% | wardrobe: 0.31% | bed: 0.30%
tv_stand_0268.npy,tv_stand,tv_stand,88.34298253059387,tv_stand: 88.34% | piano: 4.00% | bench: 2.72% | bookshelf: 2.44% | radio: 0.64%
tv_stand_0269.npy,tv_stand,bookshelf,60.01167297363281,bookshelf: 60.01% | radio: 19.84% | mantel: 4.19% | sofa: 3.47% | tv_stand: 1.92%
tv_stand_0303.npy,tv_stand,tv_stand,38.88670802116394,tv_stand: 38.89% | table: 24.55% | radio: 11.58% | piano: 7.45% | desk: 4.71%
tv_stand_0318.npy,tv_stand,bathtub,25.219932198524475,bathtub: 25.22% | sink: 16.50% | tv_stand: 15.21% | bench: 10.67% | glass_box: 3.61%
tv_stand_0340.npy,tv_stand,tv_stand,73.18013906478882,tv_stand: 73.18% | piano: 8.38% | radio: 8.22% | glass_box: 3.67% | sink: 3.08%
tv_stand_0311.npy,tv_stand,tv_stand,51.204800605773926,tv_stand: 51.20% | piano: 28.16% | table: 17.90% | dresser: 1.49% | chair: 0.58%
tv_stand_0290.npy,tv_stand,desk,44.656920433044434,desk: 44.66% | table: 25.37% | toilet: 14.31% | radio: 6.83% | night_stand: 2.76%
tv_stand_0312.npy,tv_stand,tv_stand,86.14505529403687,tv_stand: 86.15% | radio: 7.11% | sink: 2.65% | piano: 1.74% | mantel: 0.99%
tv_stand_0358.npy,tv_stand,tv_stand,70.40009498596191,tv_stand: 70.40% | bench: 24.49% | bookshelf: 1.49% | desk: 0.98% | piano: 0.62%
tv_stand_0314.npy,tv_stand,glass_box,27.337688207626343,glass_box: 27.34% | tv_stand: 19.32% | radio: 17.92% | desk: 14.63% | dresser: 11.80%
tv_stand_0344.npy,tv_stand,tv_stand,48.2162207365036,tv_stand: 48.22% | desk: 27.11% | table: 17.60% | radio: 4.82% | piano: 1.20%
tv_stand_0366.npy,tv_stand,tv_stand,84.72501039505005,tv_stand: 84.73% | bench: 7.64% | sink: 4.15% | bed: 2.09% | range_hood: 0.41%
tv_stand_0294.npy,tv_stand,tv_stand,63.20347785949707,tv_stand: 63.20% | bench: 29.82% | bookshelf: 2.10% | stairs: 0.92% | radio: 0.91%
tv_stand_0317.npy,tv_stand,tv_stand,75.01484155654907,tv_stand: 75.01% | radio: 10.77% | bookshelf: 9.22% | sink: 4.23% | range_hood: 0.38%
tv_stand_0337.npy,tv_stand,bed,30.77225685119629,bed: 30.77% | sink: 30.07% | bowl: 9.37% | glass_box: 5.08% | radio: 4.48%
tv_stand_0278.npy,tv_stand,tv_stand,83.37551355361938,tv_stand: 83.38% | bench: 7.93% | car: 1.91% | range_hood: 1.62% | bookshelf: 1.40%
tv_stand_0364.npy,tv_stand,tv_stand,61.961424350738525,tv_stand: 61.96% | sink: 10.10% | glass_box: 9.44% | radio: 4.57% | bookshelf: 3.47%
tv_stand_0273.npy,tv_stand,tv_stand,89.5034670829773,tv_stand: 89.50% | bookshelf: 9.07% | radio: 0.61% | piano: 0.28% | bench: 0.21%
tv_stand_0301.npy,tv_stand,tv_stand,93.4282124042511,tv_stand: 93.43% | radio: 1.84% | bench: 1.07% | bookshelf: 0.98% | sink: 0.82%
tv_stand_0286.npy,tv_stand,tv_stand,57.01465606689453,tv_stand: 57.01% | bench: 22.68% | bookshelf: 9.67% | piano: 1.76% | radio: 1.55%
tv_stand_0331.npy,tv_stand,tv_stand,97.11297154426575,tv_stand: 97.11% | bench: 1.88% | bookshelf: 0.51% | desk: 0.20% | piano: 0.09%
tv_stand_0346.npy,tv_stand,tv_stand,63.79057765007019,tv_stand: 63.79% | bench: 15.60% | bed: 4.19% | glass_box: 4.00% | table: 1.85%
tv_stand_0315.npy,tv_stand,tv_stand,68.06259751319885,tv_stand: 68.06% | sink: 11.82% | radio: 4.60% | bookshelf: 4.36% | glass_box: 4.30%
tv_stand_0288.npy,tv_stand,tv_stand,46.082502603530884,tv_stand: 46.08% | bookshelf: 17.11% | piano: 8.33% | radio: 5.69% | chair: 5.23%
tv_stand_0307.npy,tv_stand,tv_stand,84.88080501556396,tv_stand: 84.88% | bench: 7.78% | car: 2.75% | range_hood: 0.82% | bookshelf: 0.80%
tv_stand_0333.npy,tv_stand,tv_stand,85.41901707649231,tv_stand: 85.42% | bench: 10.08% | bookshelf: 1.77% | radio: 0.98% | desk: 0.48%
tv_stand_0306.npy,tv_stand,tv_stand,52.33317017555237,tv_stand: 52.33% | bookshelf: 21.53% | radio: 13.30% | desk: 6.69% | piano: 1.51%
tv_stand_0329.npy,tv_stand,tv_stand,54.41730618476868,tv_stand: 54.42% | bookshelf: 40.86% | wardrobe: 4.47% | radio: 0.06% | xbox: 0.04%
tv_stand_0342.npy,tv_stand,tv_stand,98.9569902420044,tv_stand: 98.96% | bookshelf: 0.89% | night_stand: 0.08% | mantel: 0.06% | sink: 0.01%
tv_stand_0302.npy,tv_stand,bench,50.64073204994202,bench: 50.64% | tv_stand: 45.54% | bookshelf: 1.41% | bed: 0.51% | car: 0.34%
tv_stand_0323.npy,tv_stand,tv_stand,70.01999616622925,tv_stand: 70.02% | bookshelf: 28.13% | radio: 0.97% | piano: 0.49% | desk: 0.15%
tv_stand_0321.npy,tv_stand,table,72.69194722175598,table: 72.69% | tv_stand: 20.82% | bed: 4.58% | desk: 0.68% | piano: 0.66%
tv_stand_0327.npy,tv_stand,tv_stand,71.75844311714172,tv_stand: 71.76% | bookshelf: 11.13% | piano: 10.45% | radio: 4.45% | range_hood: 0.96%
tv_stand_0324.npy,tv_stand,tv_stand,92.89906620979309,tv_stand: 92.90% | piano: 1.08% | stairs: 0.79% | bench: 0.74% | sink: 0.73%
tv_stand_0356.npy,tv_stand,tv_stand,93.36504936218262,tv_stand: 93.37% | piano: 3.77% | radio: 2.07% | mantel: 0.49% | range_hood: 0.20%
tv_stand_0319.npy,tv_stand,tv_stand,90.29436111450195,tv_stand: 90.29% | bench: 7.82% | bookshelf: 0.34% | wardrobe: 0.28% | range_hood: 0.24%
tv_stand_0283.npy,tv_stand,bench,54.32823300361633,bench: 54.33% | bookshelf: 26.40% | tv_stand: 9.72% | mantel: 2.41% | radio: 2.13%
tv_stand_0352.npy,tv_stand,tv_stand,68.26059818267822,tv_stand: 68.26% | mantel: 11.24% | night_stand: 10.48% | bookshelf: 8.28% | piano: 1.61%
tv_stand_0341.npy,tv_stand,table,58.18071365356445,table: 58.18% | tv_stand: 31.17% | desk: 3.25% | piano: 2.30% | radio: 1.26%
tv_stand_0357.npy,tv_stand,tv_stand,57.26163387298584,tv_stand: 57.26% | dresser: 7.26% | radio: 7.15% | table: 4.72% | glass_box: 4.03%
tv_stand_0289.npy,tv_stand,bench,43.31772327423096,bench: 43.32% | tv_stand: 32.68% | glass_box: 4.71% | bed: 2.85% | sofa: 1.81%
tv_stand_0349.npy,tv_stand,table,95.98779678344727,table: 95.99% | desk: 2.84% | night_stand: 0.69% | tv_stand: 0.41% | piano: 0.04%
tv_stand_0350.npy,tv_stand,tv_stand,93.78825426101685,tv_stand: 93.79% | bench: 3.51% | bookshelf: 1.13% | piano: 0.87% | sink: 0.24%
tv_stand_0310.npy,tv_stand,desk,44.46823596954346,desk: 44.47% | tv_stand: 42.63% | piano: 5.70% | table: 4.73% | radio: 1.57%
tv_stand_0351.npy,tv_stand,tv_stand,60.643357038497925,tv_stand: 60.64% | bookshelf: 19.29% | sink: 12.48% | radio: 3.47% | chair: 1.99%
tv_stand_0287.npy,tv_stand,tv_stand,93.64917278289795,tv_stand: 93.65% | bookshelf: 5.56% | radio: 0.30% | table: 0.29% | piano: 0.08%
tv_stand_0270.npy,tv_stand,tv_stand,96.91735506057739,tv_stand: 96.92% | radio: 0.76% | sink: 0.59% | bench: 0.56% | mantel: 0.55%
tv_stand_0295.npy,tv_stand,tv_stand,94.61344480514526,tv_stand: 94.61% | night_stand: 3.19% | table: 0.95% | sink: 0.39% | bookshelf: 0.37%
tv_stand_0325.npy,tv_stand,tv_stand,68.94398927688599,tv_stand: 68.94% | bookshelf: 24.85% | sink: 2.49% | radio: 2.24% | bench: 0.51%
tv_stand_0298.npy,tv_stand,tv_stand,84.03341770172119,tv_stand: 84.03% | bench: 10.62% | bookshelf: 2.56% | desk: 1.34% | radio: 0.35%
tv_stand_0292.npy,tv_stand,desk,52.504897117614746,desk: 52.50% | table: 17.82% | tv_stand: 10.90% | piano: 10.32% | radio: 2.73%
tv_stand_0353.npy,tv_stand,tv_stand,73.51683974266052,tv_stand: 73.52% | bookshelf: 19.31% | bench: 1.70% | radio: 1.55% | sink: 0.88%
tv_stand_0330.npy,tv_stand,tv_stand,45.797935128211975,tv_stand: 45.80% | bench: 39.97% | car: 3.44% | bookshelf: 2.03% | stairs: 1.46%
tv_stand_0335.npy,tv_stand,table,29.936251044273376,table: 29.94% | sofa: 14.89% | tv_stand: 13.69% | radio: 12.64% | glass_box: 10.90%
tv_stand_0339.npy,tv_stand,bookshelf,50.32697319984436,bookshelf: 50.33% | tv_stand: 44.44% | bench: 3.29% | sink: 0.62% | radio: 0.53%
tv_stand_0275.npy,tv_stand,bookshelf,44.45662796497345,bookshelf: 44.46% | bench: 18.20% | mantel: 12.28% | radio: 7.40% | tv_stand: 6.21%
tv_stand_0276.npy,tv_stand,tv_stand,61.054790019989014,tv_stand: 61.05% | bench: 32.91% | bookshelf: 1.96% | range_hood: 1.08% | car: 0.52%
tv_stand_0305.npy,tv_stand,table,49.4017094373703,table: 49.40% | tv_stand: 31.35% | piano: 13.79% | desk: 2.08% | bed: 1.85%
tv_stand_0279.npy,tv_stand,tv_stand,52.721160650253296,tv_stand: 52.72% | bench: 33.15% | bookshelf: 2.29% | car: 1.57% | guitar: 1.44%
tv_stand_0336.npy,tv_stand,glass_box,41.91916286945343,glass_box: 41.92% | tv_stand: 20.94% | sink: 16.50% | radio: 9.69% | piano: 5.26%
tv_stand_0280.npy,tv_stand,tv_stand,95.38098573684692,tv_stand: 95.38% | table: 2.66% | bookshelf: 1.20% | radio: 0.37% | chair: 0.17%
tv_stand_0277.npy,tv_stand,tv_stand,57.79144763946533,tv_stand: 57.79% | radio: 19.37% | glass_box: 9.39% | piano: 4.57% | desk: 4.25%
tv_stand_0328.npy,tv_stand,tv_stand,96.49192094802856,tv_stand: 96.49% | bench: 2.43% | bookshelf: 0.50% | desk: 0.22% | sink: 0.17%
tv_stand_0296.npy,tv_stand,sofa,56.48564696311951,sofa: 56.49% | tent: 15.36% | bed: 10.26% | bathtub: 4.62% | bowl: 4.50%
tv_stand_0365.npy,tv_stand,tv_stand,63.755977153778076,tv_stand: 63.76% | bookshelf: 35.88% | radio: 0.08% | wardrobe: 0.06% | sink: 0.06%
tv_stand_0304.npy,tv_stand,tv_stand,62.60705590248108,tv_stand: 62.61% | glass_box: 15.01% | sink: 6.76% | mantel: 4.42% | bench: 3.60%
tv_stand_0284.npy,tv_stand,tv_stand,93.44655871391296,tv_stand: 93.45% | bookshelf: 2.45% | radio: 1.13% | sink: 1.05% | glass_box: 0.95%
tv_stand_0282.npy,tv_stand,tv_stand,42.73528456687927,tv_stand: 42.74% | table: 17.14% | bed: 6.88% | glass_box: 5.11% | sofa: 4.96%
tv_stand_0348.npy,tv_stand,table,80.90890645980835,table: 80.91% | tv_stand: 17.98% | desk: 0.24% | chair: 0.24% | radio: 0.19%
tv_stand_0313.npy,tv_stand,tv_stand,90.53728580474854,tv_stand: 90.54% | bench: 7.73% | bookshelf: 0.68% | radio: 0.26% | piano: 0.23%
bed_0516.npy,bed,bed,59.47727560997009,bed: 59.48% | table: 29.46% | tv_stand: 3.59% | night_stand: 2.44% | piano: 2.37%
bed_0610.npy,bed,bed,99.25265312194824,bed: 99.25% | sofa: 0.67% | sink: 0.04% | bowl: 0.01% | night_stand: 0.01%
bed_0609.npy,bed,bed,99.61280226707458,bed: 99.61% | sink: 0.25% | tv_stand: 0.06% | radio: 0.03% | sofa: 0.03%
bed_0523.npy,bed,bed,96.08113765716553,bed: 96.08% | sink: 2.18% | radio: 0.74% | bathtub: 0.31% | sofa: 0.13%
bed_0594.npy,bed,bed,99.99855756759644,bed: 100.00%
bed_0530.npy,bed,bed,99.99496936798096,bed: 99.99%
bed_0585.npy,bed,bed,99.97484087944031,bed: 99.97% | sink: 0.01% | sofa: 0.01%
bed_0572.npy,bed,bed,91.76703095436096,bed: 91.77% | table: 6.02% | tv_stand: 0.60% | piano: 0.50% | bench: 0.27%
bed_0560.npy,bed,bed,95.76561450958252,bed: 95.77% | table: 1.26% | tent: 0.88% | tv_stand: 0.63% | sofa: 0.37%
bed_0527.npy,bed,bed,99.95664954185486,bed: 99.96% | sink: 0.01% | radio: 0.01% | sofa: 0.01% | table: 0.01%
bed_0525.npy,bed,bed,66.71783328056335,bed: 66.72% | sofa: 14.96% | tv_stand: 7.01% | table: 3.55% | sink: 1.49%
bed_0607.npy,bed,bed,99.65875148773193,bed: 99.66% | sink: 0.16% | table: 0.09% | radio: 0.03% | night_stand: 0.02%
bed_0574.npy,bed,bed,99.88216757774353,bed: 99.88% | sink: 0.05% | piano: 0.02% | radio: 0.02% | night_stand: 0.01%
bed_0522.npy,bed,bed,94.07649040222168,bed: 94.08% | radio: 3.95% | sink: 1.20% | night_stand: 0.18% | tv_stand: 0.16%
bed_0575.npy,bed,bed,99.99343156814575,bed: 99.99%
bed_0531.npy,bed,bed,69.29304599761963,bed: 69.29% | sofa: 30.49% | plant: 0.11% | bowl: 0.06% | piano: 0.01%
bed_0568.npy,bed,bed,90.00914096832275,bed: 90.01% | sink: 4.39% | bowl: 1.56% | radio: 1.37% | night_stand: 0.72%
bed_0582.npy,bed,bed,99.96654987335205,bed: 99.97% | sink: 0.02% | sofa: 0.01%
bed_0556.npy,bed,bed,99.04877543449402,bed: 99.05% | sofa: 0.39% | bathtub: 0.19% | tent: 0.12% | bowl: 0.09%
bed_0571.npy,bed,bed,99.82923865318298,bed: 99.83% | tent: 0.04% | tv_stand: 0.03% | table: 0.02% | car: 0.01%
bed_0552.npy,bed,bed,99.98151659965515,bed: 99.98% | sink: 0.01%
bed_0535.npy,bed,bed,99.76357221603394,bed: 99.76% | sofa: 0.14% | table: 0.05% | sink: 0.01% | radio: 0.01%
bed_0549.npy,bed,bed,99.99572038650513,bed: 100.00%
bed_0583.npy,bed,bed,98.56094717979431,bed: 98.56% | piano: 1.04% | sofa: 0.24% | table: 0.07% | radio: 0.04%
bed_0576.npy,bed,bed,98.83361458778381,bed: 98.83% | table: 0.92% | tv_stand: 0.09% | piano: 0.07% | sofa: 0.07%
bed_0550.npy,bed,bed,97.11398482322693,bed: 97.11% | sink: 2.57% | radio: 0.08% | night_stand: 0.08% | table: 0.05%
bed_0555.npy,bed,bed,99.92985725402832,bed: 99.93% | sink: 0.04% | sofa: 0.02% | night_stand: 0.01%
bed_0541.npy,bed,bed,99.97321963310242,bed: 99.97% | sink: 0.01% | sofa: 0.01%
bed_0563.npy,bed,bed,99.96250867843628,bed: 99.96% | sink: 0.02%
bed_0561.npy,bed,bed,99.77091550827026,bed: 99.77% | sofa: 0.17% | night_stand: 0.01% | table: 0.01% | tv_stand: 0.01%
bed_0546.npy,bed,sofa,51.51910185813904,sofa: 51.52% | bed: 26.59% | table: 18.85% | desk: 1.77% | radio: 0.63%
bed_0606.npy,bed,table,55.38380742073059,table: 55.38% | bed: 31.68% | piano: 6.85% | sofa: 2.43% | desk: 0.83%
bed_0584.npy,bed,bed,99.22067523002625,bed: 99.22% | radio: 0.36% | table: 0.10% | sink: 0.09% | sofa: 0.07%
bed_0577.npy,bed,table,57.43393301963806,table: 57.43% | bed: 35.47% | tv_stand: 2.72% | desk: 1.63% | piano: 1.30%
bed_0520.npy,bed,bed,69.8070228099823,bed: 69.81% | tv_stand: 5.59% | sofa: 4.96% | table: 3.75% | sink: 2.93%
bed_0579.npy,bed,bed,99.97544884681702,bed: 99.98% | sink: 0.01%
bed_0529.npy,bed,bed,83.38907361030579,bed: 83.39% | sofa: 9.97% | sink: 3.27% | radio: 1.31% | night_stand: 0.58%
bed_0597.npy,bed,laptop,66.00443720817566,laptop: 66.00% | bed: 15.22% | sofa: 3.55% | radio: 3.19% | sink: 2.96%
bed_0590.npy,bed,bed,98.99471402168274,bed: 98.99% | table: 0.37% | tv_stand: 0.26% | sofa: 0.17% | sink: 0.12%
bed_0588.npy,bed,bed,91.55916571617126,bed: 91.56% | sofa: 7.04% | sink: 0.59% | radio: 0.34% | bowl: 0.22%
bed_0593.npy,bed,bed,97.59595990180969,bed: 97.60% | sofa: 1.40% | sink: 0.26% | tv_stand: 0.20% | night_stand: 0.13%
bed_0592.npy,bed,bed,99.97387528419495,bed: 99.97% | sofa: 0.02%
bed_0534.npy,bed,table,65.82155227661133,table: 65.82% | tent: 10.23% | bed: 7.34% | night_stand: 3.54% | piano: 2.40%
bed_0573.npy,bed,bed,99.86704587936401,bed: 99.87% | sofa: 0.07% | radio: 0.02% | sink: 0.02% | table: 0.01%
bed_0580.npy,bed,sofa,53.91049385070801,sofa: 53.91% | bed: 45.75% | sink: 0.09% | bathtub: 0.08% | piano: 0.04%
bed_0557.npy,bed,table,94.75913047790527,table: 94.76% | piano: 2.77% | desk: 1.16% | bed: 0.41% | bench: 0.37%
bed_0517.npy,bed,bed,72.07756638526917,bed: 72.08% | bench: 22.66% | piano: 1.76% | bowl: 1.11% | sofa: 0.83%
bed_0599.npy,bed,bed,99.26072359085083,bed: 99.26% | night_stand: 0.18% | sink: 0.17% | radio: 0.14% | tv_stand: 0.09%
bed_0614.npy,bed,piano,38.631224632263184,piano: 38.63% | chair: 13.54% | sink: 11.18% | toilet: 7.50% | flower_pot: 7.34%
bed_0533.npy,bed,bed,98.2170820236206,bed: 98.22% | sofa: 0.88% | bowl: 0.39% | sink: 0.20% | tent: 0.12%
bed_0608.npy,bed,bed,99.92541670799255,bed: 99.93% | sofa: 0.02% | sink: 0.01% | radio: 0.01% | tv_stand: 0.01%
bed_0604.npy,bed,bed,91.59579873085022,bed: 91.60% | table: 2.50% | radio: 1.34% | glass_box: 1.26% | piano: 0.99%
bed_0558.npy,bed,bed,57.80027508735657,bed: 57.80% | laptop: 14.16% | sofa: 4.97% | radio: 4.48% | tv_stand: 3.42%
bed_0591.npy,bed,bed,99.97863173484802,bed: 99.98% | sink: 0.01% | sofa: 0.01%
bed_0536.npy,bed,bed,88.7158989906311,bed: 88.72% | table: 4.69% | tv_stand: 1.43% | night_stand: 1.41% | piano: 1.39%
bed_0565.npy,bed,bed,99.57857728004456,bed: 99.58% | sink: 0.33% | night_stand: 0.03% | tv_stand: 0.03% | radio: 0.03%
bed_0554.npy,bed,bed,62.68462538719177,bed: 62.68% | tv_stand: 7.96% | sofa: 7.86% | night_stand: 6.04% | sink: 3.60%
bed_0544.npy,bed,table,59.0296745300293,table: 59.03% | bed: 15.37% | bench: 9.23% | piano: 5.51% | tv_stand: 5.03%
bed_0528.npy,bed,bed,99.69034790992737,bed: 99.69% | tv_stand: 0.11% | sofa: 0.09% | night_stand: 0.04% | sink: 0.04%
bed_0578.npy,bed,bed,99.974924325943,bed: 99.97%
bed_0569.npy,bed,table,46.03342115879059,table: 46.03% | bed: 40.27% | piano: 12.10% | bench: 0.60% | radio: 0.23%
bed_0603.npy,bed,bed,91.96937680244446,bed: 91.97% | sofa: 3.30% | tv_stand: 2.19% | table: 1.06% | sink: 0.29%
bed_0538.npy,bed,bed,99.50073957443237,bed: 99.50% | sink: 0.41% | tv_stand: 0.03% | table: 0.02% | night_stand: 0.02%
bed_0519.npy,bed,table,95.70525884628296,table: 95.71% | desk: 2.75% | piano: 0.89% | tv_stand: 0.18% | night_stand: 0.13%
bed_0615.npy,bed,bed,86.11133694648743,bed: 86.11% | bowl: 5.20% | sofa: 4.02% | sink: 1.15% | night_stand: 0.91%
bed_0581.npy,bed,airplane,35.294321179389954,airplane: 35.29% | tv_stand: 12.23% | bed: 9.61% | table: 8.28% | sofa: 5.45%
bed_0566.npy,bed,bed,87.2254729270935,bed: 87.23% | sofa: 9.24% | table: 1.11% | bathtub: 0.95% | tv_stand: 0.62%
bed_0547.npy,bed,bed,97.84976840019226,bed: 97.85% | sofa: 1.18% | laptop: 0.42% | sink: 0.15% | bathtub: 0.14%
bed_0524.npy,bed,bed,99.93460774421692,bed: 99.93% | sofa: 0.02% | tent: 0.01% | bathtub: 0.01%
bed_0570.npy,bed,bed,92.82674193382263,bed: 92.83% | table: 6.49% | piano: 0.54% | tv_stand: 0.06% | night_stand: 0.04%
bed_0559.npy,bed,bed,97.52662181854248,bed: 97.53% | table: 1.18% | piano: 0.61% | sink: 0.25% | tv_stand: 0.17%
bed_0602.npy,bed,bed,99.93723034858704,bed: 99.94% | sink: 0.03% | sofa: 0.01% | bowl: 0.01%
bed_0605.npy,bed,bed,89.83871936798096,bed: 89.84% | sofa: 7.24% | sink: 1.40% | night_stand: 0.44% | radio: 0.29%
bed_0567.npy,bed,bed,98.06256294250488,bed: 98.06% | sofa: 1.75% | sink: 0.05% | night_stand: 0.04% | bathtub: 0.03%
bed_0564.npy,bed,bed,79.64310050010681,bed: 79.64% | tv_stand: 8.43% | table: 2.98% | sofa: 2.96% | bench: 1.29%
bed_0551.npy,bed,bed,63.006800413131714,bed: 63.01% | table: 8.37% | tv_stand: 8.22% | bench: 6.71% | sofa: 4.74%
bed_0542.npy,bed,bed,89.63738679885864,bed: 89.64% | table: 8.73% | sofa: 0.29% | chair: 0.27% | sink: 0.22%
bed_0539.npy,bed,bed,99.91801381111145,bed: 99.92% | sink: 0.04% | night_stand: 0.01% | sofa: 0.01% | piano: 0.01%
bed_0526.npy,bed,bed,98.98620843887329,bed: 98.99% | tv_stand: 0.35% | table: 0.29% | sofa: 0.17% | bench: 0.06%
bed_0543.npy,bed,table,88.21422457695007,table: 88.21% | piano: 5.62% | desk: 2.48% | bed: 1.40% | tv_stand: 1.03%
bed_0518.npy,bed,bed,84.9879503250122,bed: 84.99% | car: 5.85% | tent: 4.18% | sofa: 0.83% | sink: 0.83%
bed_0537.npy,bed,bed,54.59660887718201,bed: 54.60% | sofa: 7.41% | table: 7.14% | car: 7.06% | bench: 5.44%
bed_0521.npy,bed,bed,90.62419533729553,bed: 90.62% | table: 4.64% | sink: 1.10% | tv_stand: 0.99% | glass_box: 0.57%
bed_0586.npy,bed,bed,99.56597685813904,bed: 99.57% | sofa: 0.36% | radio: 0.02% | night_stand: 0.01% | tv_stand: 0.01%
bed_0598.npy,bed,bed,79.20292019844055,bed: 79.20% | bowl: 14.96% | sink: 4.44% | bathtub: 1.02% | tent: 0.11%
bed_0587.npy,bed,bed,99.53529834747314,bed: 99.54% | sink: 0.21% | table: 0.11% | laptop: 0.05% | night_stand: 0.04%
bed_0545.npy,bed,bed,99.76322650909424,bed: 99.76% | table: 0.15% | piano: 0.04% | sofa: 0.03% | night_stand: 0.01%
bed_0540.npy,bed,bed,75.55810213088989,bed: 75.56% | sofa: 23.21% | sink: 0.24% | radio: 0.14% | night_stand: 0.14%
bed_0532.npy,bed,bed,85.41670441627502,bed: 85.42% | table: 9.10% | sofa: 1.88% | radio: 1.04% | piano: 0.67%
bed_0562.npy,bed,bed,97.61032462120056,bed: 97.61% | sofa: 0.88% | table: 0.45% | tv_stand: 0.34% | bench: 0.24%
bed_0612.npy,bed,bed,80.97783923149109,bed: 80.98% | sofa: 8.47% | table: 3.02% | sink: 1.50% | airplane: 1.29%
bed_0611.npy,bed,bed,97.96401858329773,bed: 97.96% | table: 0.84% | tv_stand: 0.48% | sofa: 0.27% | sink: 0.21%
bed_0548.npy,bed,bed,99.57857728004456,bed: 99.58% | sink: 0.33% | night_stand: 0.03% | tv_stand: 0.03% | radio: 0.03%
bed_0589.npy,bed,bed,98.96922707557678,bed: 98.97% | laptop: 0.44% | tent: 0.19% | sofa: 0.18% | bathtub: 0.07%
bed_0553.npy,bed,bed,99.97747540473938,bed: 99.98% | table: 0.01%
bed_0601.npy,bed,bed,97.17146754264832,bed: 97.17% | sink: 2.03% | sofa: 0.21% | tv_stand: 0.16% | night_stand: 0.13%
bed_0600.npy,bed,bed,99.87909197807312,bed: 99.88% | sink: 0.07% | tv_stand: 0.03% | night_stand: 0.01%
bed_0595.npy,bed,bed,98.4948217868805,bed: 98.49% | tv_stand: 0.36% | sofa: 0.33% | night_stand: 0.25% | sink: 0.14%
bed_0613.npy,bed,bed,99.97649788856506,bed: 99.98% | table: 0.01%
bed_0596.npy,bed,bed,96.87638878822327,bed: 96.88% | tv_stand: 2.09% | table: 0.69% | sofa: 0.11% | sink: 0.07%
tent_0170.npy,tent,keyboard,72.77545928955078,keyboard: 72.78% | guitar: 10.18% | airplane: 9.59% | laptop: 2.34% | tent: 0.91%
tent_0165.npy,tent,tent,58.00431966781616,tent: 58.00% | bathtub: 22.98% | radio: 5.02% | glass_box: 4.41% | car: 2.11%
tent_0167.npy,tent,piano,72.67050743103027,piano: 72.67% | tent: 10.76% | flower_pot: 8.21% | stairs: 1.46% | sink: 1.36%
tent_0180.npy,tent,tent,92.69273281097412,tent: 92.69% | bed: 1.23% | sofa: 1.19% | sink: 1.03% | piano: 0.55%
tent_0169.npy,tent,bed,67.16439723968506,bed: 67.16% | plant: 9.46% | chair: 7.03% | tent: 6.14% | vase: 3.86%
tent_0183.npy,tent,tent,49.24067556858063,tent: 49.24% | piano: 15.29% | sink: 14.33% | stairs: 5.94% | monitor: 3.74%
tent_0168.npy,tent,tent,48.929473757743835,tent: 48.93% | range_hood: 21.25% | plant: 5.21% | flower_pot: 3.67% | vase: 3.32%
tent_0182.npy,tent,car,47.63818979263306,car: 47.64% | tent: 30.03% | table: 6.94% | bed: 4.09% | bathtub: 1.83%
tent_0176.npy,tent,tent,62.09218502044678,tent: 62.09% | vase: 14.99% | bowl: 8.18% | cone: 3.70% | stool: 2.95%
tent_0172.npy,tent,flower_pot,36.66072189807892,flower_pot: 36.66% | tent: 34.59% | sink: 9.49% | stairs: 7.38% | bed: 3.18%
tent_0164.npy,tent,car,59.99767780303955,car: 60.00% | tent: 12.09% | table: 11.02% | sofa: 6.80% | bed: 1.98%
tent_0166.npy,tent,tent,79.90056872367859,tent: 79.90% | plant: 7.41% | range_hood: 5.11% | stairs: 2.74% | vase: 1.69%
tent_0181.npy,tent,tent,66.41374230384827,tent: 66.41% | cone: 11.14% | cup: 6.22% | bowl: 4.49% | bathtub: 2.42%
tent_0175.npy,tent,tent,70.40406465530396,tent: 70.40% | radio: 16.53% | airplane: 2.57% | bathtub: 2.27% | sofa: 2.02%
tent_0173.npy,tent,vase,21.774768829345703,vase: 21.77% | flower_pot: 10.23% | laptop: 8.74% | monitor: 8.14% | glass_box: 7.93%
tent_0171.npy,tent,car,59.49033498764038,car: 59.49% | bench: 24.48% | stairs: 3.38% | tv_stand: 3.31% | tent: 2.10%
tent_0178.npy,tent,tent,91.52325391769409,tent: 91.52% | table: 3.30% | car: 2.87% | cone: 0.30% | plant: 0.28%
tent_0179.npy,tent,sofa,56.02380633354187,sofa: 56.02% | bathtub: 15.23% | tent: 5.42% | bed: 5.17% | car: 3.39%
tent_0174.npy,tent,range_hood,64.30726051330566,range_hood: 64.31% | tent: 23.49% | vase: 2.40% | flower_pot: 2.30% | bowl: 2.03%
tent_0177.npy,tent,tent,92.57214069366455,tent: 92.57% | plant: 2.34% | vase: 1.40% | cone: 0.56% | bench: 0.46%
table_0482.npy,table,table,53.70092988014221,table: 53.70% | desk: 21.67% | night_stand: 6.55% | tv_stand: 4.93% | piano: 3.84%
table_0460.npy,table,night_stand,68.49310994148254,night_stand: 68.49% | table: 15.16% | dresser: 7.98% | mantel: 1.61% | tv_stand: 1.35%
table_0400.npy,table,desk,49.29423630237579,desk: 49.29% | table: 46.45% | piano: 1.22% | tv_stand: 0.89% | radio: 0.48%
table_0406.npy,table,table,75.23035407066345,table: 75.23% | desk: 17.76% | piano: 4.52% | tv_stand: 0.92% | chair: 0.41%
table_0472.npy,table,table,49.96289312839508,table: 49.96% | desk: 37.42% | piano: 6.50% | chair: 1.68% | tv_stand: 0.71%
table_0474.npy,table,table,48.693034052848816,table: 48.69% | desk: 12.47% | tv_stand: 12.10% | piano: 10.52% | radio: 3.96%
table_0409.npy,table,table,54.7063410282135,table: 54.71% | desk: 25.88% | piano: 9.61% | tv_stand: 3.15% | night_stand: 1.40%
table_0441.npy,table,table,70.34928798675537,table: 70.35% | desk: 25.82% | tv_stand: 1.30% | piano: 0.93% | chair: 0.42%
table_0471.npy,table,desk,36.04023456573486,desk: 36.04% | table: 26.17% | tv_stand: 12.18% | chair: 6.36% | night_stand: 4.11%
table_0461.npy,table,table,71.00121974945068,table: 71.00% | desk: 25.61% | bed: 0.68% | piano: 0.58% | sofa: 0.51%
table_0470.npy,table,desk,68.6483085155487,desk: 68.65% | table: 11.30% | tv_stand: 8.81% | bed: 3.04% | night_stand: 1.80%
table_0396.npy,table,table,50.69993734359741,table: 50.70% | desk: 20.86% | night_stand: 12.58% | mantel: 3.23% | sink: 2.59%
table_0408.npy,table,table,55.42314052581787,table: 55.42% | desk: 31.79% | piano: 2.85% | tv_stand: 2.12% | dresser: 1.79%
table_0417.npy,table,table,79.6671986579895,table: 79.67% | desk: 15.37% | piano: 1.17% | chair: 0.90% | bench: 0.62%
table_0468.npy,table,table,94.00798678398132,table: 94.01% | piano: 0.99% | tv_stand: 0.80% | bed: 0.77% | chair: 0.73%
table_0395.npy,table,table,56.62516951560974,table: 56.63% | desk: 10.02% | tv_stand: 7.11% | piano: 4.74% | chair: 3.38%
table_0492.npy,table,table,71.91603779792786,table: 71.92% | night_stand: 10.68% | mantel: 4.35% | bed: 2.22% | vase: 1.56%
table_0465.npy,table,desk,55.16932010650635,desk: 55.17% | table: 13.98% | tv_stand: 10.46% | chair: 6.29% | bed: 4.72%
table_0444.npy,table,desk,42.70157516002655,desk: 42.70% | table: 21.65% | tv_stand: 14.65% | piano: 8.19% | bed: 3.46%
table_0490.npy,table,monitor,45.07967531681061,monitor: 45.08% | table: 25.90% | night_stand: 15.57% | mantel: 5.83% | desk: 3.04%
table_0436.npy,table,table,50.89902877807617,table: 50.90% | piano: 13.43% | radio: 7.78% | dresser: 4.96% | desk: 4.68%
table_0425.npy,table,curtain,18.478722870349884,curtain: 18.48% | table: 10.39% | door: 6.37% | mantel: 5.14% | bench: 5.04%
table_0415.npy,table,piano,20.78656107187271,piano: 20.79% | table: 18.28% | desk: 15.50% | tv_stand: 13.09% | chair: 11.88%
table_0452.npy,table,table,48.41614365577698,table: 48.42% | desk: 32.81% | tv_stand: 5.37% | chair: 4.63% | piano: 2.58%
table_0419.npy,table,desk,38.834333419799805,desk: 38.83% | tv_stand: 19.83% | table: 17.62% | bed: 6.76% | chair: 2.75%
table_0463.npy,table,table,42.702534794807434,table: 42.70% | desk: 12.04% | mantel: 5.11% | radio: 4.97% | tv_stand: 4.05%
table_0398.npy,table,desk,70.44200897216797,desk: 70.44% | tv_stand: 10.51% | bed: 3.73% | table: 3.46% | radio: 2.69%
table_0459.npy,table,table,31.724661588668823,table: 31.72% | bench: 17.91% | piano: 12.11% | desk: 8.16% | dresser: 6.12%
table_0427.npy,table,table,47.65786528587341,table: 47.66% | desk: 34.66% | night_stand: 6.10% | bookshelf: 4.89% | chair: 1.59%
table_0445.npy,table,tv_stand,29.641714692115784,tv_stand: 29.64% | chair: 15.09% | night_stand: 13.53% | table: 13.48% | mantel: 10.03%
table_0428.npy,table,table,73.38960766792297,table: 73.39% | desk: 16.35% | piano: 4.13% | chair: 1.15% | tv_stand: 1.06%
table_0394.npy,table,table,58.52497220039368,table: 58.52% | desk: 24.84% | piano: 5.24% | tv_stand: 3.17% | stairs: 1.38%
table_0412.npy,table,desk,64.82056379318237,desk: 64.82% | table: 19.48% | radio: 8.24% | piano: 2.80% | tv_stand: 2.30%
table_0418.npy,table,desk,11.942868679761887,desk: 11.94% | dresser: 10.80% | person: 8.79% | curtain: 6.73% | tv_stand: 6.31%
table_0443.npy,table,desk,49.20130372047424,desk: 49.20% | table: 23.65% | tv_stand: 11.29% | bed: 3.74% | radio: 2.34%
table_0479.npy,table,desk,44.08591389656067,desk: 44.09% | table: 35.89% | piano: 5.89% | tv_stand: 4.98% | chair: 2.03%
table_0442.npy,table,table,79.533451795578,table: 79.53% | desk: 14.01% | piano: 3.01% | chair: 0.94% | bench: 0.59%
table_0420.npy,table,desk,46.80527448654175,desk: 46.81% | table: 39.83% | piano: 5.90% | tv_stand: 1.56% | dresser: 1.06%
table_0411.npy,table,table,51.44274830818176,table: 51.44% | desk: 29.14% | bookshelf: 6.19% | radio: 6.03% | night_stand: 4.08%
table_0462.npy,table,piano,21.036463975906372,piano: 21.04% | flower_pot: 19.84% | chair: 12.19% | night_stand: 11.05% | table: 10.83%
table_0404.npy,table,table,65.6885027885437,table: 65.69% | desk: 26.51% | piano: 2.82% | tv_stand: 1.04% | chair: 0.81%
table_0437.npy,table,desk,73.36112260818481,desk: 73.36% | piano: 13.09% | table: 3.01% | toilet: 2.79% | stairs: 2.11%
table_0403.npy,table,table,86.44018173217773,table: 86.44% | desk: 8.61% | tv_stand: 1.81% | piano: 1.18% | radio: 0.45%
table_0449.npy,table,table,48.372772336006165,table: 48.37% | bench: 35.69% | bed: 5.19% | desk: 2.53% | sofa: 1.87%
table_0433.npy,table,table,87.67920732498169,table: 87.68% | desk: 9.04% | piano: 0.85% | tv_stand: 0.78% | chair: 0.49%
table_0480.npy,table,table,36.16119027137756,table: 36.16% | desk: 32.24% | tv_stand: 11.17% | piano: 3.59% | radio: 3.15%
table_0476.npy,table,desk,25.68213939666748,desk: 25.68% | tv_stand: 20.16% | piano: 14.61% | table: 13.99% | bed: 10.76%
table_0401.npy,table,desk,35.18052697181702,desk: 35.18% | table: 14.12% | tv_stand: 13.23% | piano: 12.74% | night_stand: 5.89%
table_0414.npy,table,table,94.75523233413696,table: 94.76% | desk: 1.68% | bed: 0.90% | piano: 0.86% | bench: 0.52%
table_0489.npy,table,table,83.08645486831665,table: 83.09% | night_stand: 8.92% | mantel: 5.16% | dresser: 1.78% | bookshelf: 0.44%
table_0454.npy,table,table,78.11078429222107,table: 78.11% | desk: 8.60% | tv_stand: 6.11% | piano: 3.33% | bookshelf: 0.85%
table_0421.npy,table,table,87.81529664993286,table: 87.82% | desk: 5.29% | tv_stand: 4.52% | piano: 0.84% | radio: 0.47%
table_0434.npy,table,table,57.26001858711243,table: 57.26% | desk: 24.12% | tv_stand: 3.92% | radio: 2.02% | piano: 1.95%
table_0423.npy,table,desk,70.6348717212677,desk: 70.63% | table: 17.97% | bed: 6.54% | tv_stand: 1.87% | tent: 0.78%
table_0451.npy,table,desk,49.59000647068024,desk: 49.59% | table: 38.77% | piano: 5.68% | tv_stand: 1.15% | dresser: 0.80%
table_0440.npy,table,desk,59.474217891693115,desk: 59.47% | table: 19.07% | tv_stand: 10.84% | bed: 3.74% | chair: 2.46%
table_0399.npy,table,table,65.98185896873474,table: 65.98% | desk: 22.73% | piano: 4.40% | chair: 1.30% | dresser: 1.24%
table_0413.npy,table,table,69.19869780540466,table: 69.20% | desk: 19.35% | piano: 4.96% | tv_stand: 1.42% | chair: 1.35%
table_0450.npy,table,night_stand,49.694421887397766,night_stand: 49.69% | table: 42.65% | dresser: 1.45% | bookshelf: 1.37% | desk: 0.85%
table_0446.npy,table,table,81.28578662872314,table: 81.29% | desk: 15.47% | piano: 1.05% | tv_stand: 0.99% | chair: 0.30%
table_0486.npy,table,table,79.16887998580933,table: 79.17% | desk: 16.56% | piano: 2.31% | tv_stand: 0.89% | radio: 0.24%
table_0477.npy,table,mantel,33.385080099105835,mantel: 33.39% | night_stand: 33.03% | desk: 16.99% | table: 5.23% | dresser: 2.96%
table_0426.npy,table,table,73.81138801574707,table: 73.81% | desk: 13.43% | piano: 2.94% | chair: 2.27% | bench: 1.44%
table_0416.npy,table,table,77.9552161693573,table: 77.96% | desk: 6.32% | tv_stand: 3.60% | piano: 2.10% | bench: 1.64%
table_0424.npy,table,table,45.91228663921356,table: 45.91% | desk: 39.43% | tv_stand: 3.92% | chair: 3.86% | piano: 1.61%
table_0455.npy,table,table,52.26501822471619,table: 52.27% | desk: 25.80% | tv_stand: 11.69% | bed: 2.53% | piano: 1.76%
table_0430.npy,table,table,65.81469774246216,table: 65.81% | desk: 18.91% | bed: 3.14% | toilet: 2.69% | piano: 2.13%
table_0422.npy,table,table,84.83104109764099,table: 84.83% | chair: 8.00% | desk: 2.41% | piano: 1.53% | tv_stand: 1.34%
table_0464.npy,table,desk,40.72482883930206,desk: 40.72% | table: 23.33% | tv_stand: 9.21% | bed: 7.57% | chair: 4.83%
table_0431.npy,table,table,62.39348649978638,table: 62.39% | desk: 18.77% | piano: 3.05% | tv_stand: 2.88% | bookshelf: 2.11%
table_0435.npy,table,table,48.693034052848816,table: 48.69% | desk: 12.47% | tv_stand: 12.10% | piano: 10.52% | radio: 3.96%
table_0453.npy,table,table,89.34395909309387,table: 89.34% | desk: 5.01% | piano: 1.89% | tv_stand: 1.77% | bookshelf: 0.55%
table_0429.npy,table,table,37.97546625137329,table: 37.98% | desk: 28.93% | tv_stand: 6.57% | piano: 5.18% | radio: 4.49%
table_0487.npy,table,table,67.04999804496765,table: 67.05% | tv_stand: 11.55% | bench: 4.17% | desk: 4.06% | piano: 3.00%
table_0397.npy,table,table,52.00885534286499,table: 52.01% | desk: 19.49% | bed: 6.72% | tv_stand: 4.89% | piano: 3.22%
table_0469.npy,table,desk,37.56152093410492,desk: 37.56% | tv_stand: 22.56% | table: 20.66% | piano: 7.21% | bed: 2.70%
table_0475.npy,table,desk,39.042481780052185,desk: 39.04% | table: 25.92% | tv_stand: 6.35% | piano: 4.37% | radio: 4.31%
table_0410.npy,table,desk,88.25663924217224,desk: 88.26% | table: 6.22% | tv_stand: 1.08% | radio: 1.06% | piano: 0.70%
table_0439.npy,table,table,48.63655865192413,table: 48.64% | desk: 40.40% | piano: 6.44% | dresser: 0.85% | chair: 0.70%
table_0473.npy,table,table,50.37605166435242,table: 50.38% | desk: 22.37% | tv_stand: 12.04% | bed: 6.67% | chair: 3.28%
table_0456.npy,table,table,57.2795569896698,table: 57.28% | desk: 24.67% | piano: 5.90% | bench: 4.75% | chair: 2.84%
table_0393.npy,table,table,63.82182836532593,table: 63.82% | desk: 34.24% | bed: 0.76% | sofa: 0.61% | piano: 0.21%
table_0488.npy,table,table,41.19891822338104,table: 41.20% | desk: 32.68% | piano: 12.58% | tv_stand: 9.03% | toilet: 2.07%
table_0478.npy,table,table,60.60852408409119,table: 60.61% | desk: 20.86% | chair: 4.47% | night_stand: 4.31% | tv_stand: 3.31%
table_0481.npy,table,desk,83.62733721733093,desk: 83.63% | table: 13.42% | tv_stand: 0.98% | piano: 0.83% | chair: 0.51%
table_0438.npy,table,table,79.49378490447998,table: 79.49% | piano: 4.39% | desk: 3.69% | tv_stand: 3.14% | bookshelf: 2.01%
table_0491.npy,table,table,52.58802771568298,table: 52.59% | night_stand: 42.77% | tv_stand: 2.29% | dresser: 0.82% | chair: 0.63%
table_0458.npy,table,table,55.92674016952515,table: 55.93% | desk: 38.49% | tv_stand: 1.33% | piano: 0.83% | radio: 0.78%
table_0447.npy,table,table,63.42468857765198,table: 63.42% | desk: 19.72% | piano: 7.02% | chair: 2.19% | bench: 1.80%
table_0405.npy,table,desk,38.615307211875916,desk: 38.62% | piano: 16.31% | table: 6.50% | mantel: 4.67% | bed: 4.48%
table_0483.npy,table,table,41.75124168395996,table: 41.75% | night_stand: 32.05% | chair: 17.36% | stool: 6.18% | vase: 0.91%
table_0407.npy,table,table,88.18045854568481,table: 88.18% | desk: 7.61% | bed: 1.37% | piano: 0.89% | bench: 0.61%
table_0432.npy,table,table,82.7403724193573,table: 82.74% | desk: 9.44% | tv_stand: 4.41% | piano: 0.90% | bed: 0.51%
table_0485.npy,table,table,73.73765110969543,table: 73.74% | tv_stand: 9.68% | desk: 6.04% | piano: 2.79% | bookshelf: 1.98%
table_0467.npy,table,desk,64.65288400650024,desk: 64.65% | table: 13.48% | tv_stand: 7.57% | bed: 2.97% | piano: 2.87%
table_0402.npy,table,table,90.36641120910645,table: 90.37% | tv_stand: 3.20% | desk: 2.62% | bed: 0.80% | piano: 0.70%
table_0457.npy,table,table,67.4237608909607,table: 67.42% | radio: 8.70% | desk: 8.57% | tv_stand: 2.20% | bed: 1.95%
table_0466.npy,table,desk,57.53893852233887,desk: 57.54% | table: 26.95% | tv_stand: 8.14% | piano: 2.92% | night_stand: 1.24%
table_0484.npy,table,desk,58.141911029815674,desk: 58.14% | table: 15.65% | tv_stand: 10.76% | piano: 4.12% | bed: 3.83%
table_0448.npy,table,table,91.20464324951172,table: 91.20% | tv_stand: 2.67% | piano: 1.67% | desk: 1.06% | bed: 0.61%
mantel_0373.npy,mantel,mantel,73.16147089004517,mantel: 73.16% | lamp: 8.17% | xbox: 6.24% | piano: 5.49% | stairs: 3.27%
mantel_0326.npy,mantel,mantel,69.99534368515015,mantel: 70.00% | range_hood: 7.95% | radio: 6.88% | bookshelf: 3.55% | bench: 3.45%
mantel_0360.npy,mantel,mantel,34.03483033180237,mantel: 34.03% | glass_box: 27.81% | sink: 21.04% | radio: 6.78% | bookshelf: 2.97%
mantel_0336.npy,mantel,mantel,65.92392325401306,mantel: 65.92% | radio: 16.59% | bookshelf: 5.52% | sink: 4.19% | range_hood: 1.92%
mantel_0365.npy,mantel,chair,55.76359033584595,chair: 55.76% | lamp: 8.00% | piano: 6.44% | stool: 5.32% | xbox: 4.30%
mantel_0303.npy,mantel,bookshelf,97.42578864097595,bookshelf: 97.43% | radio: 0.71% | sofa: 0.47% | piano: 0.25% | stairs: 0.24%
mantel_0322.npy,mantel,mantel,28.313356637954712,mantel: 28.31% | wardrobe: 23.45% | curtain: 13.24% | bookshelf: 9.99% | piano: 6.36%
mantel_0342.npy,mantel,mantel,98.34555983543396,mantel: 98.35% | dresser: 0.80% | bookshelf: 0.30% | piano: 0.22% | radio: 0.16%
mantel_0307.npy,mantel,mantel,33.00979137420654,mantel: 33.01% | radio: 28.98% | sink: 12.17% | range_hood: 6.96% | tv_stand: 5.98%
mantel_0329.npy,mantel,mantel,60.05479693412781,mantel: 60.05% | dresser: 24.81% | wardrobe: 8.11% | radio: 2.30% | xbox: 1.68%
mantel_0363.npy,mantel,mantel,89.5966112613678,mantel: 89.60% | curtain: 3.20% | bookshelf: 1.19% | person: 0.97% | stairs: 0.69%
mantel_0337.npy,mantel,mantel,63.37209939956665,mantel: 63.37% | dresser: 17.34% | wardrobe: 11.64% | glass_box: 2.52% | radio: 1.46%
mantel_0301.npy,mantel,mantel,99.20299053192139,mantel: 99.20% | bench: 0.19% | piano: 0.18% | bookshelf: 0.15% | radio: 0.12%
mantel_0335.npy,mantel,mantel,76.99485421180725,mantel: 76.99% | dresser: 12.48% | bookshelf: 4.72% | glass_box: 2.16% | night_stand: 1.58%
mantel_0308.npy,mantel,mantel,86.76961660385132,mantel: 86.77% | radio: 5.37% | tv_stand: 2.46% | bookshelf: 1.49% | sink: 1.27%
mantel_0359.npy,mantel,bookshelf,38.73339593410492,bookshelf: 38.73% | mantel: 29.08% | curtain: 13.64% | radio: 4.43% | tv_stand: 1.99%
mantel_0304.npy,mantel,mantel,77.35430002212524,mantel: 77.35% | bookshelf: 8.52% | dresser: 7.04% | tv_stand: 1.93% | glass_box: 1.84%
mantel_0332.npy,mantel,mantel,99.82578158378601,mantel: 99.83% | sink: 0.05% | radio: 0.04% | range_hood: 0.02% | piano: 0.02%
mantel_0345.npy,mantel,mantel,88.63531351089478,mantel: 88.64% | tv_stand: 6.04% | bench: 3.21% | bookshelf: 0.69% | piano: 0.54%
mantel_0299.npy,mantel,mantel,81.28384947776794,mantel: 81.28% | tv_stand: 5.56% | bookshelf: 3.68% | piano: 2.79% | radio: 2.63%
mantel_0375.npy,mantel,mantel,76.17247700691223,mantel: 76.17% | bookshelf: 18.73% | radio: 1.99% | xbox: 0.57% | piano: 0.56%
mantel_0351.npy,mantel,mantel,65.31721949577332,mantel: 65.32% | bookshelf: 23.56% | tv_stand: 9.53% | dresser: 0.66% | night_stand: 0.34%
mantel_0289.npy,mantel,mantel,94.12274956703186,mantel: 94.12% | wardrobe: 1.79% | radio: 1.47% | sink: 0.84% | range_hood: 0.73%
mantel_0338.npy,mantel,mantel,53.830766677856445,mantel: 53.83% | radio: 28.06% | sink: 6.20% | tv_stand: 2.21% | range_hood: 1.80%
mantel_0313.npy,mantel,mantel,58.389872312545776,mantel: 58.39% | radio: 30.95% | sink: 2.82% | glass_box: 1.97% | bench: 1.59%
mantel_0295.npy,mantel,mantel,99.36645030975342,mantel: 99.37% | tv_stand: 0.20% | radio: 0.20% | piano: 0.15% | bench: 0.04%
mantel_0298.npy,mantel,mantel,97.24013805389404,mantel: 97.24% | vase: 0.67% | piano: 0.67% | bookshelf: 0.34% | flower_pot: 0.20%
mantel_0344.npy,mantel,mantel,85.92553734779358,mantel: 85.93% | range_hood: 8.45% | radio: 1.76% | piano: 0.64% | stairs: 0.63%
mantel_0352.npy,mantel,mantel,87.73011565208435,mantel: 87.73% | bookshelf: 9.17% | radio: 0.76% | tv_stand: 0.75% | bench: 0.51%
mantel_0306.npy,mantel,mantel,97.27281332015991,mantel: 97.27% | bookshelf: 0.66% | range_hood: 0.64% | piano: 0.52% | radio: 0.32%
mantel_0292.npy,mantel,mantel,95.46416401863098,mantel: 95.46% | lamp: 1.66% | curtain: 1.03% | person: 0.28% | table: 0.27%
mantel_0366.npy,mantel,xbox,71.91804051399231,xbox: 71.92% | piano: 12.58% | wardrobe: 8.48% | monitor: 1.76% | mantel: 1.10%
mantel_0374.npy,mantel,mantel,85.78642010688782,mantel: 85.79% | bookshelf: 7.88% | lamp: 3.14% | xbox: 1.08% | radio: 0.63%
mantel_0321.npy,mantel,mantel,96.91812992095947,mantel: 96.92% | bookshelf: 1.04% | piano: 0.51% | curtain: 0.27% | flower_pot: 0.22%
mantel_0343.npy,mantel,mantel,99.90969896316528,mantel: 99.91% | bookshelf: 0.05% | dresser: 0.03% | piano: 0.01%
mantel_0371.npy,mantel,mantel,84.70489978790283,mantel: 84.70% | piano: 14.04% | stairs: 0.65% | bookshelf: 0.13% | table: 0.12%
mantel_0325.npy,mantel,mantel,97.13241457939148,mantel: 97.13% | bookshelf: 0.73% | wardrobe: 0.59% | radio: 0.42% | xbox: 0.42%
mantel_0356.npy,mantel,mantel,87.54559755325317,mantel: 87.55% | bookshelf: 7.81% | xbox: 1.01% | piano: 0.76% | wardrobe: 0.68%
mantel_0340.npy,mantel,piano,49.722880125045776,piano: 49.72% | mantel: 48.08% | table: 0.81% | tv_stand: 0.40% | bookshelf: 0.25%
mantel_0311.npy,mantel,mantel,99.11150932312012,mantel: 99.11% | dresser: 0.23% | night_stand: 0.22% | wardrobe: 0.17% | bookshelf: 0.15%
mantel_0370.npy,mantel,radio,24.956020712852478,radio: 24.96% | mantel: 21.96% | glass_box: 21.09% | sink: 10.00% | tv_stand: 6.88%
mantel_0291.npy,mantel,mantel,96.85912132263184,mantel: 96.86% | wardrobe: 0.73% | bookshelf: 0.67% | xbox: 0.54% | radio: 0.43%
mantel_0287.npy,mantel,mantel,81.78091645240784,mantel: 81.78% | tv_stand: 5.44% | bookshelf: 3.67% | piano: 2.58% | radio: 2.49%
mantel_0347.npy,mantel,mantel,94.52989101409912,mantel: 94.53% | lamp: 1.36% | monitor: 0.87% | bookshelf: 0.72% | vase: 0.66%
mantel_0286.npy,mantel,mantel,99.84039664268494,mantel: 99.84% | sink: 0.05% | radio: 0.04% | piano: 0.02% | range_hood: 0.02%
mantel_0353.npy,mantel,mantel,99.58979487419128,mantel: 99.59% | piano: 0.18% | dresser: 0.10% | bookshelf: 0.07% | night_stand: 0.03%
mantel_0378.npy,mantel,mantel,94.38152313232422,mantel: 94.38% | range_hood: 2.15% | sink: 2.08% | radio: 0.74% | piano: 0.40%
mantel_0379.npy,mantel,mantel,83.95679593086243,mantel: 83.96% | tv_stand: 8.62% | radio: 4.17% | bench: 1.32% | piano: 1.00%
mantel_0349.npy,mantel,piano,27.75726616382599,piano: 27.76% | mantel: 27.15% | wardrobe: 8.35% | flower_pot: 7.94% | vase: 6.21%
mantel_0302.npy,mantel,mantel,82.02326893806458,mantel: 82.02% | radio: 8.60% | sink: 3.22% | range_hood: 1.32% | tv_stand: 1.21%
mantel_0288.npy,mantel,mantel,99.94001388549805,mantel: 99.94% | flower_pot: 0.01% | radio: 0.01% | bookshelf: 0.01% | piano: 0.01%
mantel_0368.npy,mantel,mantel,90.8277153968811,mantel: 90.83% | piano: 7.08% | desk: 1.51% | table: 0.35% | stairs: 0.14%
mantel_0382.npy,mantel,mantel,88.10761570930481,mantel: 88.11% | bookshelf: 4.62% | curtain: 1.86% | radio: 1.43% | flower_pot: 0.61%
mantel_0314.npy,mantel,mantel,64.740651845932,mantel: 64.74% | radio: 21.44% | sink: 5.69% | glass_box: 3.40% | bookshelf: 1.97%
mantel_0377.npy,mantel,mantel,38.66666555404663,mantel: 38.67% | tv_stand: 34.63% | bookshelf: 12.26% | sink: 5.38% | radio: 3.58%
mantel_0328.npy,mantel,mantel,95.3872561454773,mantel: 95.39% | wardrobe: 1.45% | radio: 1.11% | sink: 0.66% | range_hood: 0.54%
mantel_0361.npy,mantel,mantel,75.36365389823914,mantel: 75.36% | dresser: 8.57% | bookshelf: 5.60% | tv_stand: 4.58% | piano: 1.18%
mantel_0330.npy,mantel,mantel,37.49207854270935,mantel: 37.49% | dresser: 30.30% | bookshelf: 19.20% | night_stand: 10.20% | radio: 0.91%
mantel_0316.npy,mantel,mantel,98.47285151481628,mantel: 98.47% | dresser: 0.35% | night_stand: 0.24% | bookshelf: 0.22% | radio: 0.15%
mantel_0294.npy,mantel,mantel,99.94090795516968,mantel: 99.94% | piano: 0.02% | dresser: 0.02% | night_stand: 0.01% | bookshelf: 0.01%
mantel_0355.npy,mantel,mantel,99.12749528884888,mantel: 99.13% | bookshelf: 0.36% | curtain: 0.09% | range_hood: 0.08% | radio: 0.08%
mantel_0320.npy,mantel,radio,19.95520144701004,radio: 19.96% | monitor: 18.72% | toilet: 17.73% | mantel: 16.54% | curtain: 4.14%
mantel_0367.npy,mantel,mantel,97.79321551322937,mantel: 97.79% | dresser: 0.73% | bookshelf: 0.40% | wardrobe: 0.32% | range_hood: 0.28%
mantel_0300.npy,mantel,mantel,70.57680487632751,mantel: 70.58% | piano: 12.18% | vase: 7.22% | bookshelf: 2.56% | flower_pot: 1.90%
mantel_0324.npy,mantel,mantel,94.2636489868164,mantel: 94.26% | bookshelf: 3.49% | piano: 0.86% | xbox: 0.22% | radio: 0.21%
mantel_0341.npy,mantel,mantel,99.33185577392578,mantel: 99.33% | bookshelf: 0.33% | wardrobe: 0.12% | piano: 0.10% | radio: 0.03%
mantel_0348.npy,mantel,piano,50.16206502914429,piano: 50.16% | mantel: 43.08% | table: 5.99% | tv_stand: 0.54% | desk: 0.04%
mantel_0334.npy,mantel,mantel,99.91586208343506,mantel: 99.92% | bookshelf: 0.02% | radio: 0.02% | night_stand: 0.01% | piano: 0.01%
mantel_0318.npy,mantel,mantel,89.33119177818298,mantel: 89.33% | bookshelf: 4.23% | curtain: 1.79% | radio: 1.29% | flower_pot: 0.44%
mantel_0305.npy,mantel,curtain,32.36801028251648,curtain: 32.37% | wardrobe: 21.52% | bookshelf: 11.87% | vase: 6.68% | flower_pot: 3.30%
mantel_0383.npy,mantel,mantel,95.8276093006134,mantel: 95.83% | curtain: 1.50% | radio: 0.59% | flower_pot: 0.46% | bookshelf: 0.41%
mantel_0319.npy,mantel,mantel,99.94788765907288,mantel: 99.95% | piano: 0.02% | bookshelf: 0.01% | flower_pot: 0.01%
mantel_0380.npy,mantel,mantel,97.49751091003418,mantel: 97.50% | dresser: 0.92% | night_stand: 0.49% | radio: 0.36% | bookshelf: 0.28%
mantel_0364.npy,mantel,curtain,35.957857966423035,curtain: 35.96% | table: 23.02% | mantel: 10.08% | bench: 7.19% | door: 5.14%
mantel_0323.npy,mantel,mantel,99.57985281944275,mantel: 99.58% | piano: 0.17% | bench: 0.06% | range_hood: 0.04% | bookshelf: 0.03%
mantel_0296.npy,mantel,mantel,38.54406476020813,mantel: 38.54% | radio: 26.92% | sink: 13.04% | tv_stand: 5.59% | range_hood: 5.28%
mantel_0358.npy,mantel,mantel,89.59033489227295,mantel: 89.59% | wardrobe: 3.33% | piano: 1.46% | bookshelf: 1.20% | xbox: 0.95%
mantel_0285.npy,mantel,mantel,61.574047803878784,mantel: 61.57% | dresser: 20.06% | night_stand: 6.19% | bookshelf: 5.69% | tv_stand: 2.95%
mantel_0315.npy,mantel,mantel,48.39615523815155,mantel: 48.40% | radio: 27.75% | glass_box: 8.64% | bench: 4.31% | range_hood: 3.35%
mantel_0317.npy,mantel,mantel,91.89485311508179,mantel: 91.89% | dresser: 4.09% | wardrobe: 1.97% | bookshelf: 0.73% | night_stand: 0.36%
mantel_0372.npy,mantel,mantel,99.0772008895874,mantel: 99.08% | piano: 0.29% | sink: 0.27% | wardrobe: 0.10% | tv_stand: 0.08%
mantel_0290.npy,mantel,mantel,90.10616540908813,mantel: 90.11% | bookshelf: 5.30% | xbox: 1.26% | wardrobe: 0.77% | piano: 0.65%
mantel_0350.npy,mantel,mantel,98.26326370239258,mantel: 98.26% | xbox: 0.40% | curtain: 0.30% | wardrobe: 0.23% | radio: 0.23%
mantel_0381.npy,mantel,mantel,95.86382508277893,mantel: 95.86% | bookshelf: 2.94% | radio: 0.42% | piano: 0.18% | wardrobe: 0.18%
mantel_0310.npy,mantel,mantel,99.15837049484253,mantel: 99.16% | piano: 0.30% | night_stand: 0.30% | dresser: 0.16% | bookshelf: 0.04%
mantel_0357.npy,mantel,mantel,97.32843041419983,mantel: 97.33% | bookshelf: 1.14% | radio: 0.22% | range_hood: 0.20% | piano: 0.19%
mantel_0312.npy,mantel,mantel,91.71256422996521,mantel: 91.71% | radio: 3.45% | piano: 1.20% | dresser: 1.01% | sink: 0.68%
mantel_0369.npy,mantel,mantel,93.49232316017151,mantel: 93.49% | bookshelf: 1.88% | radio: 0.99% | dresser: 0.91% | sink: 0.53%
mantel_0376.npy,mantel,mantel,88.58277201652527,mantel: 88.58% | radio: 8.30% | bookshelf: 1.37% | dresser: 0.48% | wardrobe: 0.28%
mantel_0346.npy,mantel,mantel,96.92246317863464,mantel: 96.92% | bookshelf: 0.89% | piano: 0.48% | curtain: 0.29% | flower_pot: 0.26%
mantel_0297.npy,mantel,mantel,60.710763931274414,mantel: 60.71% | radio: 23.87% | sink: 6.26% | tv_stand: 1.89% | bookshelf: 1.51%
mantel_0327.npy,mantel,mantel,76.32060647010803,mantel: 76.32% | bookshelf: 8.94% | night_stand: 7.74% | tv_stand: 3.42% | dresser: 2.25%
mantel_0362.npy,mantel,wardrobe,75.60804486274719,wardrobe: 75.61% | xbox: 11.01% | curtain: 6.09% | radio: 1.44% | stairs: 1.20%
mantel_0384.npy,mantel,laptop,32.617583870887756,laptop: 32.62% | table: 20.02% | night_stand: 9.87% | monitor: 9.19% | tv_stand: 4.89%
mantel_0333.npy,mantel,xbox,34.04772877693176,xbox: 34.05% | wardrobe: 32.40% | radio: 9.33% | bookshelf: 5.83% | lamp: 5.59%
mantel_0293.npy,mantel,mantel,72.62190580368042,mantel: 72.62% | curtain: 7.71% | person: 4.55% | bench: 2.11% | stairs: 1.40%
mantel_0339.npy,mantel,mantel,98.92472624778748,mantel: 98.92% | radio: 0.47% | bookshelf: 0.22% | range_hood: 0.17% | sink: 0.08%
mantel_0354.npy,mantel,mantel,99.92223978042603,mantel: 99.92% | bookshelf: 0.02% | radio: 0.02% | night_stand: 0.01% | piano: 0.01%
mantel_0331.npy,mantel,mantel,57.103610038757324,mantel: 57.10% | tv_stand: 27.36% | piano: 5.14% | radio: 4.23% | bookshelf: 2.94%
mantel_0309.npy,mantel,mantel,78.76625657081604,mantel: 78.77% | radio: 8.77% | tv_stand: 4.06% | piano: 3.26% | sink: 3.23%
range_hood_0190.npy,range_hood,range_hood,58.31812620162964,range_hood: 58.32% | mantel: 19.22% | bookshelf: 11.89% | sink: 3.98% | radio: 1.29%
range_hood_0201.npy,range_hood,range_hood,77.66278982162476,range_hood: 77.66% | mantel: 16.87% | bench: 1.71% | piano: 1.01% | radio: 0.90%
range_hood_0192.npy,range_hood,range_hood,99.98631477355957,range_hood: 99.99% | piano: 0.01%
range_hood_0193.npy,range_hood,range_hood,90.66038727760315,range_hood: 90.66% | tent: 3.63% | radio: 1.84% | vase: 1.29% | piano: 0.53%
range_hood_0148.npy,range_hood,range_hood,97.78407216072083,range_hood: 97.78% | piano: 0.99% | bookshelf: 0.53% | mantel: 0.33% | radio: 0.29%
range_hood_0214.npy,range_hood,range_hood,99.13460612297058,range_hood: 99.13% | radio: 0.45% | piano: 0.25% | bookshelf: 0.07% | mantel: 0.05%
range_hood_0147.npy,range_hood,range_hood,94.3514347076416,range_hood: 94.35% | piano: 3.34% | radio: 1.59% | sink: 0.23% | bookshelf: 0.23%
range_hood_0188.npy,range_hood,radio,28.8250595331192,radio: 28.83% | bookshelf: 13.20% | curtain: 11.62% | wardrobe: 9.25% | vase: 7.81%
range_hood_0132.npy,range_hood,range_hood,91.96951985359192,range_hood: 91.97% | piano: 4.09% | sink: 2.61% | mantel: 0.66% | radio: 0.27%
range_hood_0122.npy,range_hood,range_hood,99.1438090801239,range_hood: 99.14% | mantel: 0.26% | radio: 0.26% | piano: 0.11% | bench: 0.09%
range_hood_0168.npy,range_hood,range_hood,99.3306815624237,range_hood: 99.33% | mantel: 0.22% | piano: 0.14% | sink: 0.14% | radio: 0.09%
range_hood_0145.npy,range_hood,range_hood,86.99873685836792,range_hood: 87.00% | mantel: 5.92% | piano: 3.63% | radio: 0.97% | bookshelf: 0.96%
range_hood_0191.npy,range_hood,piano,68.99105906486511,piano: 68.99% | range_hood: 14.64% | sink: 5.78% | radio: 4.60% | bookshelf: 2.75%
range_hood_0140.npy,range_hood,range_hood,84.8606288433075,range_hood: 84.86% | mantel: 11.91% | sink: 1.44% | piano: 1.38% | bookshelf: 0.11%
range_hood_0143.npy,range_hood,range_hood,99.98973608016968,range_hood: 99.99% | piano: 0.01%
range_hood_0203.npy,range_hood,range_hood,99.1438090801239,range_hood: 99.14% | mantel: 0.26% | radio: 0.26% | piano: 0.11% | bench: 0.09%
range_hood_0119.npy,range_hood,range_hood,90.95901846885681,range_hood: 90.96% | mantel: 5.82% | radio: 1.42% | piano: 1.12% | sink: 0.41%
range_hood_0159.npy,range_hood,range_hood,96.02466225624084,range_hood: 96.02% | monitor: 1.14% | piano: 0.61% | sink: 0.50% | tv_stand: 0.28%
range_hood_0215.npy,range_hood,range_hood,99.36803579330444,range_hood: 99.37% | piano: 0.17% | mantel: 0.14% | sink: 0.13% | radio: 0.11%
range_hood_0187.npy,range_hood,range_hood,73.72530698776245,range_hood: 73.73% | wardrobe: 15.12% | bookshelf: 2.05% | piano: 1.20% | glass_box: 1.13%
range_hood_0210.npy,range_hood,range_hood,94.28312182426453,range_hood: 94.28% | mantel: 3.08% | radio: 1.51% | piano: 0.81% | bookshelf: 0.12%
range_hood_0135.npy,range_hood,range_hood,64.38401937484741,range_hood: 64.38% | mantel: 20.22% | radio: 5.12% | piano: 3.06% | tv_stand: 2.30%
range_hood_0197.npy,range_hood,vase,29.85100746154785,vase: 29.85% | chair: 27.19% | stairs: 12.00% | plant: 9.92% | flower_pot: 5.13%
range_hood_0123.npy,range_hood,range_hood,99.8176097869873,range_hood: 99.82% | mantel: 0.08% | stairs: 0.04% | bookshelf: 0.02% | xbox: 0.01%
range_hood_0157.npy,range_hood,radio,49.69488084316254,radio: 49.69% | dresser: 18.86% | range_hood: 14.59% | night_stand: 4.96% | bookshelf: 2.23%
range_hood_0149.npy,range_hood,range_hood,99.9630331993103,range_hood: 99.96% | piano: 0.03%
range_hood_0172.npy,range_hood,range_hood,50.485825538635254,range_hood: 50.49% | glass_box: 12.38% | tv_stand: 9.29% | piano: 5.53% | cup: 5.02%
range_hood_0194.npy,range_hood,range_hood,99.44759011268616,range_hood: 99.45% | radio: 0.13% | dresser: 0.10% | tv_stand: 0.05% | sink: 0.05%
range_hood_0152.npy,range_hood,range_hood,99.30199980735779,range_hood: 99.30% | piano: 0.25% | radio: 0.24% | mantel: 0.15% | tv_stand: 0.04%
range_hood_0209.npy,range_hood,range_hood,58.35632085800171,range_hood: 58.36% | sink: 13.36% | tv_stand: 8.40% | bottle: 6.37% | night_stand: 3.83%
range_hood_0138.npy,range_hood,range_hood,99.33567643165588,range_hood: 99.34% | radio: 0.35% | piano: 0.16% | bookshelf: 0.12% | mantel: 0.01%
range_hood_0126.npy,range_hood,range_hood,99.9956727027893,range_hood: 100.00%
range_hood_0125.npy,range_hood,range_hood,99.82678890228271,range_hood: 99.83% | stairs: 0.09% | piano: 0.03% | bookshelf: 0.02% | radio: 0.01%
range_hood_0169.npy,range_hood,range_hood,89.73925113677979,range_hood: 89.74% | mantel: 7.53% | piano: 1.28% | bookshelf: 0.53% | radio: 0.44%
range_hood_0178.npy,range_hood,sink,74.63065385818481,sink: 74.63% | piano: 14.16% | tv_stand: 4.27% | range_hood: 2.44% | bed: 1.82%
range_hood_0120.npy,range_hood,range_hood,84.56006646156311,range_hood: 84.56% | sink: 5.70% | piano: 4.37% | mantel: 1.88% | radio: 1.78%
range_hood_0160.npy,range_hood,range_hood,99.89171028137207,range_hood: 99.89% | radio: 0.03% | mantel: 0.03% | piano: 0.02% | bench: 0.01%
range_hood_0156.npy,range_hood,range_hood,98.92998933792114,range_hood: 98.93% | radio: 0.57% | piano: 0.28% | bookshelf: 0.14% | mantel: 0.04%
range_hood_0199.npy,range_hood,range_hood,88.5697066783905,range_hood: 88.57% | mantel: 2.91% | bench: 2.84% | piano: 2.09% | radio: 1.09%
range_hood_0153.npy,range_hood,range_hood,98.95368814468384,range_hood: 98.95% | bookshelf: 0.33% | mantel: 0.33% | piano: 0.19% | radio: 0.12%
range_hood_0150.npy,range_hood,range_hood,99.8794674873352,range_hood: 99.88% | piano: 0.08% | tv_stand: 0.02% | bookshelf: 0.01% | radio: 0.01%
range_hood_0161.npy,range_hood,range_hood,99.99734163284302,range_hood: 100.00%
range_hood_0167.npy,range_hood,range_hood,64.88432288169861,range_hood: 64.88% | mantel: 24.15% | piano: 4.99% | bookshelf: 2.84% | wardrobe: 0.89%
range_hood_0118.npy,range_hood,keyboard,55.77772259712219,keyboard: 55.78% | guitar: 27.67% | airplane: 6.73% | car: 2.05% | laptop: 1.46%
range_hood_0213.npy,range_hood,range_hood,98.88737201690674,range_hood: 98.89% | radio: 0.60% | piano: 0.29% | bookshelf: 0.14% | mantel: 0.03%
range_hood_0139.npy,range_hood,range_hood,74.78150725364685,range_hood: 74.78% | mantel: 22.79% | sink: 1.41% | piano: 0.61% | radio: 0.31%
range_hood_0128.npy,range_hood,range_hood,99.64235424995422,range_hood: 99.64% | piano: 0.17% | bookshelf: 0.10% | radio: 0.04% | mantel: 0.02%
range_hood_0171.npy,range_hood,range_hood,66.96082353591919,range_hood: 66.96% | mantel: 21.53% | bookshelf: 7.65% | piano: 1.62% | sink: 0.60%
range_hood_0176.npy,range_hood,range_hood,96.32121920585632,range_hood: 96.32% | mantel: 3.13% | bookshelf: 0.36% | piano: 0.10% | radio: 0.06%
range_hood_0212.npy,range_hood,range_hood,95.01185417175293,range_hood: 95.01% | mantel: 4.45% | bookshelf: 0.23% | radio: 0.16% | piano: 0.11%
range_hood_0170.npy,range_hood,range_hood,90.8081591129303,range_hood: 90.81% | mantel: 4.38% | piano: 2.29% | radio: 1.52% | bench: 0.39%
range_hood_0164.npy,range_hood,range_hood,28.539109230041504,range_hood: 28.54% | vase: 24.95% | stairs: 22.37% | car: 8.12% | plant: 8.10%
range_hood_0198.npy,range_hood,range_hood,81.90757632255554,range_hood: 81.91% | piano: 6.32% | mantel: 6.15% | radio: 2.86% | bookshelf: 1.36%
range_hood_0211.npy,range_hood,range_hood,99.98660087585449,range_hood: 99.99% | stairs: 0.01%
range_hood_0129.npy,range_hood,range_hood,98.1523334980011,range_hood: 98.15% | radio: 0.81% | mantel: 0.37% | bookshelf: 0.35% | piano: 0.19%
range_hood_0144.npy,range_hood,bench,31.726810336112976,bench: 31.73% | stairs: 19.91% | tent: 11.00% | mantel: 7.91% | car: 7.73%
range_hood_0162.npy,range_hood,range_hood,97.31534719467163,range_hood: 97.32% | mantel: 1.74% | bookshelf: 0.36% | radio: 0.33% | piano: 0.08%
range_hood_0182.npy,range_hood,monitor,52.39890217781067,monitor: 52.40% | range_hood: 13.83% | laptop: 7.52% | xbox: 5.91% | wardrobe: 4.62%
range_hood_0158.npy,range_hood,desk,53.672826290130615,desk: 53.67% | sink: 10.43% | radio: 10.43% | tv_stand: 6.17% | bed: 4.56%
range_hood_0117.npy,range_hood,range_hood,45.63778340816498,range_hood: 45.64% | tv_stand: 13.83% | bookshelf: 10.13% | radio: 5.78% | sink: 4.82%
range_hood_0184.npy,range_hood,airplane,24.587079882621765,airplane: 24.59% | range_hood: 22.85% | cup: 6.30% | keyboard: 5.01% | bottle: 4.66%
range_hood_0124.npy,range_hood,range_hood,95.26689052581787,range_hood: 95.27% | mantel: 2.03% | bench: 0.68% | car: 0.46% | piano: 0.36%
range_hood_0196.npy,range_hood,range_hood,99.28250312805176,range_hood: 99.28% | tv_stand: 0.14% | vase: 0.08% | bottle: 0.07% | cup: 0.07%
range_hood_0137.npy,range_hood,range_hood,82.668536901474,range_hood: 82.67% | vase: 5.57% | stairs: 5.00% | car: 2.32% | xbox: 1.30%
range_hood_0127.npy,range_hood,range_hood,99.9639630317688,range_hood: 99.96% | piano: 0.03%
range_hood_0121.npy,range_hood,range_hood,97.68539071083069,range_hood: 97.69% | radio: 1.24% | mantel: 0.50% | piano: 0.22% | bookshelf: 0.17%
range_hood_0116.npy,range_hood,tv_stand,31.294703483581543,tv_stand: 31.29% | piano: 12.62% | guitar: 8.41% | sofa: 8.09% | car: 4.78%
range_hood_0173.npy,range_hood,tv_stand,36.015382409095764,tv_stand: 36.02% | range_hood: 16.58% | glass_box: 11.91% | radio: 10.31% | airplane: 7.54%
range_hood_0175.npy,range_hood,range_hood,99.8250663280487,range_hood: 99.83% | bookshelf: 0.08% | mantel: 0.06% | piano: 0.01% | stairs: 0.01%
range_hood_0189.npy,range_hood,bed,35.12544929981232,bed: 35.13% | range_hood: 19.63% | sink: 11.56% | tv_stand: 10.44% | radio: 8.52%
range_hood_0179.npy,range_hood,piano,47.603338956832886,piano: 47.60% | radio: 22.27% | range_hood: 14.35% | sink: 8.00% | bench: 3.96%
range_hood_0202.npy,range_hood,range_hood,97.78407216072083,range_hood: 97.78% | piano: 0.99% | bookshelf: 0.53% | mantel: 0.33% | radio: 0.29%
range_hood_0185.npy,range_hood,range_hood,73.35673570632935,range_hood: 73.36% | radio: 11.72% | sink: 5.77% | wardrobe: 2.27% | tv_stand: 1.82%
range_hood_0155.npy,range_hood,range_hood,98.4900951385498,range_hood: 98.49% | piano: 0.83% | radio: 0.44% | mantel: 0.17% | bookshelf: 0.03%
range_hood_0142.npy,range_hood,range_hood,99.88540410995483,range_hood: 99.89% | radio: 0.04% | mantel: 0.04% | piano: 0.02% | bench: 0.01%
range_hood_0208.npy,range_hood,toilet,26.13697052001953,toilet: 26.14% | range_hood: 25.39% | bed: 10.92% | car: 8.33% | dresser: 5.85%
range_hood_0166.npy,range_hood,range_hood,38.8882577419281,range_hood: 38.89% | wardrobe: 15.46% | vase: 13.80% | sink: 6.63% | car: 5.73%
range_hood_0207.npy,range_hood,sofa,55.40146827697754,sofa: 55.40% | bed: 8.56% | piano: 4.97% | toilet: 4.83% | car: 4.59%
range_hood_0134.npy,range_hood,range_hood,99.5848298072815,range_hood: 99.58% | mantel: 0.24% | bookshelf: 0.06% | stairs: 0.04% | piano: 0.02%
range_hood_0136.npy,range_hood,range_hood,95.67686915397644,range_hood: 95.68% | piano: 2.95% | sink: 0.53% | radio: 0.32% | bed: 0.08%
range_hood_0146.npy,range_hood,range_hood,78.82115840911865,range_hood: 78.82% | mantel: 17.28% | piano: 0.97% | radio: 0.86% | bench: 0.67%
range_hood_0141.npy,range_hood,range_hood,99.99603033065796,range_hood: 100.00%
range_hood_0133.npy,range_hood,range_hood,99.93743300437927,range_hood: 99.94% | piano: 0.03% | radio: 0.02% | bookshelf: 0.01%
range_hood_0177.npy,range_hood,range_hood,42.94578433036804,range_hood: 42.95% | sink: 18.83% | bookshelf: 13.06% | piano: 6.72% | mantel: 5.37%
range_hood_0204.npy,range_hood,range_hood,99.53277111053467,range_hood: 99.53% | bookshelf: 0.37% | mantel: 0.05% | piano: 0.03% | radio: 0.02%
range_hood_0186.npy,range_hood,range_hood,65.62060117721558,range_hood: 65.62% | glass_box: 14.86% | sink: 6.50% | bottle: 3.08% | radio: 2.64%
range_hood_0130.npy,range_hood,range_hood,95.6879198551178,range_hood: 95.69% | mantel: 2.99% | bench: 0.32% | piano: 0.31% | radio: 0.22%
range_hood_0131.npy,range_hood,range_hood,98.82379174232483,range_hood: 98.82% | bookshelf: 0.65% | piano: 0.29% | radio: 0.15% | mantel: 0.04%
range_hood_0205.npy,range_hood,range_hood,91.36518836021423,range_hood: 91.37% | piano: 4.50% | bookshelf: 1.86% | radio: 1.45% | mantel: 0.54%
range_hood_0206.npy,range_hood,range_hood,97.68539071083069,range_hood: 97.69% | radio: 1.24% | mantel: 0.50% | piano: 0.22% | bookshelf: 0.17%
range_hood_0181.npy,range_hood,range_hood,92.92495250701904,range_hood: 92.92% | stairs: 2.22% | monitor: 1.84% | plant: 1.14% | tent: 0.47%
range_hood_0163.npy,range_hood,curtain,52.49858498573303,curtain: 52.50% | vase: 16.30% | wardrobe: 9.61% | door: 7.02% | bookshelf: 4.13%
range_hood_0174.npy,range_hood,wardrobe,32.42037892341614,wardrobe: 32.42% | range_hood: 28.91% | vase: 7.85% | cone: 5.18% | lamp: 3.61%
range_hood_0154.npy,range_hood,range_hood,99.99420642852783,range_hood: 99.99%
range_hood_0165.npy,range_hood,vase,38.680338859558105,vase: 38.68% | curtain: 22.46% | piano: 8.34% | flower_pot: 5.84% | stool: 5.31%
range_hood_0183.npy,range_hood,glass_box,87.36923933029175,glass_box: 87.37% | tent: 3.70% | tv_stand: 2.77% | laptop: 1.67% | bed: 0.87%
range_hood_0195.npy,range_hood,range_hood,31.230363249778748,range_hood: 31.23% | vase: 20.17% | plant: 12.78% | flower_pot: 10.49% | stairs: 9.22%
range_hood_0151.npy,range_hood,range_hood,99.1701066493988,range_hood: 99.17% | piano: 0.67% | tv_stand: 0.08% | radio: 0.04% | bookshelf: 0.03%
range_hood_0200.npy,range_hood,range_hood,99.97662901878357,range_hood: 99.98% | piano: 0.02%
range_hood_0180.npy,range_hood,bench,54.75240349769592,bench: 54.75% | stairs: 36.24% | flower_pot: 3.29% | plant: 2.06% | tent: 1.95%
monitor_0477.npy,monitor,monitor,71.37902975082397,monitor: 71.38% | curtain: 14.50% | bench: 4.08% | mantel: 3.08% | laptop: 1.77%
monitor_0517.npy,monitor,monitor,96.42943739891052,monitor: 96.43% | stairs: 1.73% | xbox: 0.60% | vase: 0.23% | piano: 0.15%
monitor_0512.npy,monitor,monitor,97.71316647529602,monitor: 97.71% | lamp: 0.34% | tv_stand: 0.29% | toilet: 0.23% | cup: 0.21%
monitor_0519.npy,monitor,monitor,99.76267218589783,monitor: 99.76% | vase: 0.18% | xbox: 0.02% | flower_pot: 0.01% | night_stand: 0.01%
monitor_0516.npy,monitor,monitor,60.431718826293945,monitor: 60.43% | mantel: 16.09% | bench: 5.18% | curtain: 3.95% | sink: 2.26%
monitor_0473.npy,monitor,monitor,96.33874893188477,monitor: 96.34% | laptop: 3.11% | xbox: 0.11% | sink: 0.11% | tv_stand: 0.05%
monitor_0505.npy,monitor,monitor,99.80294108390808,monitor: 99.80% | person: 0.09% | stairs: 0.02% | piano: 0.02% | xbox: 0.01%
monitor_0528.npy,monitor,monitor,99.67013001441956,monitor: 99.67% | xbox: 0.18% | wardrobe: 0.08% | piano: 0.03% | range_hood: 0.01%
monitor_0485.npy,monitor,monitor,99.95500445365906,monitor: 99.96% | mantel: 0.02% | xbox: 0.01%
monitor_0489.npy,monitor,monitor,99.95989203453064,monitor: 99.96% | xbox: 0.03%
monitor_0527.npy,monitor,monitor,79.9017071723938,monitor: 79.90% | tv_stand: 2.76% | bench: 2.44% | toilet: 1.82% | radio: 1.33%
monitor_0481.npy,monitor,monitor,99.83875751495361,monitor: 99.84% | xbox: 0.15% | wardrobe: 0.01%
monitor_0562.npy,monitor,monitor,98.7652063369751,monitor: 98.77% | laptop: 0.69% | cup: 0.20% | night_stand: 0.11% | flower_pot: 0.05%
monitor_0468.npy,monitor,monitor,99.79273080825806,monitor: 99.79% | range_hood: 0.06% | xbox: 0.05% | wardrobe: 0.02% | flower_pot: 0.02%
monitor_0548.npy,monitor,monitor,98.44025373458862,monitor: 98.44% | xbox: 0.52% | chair: 0.29% | dresser: 0.09% | wardrobe: 0.09%
monitor_0503.npy,monitor,monitor,99.89985823631287,monitor: 99.90% | mantel: 0.04% | xbox: 0.04% | chair: 0.01%
monitor_0474.npy,monitor,monitor,99.45394396781921,monitor: 99.45% | xbox: 0.32% | mantel: 0.09% | laptop: 0.03% | wardrobe: 0.02%
monitor_0476.npy,monitor,monitor,95.09359002113342,monitor: 95.09% | stairs: 1.50% | piano: 1.28% | range_hood: 0.72% | xbox: 0.32%
monitor_0496.npy,monitor,monitor,65.70004224777222,monitor: 65.70% | xbox: 7.86% | chair: 6.53% | laptop: 6.43% | night_stand: 4.55%
monitor_0547.npy,monitor,monitor,99.41022992134094,monitor: 99.41% | flower_pot: 0.15% | person: 0.11% | plant: 0.10% | range_hood: 0.05%
monitor_0522.npy,monitor,monitor,95.04297375679016,monitor: 95.04% | xbox: 4.58% | stairs: 0.24% | wardrobe: 0.07% | range_hood: 0.03%
monitor_0507.npy,monitor,laptop,35.383427143096924,laptop: 35.38% | night_stand: 28.87% | xbox: 19.59% | monitor: 8.48% | chair: 2.47%
monitor_0554.npy,monitor,monitor,98.48334193229675,monitor: 98.48% | laptop: 0.66% | curtain: 0.26% | bench: 0.16% | sink: 0.14%
monitor_0532.npy,monitor,monitor,98.68085384368896,monitor: 98.68% | xbox: 0.99% | wardrobe: 0.26% | range_hood: 0.02% | piano: 0.01%
monitor_0551.npy,monitor,monitor,96.58435583114624,monitor: 96.58% | xbox: 1.20% | tv_stand: 0.52% | chair: 0.30% | sink: 0.22%
monitor_0546.npy,monitor,monitor,95.61743140220642,monitor: 95.62% | xbox: 3.47% | wardrobe: 0.67% | range_hood: 0.15% | piano: 0.03%
monitor_0561.npy,monitor,monitor,99.39596652984619,monitor: 99.40% | person: 0.13% | piano: 0.11% | plant: 0.07% | flower_pot: 0.06%
monitor_0502.npy,monitor,monitor,99.51947331428528,monitor: 99.52% | tv_stand: 0.13% | wardrobe: 0.10% | xbox: 0.09% | toilet: 0.04%
monitor_0483.npy,monitor,monitor,98.72157573699951,monitor: 98.72% | xbox: 1.12% | glass_box: 0.05% | laptop: 0.03% | sink: 0.02%
monitor_0557.npy,monitor,monitor,99.96539354324341,monitor: 99.97% | xbox: 0.03%
monitor_0470.npy,monitor,monitor,99.14244413375854,monitor: 99.14% | xbox: 0.48% | mantel: 0.10% | tv_stand: 0.06% | wardrobe: 0.04%
monitor_0530.npy,monitor,monitor,98.57831001281738,monitor: 98.58% | xbox: 0.66% | wardrobe: 0.35% | range_hood: 0.15% | piano: 0.05%
monitor_0486.npy,monitor,monitor,99.56445693969727,monitor: 99.56% | laptop: 0.20% | xbox: 0.12% | mantel: 0.02% | sink: 0.02%
monitor_0531.npy,monitor,monitor,96.84464931488037,monitor: 96.84% | night_stand: 2.69% | xbox: 0.10% | chair: 0.09% | piano: 0.09%
monitor_0508.npy,monitor,monitor,99.7873306274414,monitor: 99.79% | xbox: 0.06% | wardrobe: 0.05% | piano: 0.02% | flower_pot: 0.02%
monitor_0506.npy,monitor,monitor,95.95013856887817,monitor: 95.95% | dresser: 1.81% | toilet: 1.09% | xbox: 0.55% | wardrobe: 0.32%
monitor_0558.npy,monitor,monitor,86.2908124923706,monitor: 86.29% | mantel: 7.70% | curtain: 2.74% | night_stand: 0.67% | xbox: 0.50%
monitor_0521.npy,monitor,mantel,44.18359994888306,mantel: 44.18% | monitor: 23.07% | xbox: 18.94% | tv_stand: 5.33% | wardrobe: 3.11%
monitor_0555.npy,monitor,monitor,95.32797336578369,monitor: 95.33% | xbox: 3.83% | wardrobe: 0.30% | tv_stand: 0.12% | glass_box: 0.11%
monitor_0472.npy,monitor,toilet,73.33887219429016,toilet: 73.34% | cup: 13.04% | monitor: 8.82% | night_stand: 1.73% | chair: 1.02%
monitor_0529.npy,monitor,monitor,94.27279233932495,monitor: 94.27% | xbox: 2.12% | curtain: 1.10% | laptop: 0.43% | mantel: 0.42%
monitor_0480.npy,monitor,monitor,98.6401379108429,monitor: 98.64% | wardrobe: 0.42% | range_hood: 0.39% | xbox: 0.15% | piano: 0.09%
monitor_0542.npy,monitor,monitor,98.7282395362854,monitor: 98.73% | xbox: 0.24% | person: 0.17% | toilet: 0.14% | piano: 0.12%
monitor_0526.npy,monitor,monitor,99.7404396533966,monitor: 99.74% | xbox: 0.15% | wardrobe: 0.07% | range_hood: 0.01% | piano: 0.01%
monitor_0484.npy,monitor,monitor,74.99157190322876,monitor: 74.99% | range_hood: 8.93% | xbox: 6.45% | glass_box: 2.44% | sofa: 2.33%
monitor_0515.npy,monitor,monitor,48.92207682132721,monitor: 48.92% | stairs: 15.74% | piano: 9.95% | xbox: 8.40% | toilet: 3.73%
monitor_0513.npy,monitor,monitor,73.68703484535217,monitor: 73.69% | xbox: 15.69% | glass_box: 2.03% | dresser: 1.78% | wardrobe: 1.45%
monitor_0469.npy,monitor,monitor,99.49073195457458,monitor: 99.49% | xbox: 0.25% | piano: 0.10% | range_hood: 0.08% | wardrobe: 0.05%
monitor_0504.npy,monitor,monitor,99.98098015785217,monitor: 99.98% | xbox: 0.01%
monitor_0534.npy,monitor,monitor,81.59937262535095,monitor: 81.60% | laptop: 3.61% | radio: 2.89% | tv_stand: 2.09% | wardrobe: 1.37%
monitor_0500.npy,monitor,sofa,89.17946815490723,sofa: 89.18% | monitor: 7.67% | range_hood: 0.65% | piano: 0.64% | xbox: 0.59%
monitor_0541.npy,monitor,monitor,93.86972784996033,monitor: 93.87% | mantel: 4.16% | xbox: 1.66% | wardrobe: 0.08% | tv_stand: 0.04%
monitor_0565.npy,monitor,monitor,99.50869679450989,monitor: 99.51% | xbox: 0.16% | wardrobe: 0.05% | range_hood: 0.04% | tv_stand: 0.04%
monitor_0466.npy,monitor,monitor,86.59576773643494,monitor: 86.60% | lamp: 6.98% | piano: 1.07% | desk: 1.07% | table: 1.06%
monitor_0471.npy,monitor,monitor,98.1279730796814,monitor: 98.13% | xbox: 0.79% | piano: 0.39% | wardrobe: 0.29% | stairs: 0.08%
monitor_0524.npy,monitor,monitor,99.23509955406189,monitor: 99.24% | laptop: 0.41% | wardrobe: 0.06% | xbox: 0.05% | bench: 0.04%
monitor_0511.npy,monitor,laptop,36.108192801475525,laptop: 36.11% | monitor: 11.20% | glass_box: 10.10% | keyboard: 6.81% | tv_stand: 4.79%
monitor_0475.npy,monitor,monitor,99.99299049377441,monitor: 99.99% | xbox: 0.01%
monitor_0493.npy,monitor,monitor,30.508965253829956,monitor: 30.51% | curtain: 28.15% | sink: 10.74% | laptop: 6.91% | dresser: 4.36%
monitor_0467.npy,monitor,monitor,35.50448715686798,monitor: 35.50% | curtain: 32.00% | sink: 5.07% | bench: 4.85% | laptop: 3.27%
monitor_0549.npy,monitor,monitor,97.1830427646637,monitor: 97.18% | xbox: 2.05% | stairs: 0.14% | wardrobe: 0.14% | person: 0.08%
monitor_0487.npy,monitor,monitor,82.36754536628723,monitor: 82.37% | sofa: 7.81% | flower_pot: 3.04% | xbox: 2.20% | range_hood: 1.11%
monitor_0540.npy,monitor,monitor,90.46008586883545,monitor: 90.46% | curtain: 2.95% | mantel: 2.25% | laptop: 1.04% | bench: 1.01%
monitor_0552.npy,monitor,monitor,99.72301125526428,monitor: 99.72% | person: 0.10% | xbox: 0.05% | lamp: 0.04% | wardrobe: 0.02%
monitor_0510.npy,monitor,monitor,99.98557567596436,monitor: 99.99%
monitor_0492.npy,monitor,curtain,48.52871596813202,curtain: 48.53% | monitor: 28.51% | laptop: 6.00% | mantel: 5.61% | xbox: 4.30%
monitor_0499.npy,monitor,monitor,97.86046743392944,monitor: 97.86% | stairs: 1.53% | xbox: 0.39% | person: 0.15% | wardrobe: 0.04%
monitor_0494.npy,monitor,person,69.13546323776245,person: 69.14% | monitor: 15.89% | flower_pot: 4.79% | plant: 3.87% | vase: 1.69%
monitor_0498.npy,monitor,monitor,99.97151494026184,monitor: 99.97% | xbox: 0.03%
monitor_0560.npy,monitor,monitor,64.21377658843994,monitor: 64.21% | xbox: 16.65% | range_hood: 7.45% | glass_box: 4.82% | cone: 2.33%
monitor_0535.npy,monitor,monitor,31.81193172931671,monitor: 31.81% | piano: 18.57% | stairs: 15.15% | xbox: 9.76% | wardrobe: 9.04%
monitor_0550.npy,monitor,monitor,99.30351972579956,monitor: 99.30% | xbox: 0.37% | wardrobe: 0.07% | mantel: 0.07% | person: 0.04%
monitor_0536.npy,monitor,monitor,97.99801111221313,monitor: 98.00% | xbox: 1.64% | wardrobe: 0.10% | mantel: 0.09% | curtain: 0.08%
monitor_0482.npy,monitor,monitor,99.79223608970642,monitor: 99.79% | xbox: 0.07% | lamp: 0.05% | piano: 0.03% | range_hood: 0.02%
monitor_0545.npy,monitor,monitor,73.96226525306702,monitor: 73.96% | bottle: 5.18% | xbox: 4.88% | toilet: 2.93% | curtain: 2.66%
monitor_0518.npy,monitor,monitor,99.20892715454102,monitor: 99.21% | curtain: 0.21% | mantel: 0.14% | xbox: 0.11% | sink: 0.09%
monitor_0497.npy,monitor,monitor,96.79780602455139,monitor: 96.80% | wardrobe: 1.73% | tv_stand: 0.74% | xbox: 0.18% | piano: 0.13%
monitor_0537.npy,monitor,monitor,95.14187574386597,monitor: 95.14% | laptop: 2.10% | sink: 0.58% | tv_stand: 0.43% | glass_box: 0.33%
monitor_0479.npy,monitor,monitor,99.93314743041992,monitor: 99.93% | xbox: 0.05% | wardrobe: 0.01%
monitor_0563.npy,monitor,monitor,99.9473512172699,monitor: 99.95% | xbox: 0.04% | mantel: 0.01%
monitor_0523.npy,monitor,monitor,91.63221716880798,monitor: 91.63% | xbox: 4.09% | range_hood: 1.98% | glass_box: 0.53% | radio: 0.43%
monitor_0553.npy,monitor,monitor,83.00209045410156,monitor: 83.00% | vase: 5.00% | xbox: 1.90% | bottle: 1.72% | lamp: 1.22%
monitor_0539.npy,monitor,monitor,99.93009567260742,monitor: 99.93% | xbox: 0.04% | range_hood: 0.01% | flower_pot: 0.01%
monitor_0491.npy,monitor,monitor,86.68750524520874,monitor: 86.69% | xbox: 11.15% | vase: 0.93% | flower_pot: 0.43% | piano: 0.36%
monitor_0495.npy,monitor,monitor,98.99048209190369,monitor: 98.99% | xbox: 0.65% | mantel: 0.16% | toilet: 0.05% | cup: 0.03%
monitor_0538.npy,monitor,monitor,99.89049434661865,monitor: 99.89% | xbox: 0.04% | piano: 0.02% | range_hood: 0.01% | wardrobe: 0.01%
monitor_0514.npy,monitor,monitor,99.70009922981262,monitor: 99.70% | xbox: 0.10% | mantel: 0.06% | laptop: 0.04% | dresser: 0.03%
monitor_0564.npy,monitor,monitor,95.41851282119751,monitor: 95.42% | mantel: 1.20% | xbox: 0.97% | person: 0.85% | toilet: 0.30%
monitor_0544.npy,monitor,curtain,53.68660092353821,curtain: 53.69% | dresser: 6.44% | mantel: 6.29% | glass_box: 4.67% | door: 4.46%
monitor_0509.npy,monitor,curtain,38.04951608181,curtain: 38.05% | monitor: 32.75% | sink: 5.20% | door: 4.04% | dresser: 3.38%
monitor_0490.npy,monitor,monitor,99.4652271270752,monitor: 99.47% | xbox: 0.49% | range_hood: 0.03% | piano: 0.01%
monitor_0501.npy,monitor,monitor,87.05808520317078,monitor: 87.06% | xbox: 12.24% | stairs: 0.18% | chair: 0.09% | wardrobe: 0.06%
monitor_0478.npy,monitor,monitor,99.76081848144531,monitor: 99.76% | range_hood: 0.12% | wardrobe: 0.06% | xbox: 0.05%
monitor_0543.npy,monitor,monitor,97.50324487686157,monitor: 97.50% | xbox: 2.08% | wardrobe: 0.20% | range_hood: 0.07% | stairs: 0.06%
monitor_0525.npy,monitor,monitor,99.80823993682861,monitor: 99.81% | xbox: 0.16% | mantel: 0.02% | wardrobe: 0.01%
monitor_0533.npy,monitor,monitor,94.87088322639465,monitor: 94.87% | curtain: 1.22% | laptop: 1.03% | bench: 0.85% | mantel: 0.33%
monitor_0559.npy,monitor,monitor,99.84540939331055,monitor: 99.85% | person: 0.09% | xbox: 0.02% | piano: 0.01% | wardrobe: 0.01%
monitor_0488.npy,monitor,radio,25.289812684059143,radio: 25.29% | night_stand: 19.09% | sink: 19.06% | tv_stand: 17.31% | bed: 9.89%
monitor_0520.npy,monitor,monitor,98.9452064037323,monitor: 98.95% | xbox: 0.50% | wardrobe: 0.21% | range_hood: 0.13% | stool: 0.06%
monitor_0556.npy,monitor,monitor,99.9466598033905,monitor: 99.95% | xbox: 0.02% | mantel: 0.01% | wardrobe: 0.01%
keyboard_0163.npy,keyboard,keyboard,92.3277735710144,keyboard: 92.33% | guitar: 5.58% | laptop: 0.86% | airplane: 0.33% | tv_stand: 0.23%
keyboard_0162.npy,keyboard,keyboard,32.92796015739441,keyboard: 32.93% | airplane: 28.45% | guitar: 18.38% | laptop: 5.78% | lamp: 1.59%
keyboard_0147.npy,keyboard,keyboard,46.08427286148071,keyboard: 46.08% | guitar: 39.68% | tv_stand: 4.61% | laptop: 1.51% | airplane: 0.94%
keyboard_0151.npy,keyboard,keyboard,70.54283022880554,keyboard: 70.54% | guitar: 25.59% | laptop: 1.08% | tv_stand: 0.56% | airplane: 0.39%
keyboard_0165.npy,keyboard,keyboard,70.41550874710083,keyboard: 70.42% | guitar: 17.31% | airplane: 2.55% | laptop: 2.31% | tv_stand: 1.08%
keyboard_0159.npy,keyboard,guitar,56.782323122024536,guitar: 56.78% | keyboard: 29.72% | laptop: 1.72% | tv_stand: 1.27% | tent: 1.17%
keyboard_0148.npy,keyboard,keyboard,81.09816908836365,keyboard: 81.10% | guitar: 16.42% | laptop: 0.98% | tv_stand: 0.39% | airplane: 0.24%
keyboard_0149.npy,keyboard,keyboard,86.88774704933167,keyboard: 86.89% | guitar: 11.34% | tv_stand: 0.95% | laptop: 0.34% | airplane: 0.09%
keyboard_0158.npy,keyboard,keyboard,61.892759799957275,keyboard: 61.89% | guitar: 9.57% | bathtub: 4.42% | laptop: 3.27% | tv_stand: 2.78%
keyboard_0156.npy,keyboard,keyboard,52.56749987602234,keyboard: 52.57% | guitar: 41.90% | laptop: 1.73% | airplane: 0.84% | lamp: 0.68%
keyboard_0161.npy,keyboard,keyboard,49.2062509059906,keyboard: 49.21% | guitar: 27.35% | airplane: 6.41% | laptop: 2.79% | lamp: 1.41%
keyboard_0146.npy,keyboard,airplane,52.61877775192261,airplane: 52.62% | keyboard: 32.61% | laptop: 11.45% | glass_box: 0.66% | guitar: 0.47%
keyboard_0155.npy,keyboard,keyboard,57.87484645843506,keyboard: 57.87% | guitar: 32.59% | laptop: 2.33% | airplane: 1.72% | lamp: 0.88%
keyboard_0157.npy,keyboard,keyboard,97.98195958137512,keyboard: 97.98% | guitar: 0.96% | airplane: 0.45% | laptop: 0.28% | tv_stand: 0.10%
keyboard_0160.npy,keyboard,keyboard,95.09409666061401,keyboard: 95.09% | guitar: 3.32% | laptop: 0.61% | airplane: 0.26% | glass_box: 0.15%
keyboard_0164.npy,keyboard,keyboard,78.91732454299927,keyboard: 78.92% | guitar: 17.39% | laptop: 0.93% | tv_stand: 0.53% | airplane: 0.34%
keyboard_0154.npy,keyboard,keyboard,71.4328944683075,keyboard: 71.43% | guitar: 19.67% | laptop: 1.81% | airplane: 1.55% | tv_stand: 0.92%
keyboard_0152.npy,keyboard,keyboard,91.98266863822937,keyboard: 91.98% | guitar: 3.24% | laptop: 2.84% | airplane: 1.50% | glass_box: 0.15%
keyboard_0150.npy,keyboard,keyboard,60.19256114959717,keyboard: 60.19% | guitar: 15.19% | airplane: 10.60% | tv_stand: 5.04% | laptop: 1.92%
keyboard_0153.npy,keyboard,keyboard,95.88587284088135,keyboard: 95.89% | guitar: 3.02% | laptop: 0.43% | airplane: 0.21% | tv_stand: 0.14%
vase_0485.npy,vase,bowl,40.08790850639343,bowl: 40.09% | flower_pot: 23.03% | vase: 19.88% | tent: 6.44% | bed: 4.36%
vase_0478.npy,vase,vase,89.30827975273132,vase: 89.31% | flower_pot: 8.31% | plant: 1.22% | cup: 0.70% | stool: 0.24%
vase_0540.npy,vase,vase,71.51438593864441,vase: 71.51% | bottle: 23.00% | flower_pot: 3.85% | person: 0.92% | plant: 0.15%
vase_0517.npy,vase,vase,72.36911654472351,vase: 72.37% | bottle: 18.48% | flower_pot: 4.40% | cup: 3.37% | sink: 0.55%
vase_0560.npy,vase,bowl,38.55506777763367,bowl: 38.56% | bathtub: 13.01% | car: 10.50% | tent: 9.73% | vase: 8.80%
vase_0502.npy,vase,vase,91.76048040390015,vase: 91.76% | flower_pot: 7.65% | bottle: 0.30% | plant: 0.10% | person: 0.07%
vase_0489.npy,vase,vase,86.19945049285889,vase: 86.20% | flower_pot: 6.74% | bottle: 3.82% | person: 1.39% | plant: 1.14%
vase_0534.npy,vase,xbox,51.87172293663025,xbox: 51.87% | night_stand: 10.96% | mantel: 9.56% | glass_box: 9.06% | cup: 8.00%
vase_0513.npy,vase,vase,54.97980713844299,vase: 54.98% | flower_pot: 14.53% | bottle: 10.62% | plant: 9.63% | person: 5.97%
vase_0482.npy,vase,vase,66.739022731781,vase: 66.74% | bottle: 28.16% | flower_pot: 2.26% | person: 0.75% | plant: 0.67%
vase_0486.npy,vase,vase,50.38623809814453,vase: 50.39% | flower_pot: 44.61% | cone: 2.74% | plant: 0.88% | person: 0.33%
vase_0521.npy,vase,vase,92.00122356414795,vase: 92.00% | flower_pot: 6.47% | bottle: 1.11% | person: 0.12% | plant: 0.11%
vase_0498.npy,vase,flower_pot,42.46913194656372,flower_pot: 42.47% | vase: 34.06% | cup: 20.20% | bowl: 3.19% | monitor: 0.05%
vase_0504.npy,vase,vase,99.03432130813599,vase: 99.03% | flower_pot: 0.50% | cup: 0.41% | plant: 0.04%
vase_0562.npy,vase,vase,54.15366888046265,vase: 54.15% | cup: 17.71% | lamp: 12.42% | flower_pot: 5.96% | plant: 5.96%
vase_0571.npy,vase,vase,49.69251751899719,vase: 49.69% | cone: 15.11% | bottle: 14.13% | flower_pot: 8.03% | plant: 5.68%
vase_0503.npy,vase,vase,98.22945594787598,vase: 98.23% | flower_pot: 1.29% | bowl: 0.36% | cup: 0.09% | tent: 0.02%
vase_0526.npy,vase,vase,60.911762714385986,vase: 60.91% | cup: 38.35% | flower_pot: 0.74%
vase_0499.npy,vase,bottle,22.033511102199554,bottle: 22.03% | vase: 12.13% | wardrobe: 11.76% | stool: 7.94% | dresser: 6.92%
vase_0529.npy,vase,vase,84.33344960212708,vase: 84.33% | bowl: 13.11% | flower_pot: 1.93% | cup: 0.37% | monitor: 0.19%
vase_0525.npy,vase,vase,97.56404161453247,vase: 97.56% | cup: 2.15% | flower_pot: 0.22% | lamp: 0.03% | plant: 0.01%
vase_0567.npy,vase,person,22.44347780942917,person: 22.44% | plant: 13.18% | curtain: 8.39% | vase: 7.26% | lamp: 6.91%
vase_0492.npy,vase,vase,91.95846915245056,vase: 91.96% | flower_pot: 3.05% | bottle: 2.21% | stool: 0.87% | person: 0.53%
vase_0542.npy,vase,vase,93.78817677497864,vase: 93.79% | bottle: 4.76% | flower_pot: 1.29% | person: 0.03% | cup: 0.03%
vase_0494.npy,vase,bottle,48.85936081409454,bottle: 48.86% | vase: 27.26% | flower_pot: 7.03% | plant: 4.33% | person: 4.27%
vase_0483.npy,vase,bottle,70.48355340957642,bottle: 70.48% | vase: 13.04% | flower_pot: 5.59% | person: 3.65% | plant: 1.96%
vase_0505.npy,vase,vase,69.1116988658905,vase: 69.11% | flower_pot: 30.72% | chair: 0.04% | bowl: 0.03% | table: 0.03%
vase_0533.npy,vase,vase,79.83007431030273,vase: 79.83% | plant: 7.68% | flower_pot: 5.88% | cone: 3.59% | stool: 1.35%
vase_0496.npy,vase,vase,81.01786375045776,vase: 81.02% | cup: 16.56% | flower_pot: 1.83% | lamp: 0.37% | plant: 0.13%
vase_0531.npy,vase,vase,54.15031909942627,vase: 54.15% | bottle: 14.48% | cup: 14.20% | flower_pot: 13.65% | toilet: 1.80%
vase_0479.npy,vase,vase,96.29650115966797,vase: 96.30% | flower_pot: 3.45% | cup: 0.23% | bowl: 0.01%
vase_0491.npy,vase,vase,44.47929859161377,vase: 44.48% | flower_pot: 22.98% | cone: 12.07% | plant: 8.36% | bottle: 4.99%
vase_0519.npy,vase,lamp,53.275394439697266,lamp: 53.28% | vase: 21.14% | plant: 14.42% | flower_pot: 5.23% | person: 3.10%
vase_0539.npy,vase,vase,60.14586687088013,vase: 60.15% | flower_pot: 21.11% | lamp: 11.58% | cup: 3.72% | plant: 2.10%
vase_0497.npy,vase,vase,69.7278380393982,vase: 69.73% | bottle: 21.00% | flower_pot: 3.30% | stool: 1.33% | person: 0.95%
vase_0490.npy,vase,cup,90.37352800369263,cup: 90.37% | vase: 5.63% | stool: 1.46% | wardrobe: 0.83% | lamp: 0.41%
vase_0553.npy,vase,flower_pot,37.29268014431,flower_pot: 37.29% | vase: 31.57% | plant: 8.04% | chair: 5.73% | cup: 5.71%
vase_0538.npy,vase,vase,82.81301259994507,vase: 82.81% | cup: 4.96% | flower_pot: 4.55% | bottle: 3.16% | toilet: 2.28%
vase_0550.npy,vase,vase,74.12485480308533,vase: 74.12% | bottle: 10.47% | flower_pot: 7.17% | cup: 2.90% | person: 1.58%
vase_0509.npy,vase,vase,79.73334193229675,vase: 79.73% | flower_pot: 18.88% | bottle: 0.60% | cup: 0.26% | plant: 0.18%
vase_0495.npy,vase,vase,52.608442306518555,vase: 52.61% | bottle: 20.41% | curtain: 8.21% | wardrobe: 5.20% | xbox: 2.00%
vase_0546.npy,vase,vase,88.1628155708313,vase: 88.16% | flower_pot: 2.91% | bottle: 2.76% | person: 2.59% | lamp: 1.93%
vase_0555.npy,vase,vase,81.14166855812073,vase: 81.14% | bottle: 7.88% | flower_pot: 5.33% | cup: 1.76% | person: 1.11%
vase_0572.npy,vase,vase,46.550554037094116,vase: 46.55% | bottle: 35.29% | stool: 4.83% | flower_pot: 4.51% | person: 2.36%
vase_0543.npy,vase,vase,63.72308135032654,vase: 63.72% | cup: 15.44% | flower_pot: 14.67% | lamp: 3.37% | plant: 1.49%
vase_0563.npy,vase,vase,99.04181361198425,vase: 99.04% | flower_pot: 0.66% | cup: 0.29%
vase_0481.npy,vase,vase,42.161568999290466,vase: 42.16% | stool: 21.28% | bottle: 13.08% | flower_pot: 5.50% | lamp: 3.36%
vase_0515.npy,vase,vase,43.08256506919861,vase: 43.08% | monitor: 34.26% | cup: 6.63% | lamp: 5.94% | sink: 2.27%
vase_0549.npy,vase,vase,71.10719084739685,vase: 71.11% | flower_pot: 18.54% | plant: 2.90% | stool: 2.39% | bottle: 2.14%
vase_0510.npy,vase,vase,83.9801549911499,vase: 83.98% | stool: 7.08% | plant: 5.95% | flower_pot: 2.68% | cone: 0.12%
vase_0547.npy,vase,plant,49.875861406326294,plant: 49.88% | vase: 31.37% | flower_pot: 15.20% | stool: 1.20% | stairs: 0.83%
vase_0518.npy,vase,vase,59.67110991477966,vase: 59.67% | plant: 23.32% | lamp: 13.70% | flower_pot: 2.02% | person: 0.67%
vase_0569.npy,vase,vase,81.74813985824585,vase: 81.75% | flower_pot: 16.51% | plant: 1.00% | bottle: 0.17% | lamp: 0.14%
vase_0568.npy,vase,bottle,83.69714021682739,bottle: 83.70% | vase: 5.43% | person: 2.59% | flower_pot: 1.84% | plant: 1.40%
vase_0501.npy,vase,vase,98.55120778083801,vase: 98.55% | cup: 1.17% | flower_pot: 0.22% | plant: 0.04% | range_hood: 0.01%
vase_0552.npy,vase,vase,87.69495487213135,vase: 87.69% | plant: 5.87% | stairs: 3.11% | cone: 1.72% | flower_pot: 0.98%
vase_0548.npy,vase,wardrobe,30.431291460990906,wardrobe: 30.43% | cup: 25.02% | range_hood: 10.29% | night_stand: 6.42% | radio: 4.49%
vase_0554.npy,vase,vase,92.70004630088806,vase: 92.70% | plant: 3.80% | cup: 1.85% | flower_pot: 1.28% | person: 0.15%
vase_0523.npy,vase,cup,67.91605949401855,cup: 67.92% | vase: 28.99% | flower_pot: 2.83% | stool: 0.17% | plant: 0.02%
vase_0528.npy,vase,cup,29.43340539932251,cup: 29.43% | plant: 25.62% | chair: 16.25% | flower_pot: 15.87% | lamp: 9.24%
vase_0545.npy,vase,vase,81.32811784744263,vase: 81.33% | flower_pot: 10.30% | cup: 4.78% | bowl: 3.03% | plant: 0.36%
vase_0520.npy,vase,vase,79.84037399291992,vase: 79.84% | bottle: 7.75% | flower_pot: 4.32% | person: 2.48% | cup: 1.61%
vase_0551.npy,vase,cup,72.669917345047,cup: 72.67% | vase: 9.88% | bowl: 9.82% | flower_pot: 6.48% | monitor: 0.77%
vase_0535.npy,vase,vase,58.932191133499146,vase: 58.93% | flower_pot: 24.95% | person: 7.52% | plant: 3.29% | bottle: 2.39%
vase_0477.npy,vase,vase,88.26130032539368,vase: 88.26% | bowl: 7.72% | flower_pot: 2.77% | cup: 0.68% | plant: 0.26%
vase_0487.npy,vase,bottle,51.10180974006653,bottle: 51.10% | vase: 36.32% | flower_pot: 5.02% | plant: 2.21% | cone: 1.33%
vase_0575.npy,vase,sink,49.841248989105225,sink: 49.84% | vase: 22.67% | flower_pot: 15.38% | bottle: 4.09% | night_stand: 2.06%
vase_0573.npy,vase,vase,84.75756645202637,vase: 84.76% | plant: 6.56% | flower_pot: 4.17% | person: 3.21% | stool: 0.35%
vase_0507.npy,vase,vase,95.94228267669678,vase: 95.94% | lamp: 1.33% | flower_pot: 1.28% | cup: 0.74% | plant: 0.59%
vase_0508.npy,vase,bottle,80.60224056243896,bottle: 80.60% | flower_pot: 5.32% | vase: 4.42% | piano: 2.45% | radio: 1.31%
vase_0541.npy,vase,vase,73.60309362411499,vase: 73.60% | bottle: 10.19% | person: 7.02% | flower_pot: 6.37% | plant: 0.90%
vase_0559.npy,vase,vase,43.26113760471344,vase: 43.26% | flower_pot: 26.53% | cup: 22.69% | bowl: 6.52% | stool: 0.48%
vase_0488.npy,vase,vase,86.51986718177795,vase: 86.52% | flower_pot: 4.67% | cup: 4.65% | stool: 1.12% | bottle: 0.96%
vase_0493.npy,vase,vase,65.98326563835144,vase: 65.98% | bottle: 13.24% | flower_pot: 7.33% | person: 5.89% | plant: 4.75%
vase_0566.npy,vase,vase,88.90256881713867,vase: 88.90% | cup: 6.04% | flower_pot: 3.54% | bowl: 1.37% | tent: 0.05%
vase_0561.npy,vase,cone,78.03318500518799,cone: 78.03% | vase: 10.17% | plant: 3.97% | stairs: 1.82% | flower_pot: 1.63%
vase_0536.npy,vase,vase,98.95089864730835,vase: 98.95% | cup: 0.63% | flower_pot: 0.41%
vase_0500.npy,vase,vase,93.79475712776184,vase: 93.79% | flower_pot: 3.61% | bottle: 2.06% | cup: 0.13% | person: 0.11%
vase_0516.npy,vase,vase,62.47228384017944,vase: 62.47% | plant: 32.07% | flower_pot: 5.19% | stairs: 0.17% | stool: 0.03%
vase_0574.npy,vase,vase,38.00773322582245,vase: 38.01% | bottle: 22.80% | flower_pot: 11.20% | cone: 10.50% | plant: 7.16%
vase_0524.npy,vase,vase,95.31369805335999,vase: 95.31% | cup: 2.75% | flower_pot: 1.66% | bowl: 0.25% | chair: 0.01%
vase_0557.npy,vase,wardrobe,72.6139783859253,wardrobe: 72.61% | tv_stand: 4.44% | xbox: 3.38% | stairs: 3.05% | bookshelf: 2.99%
vase_0564.npy,vase,vase,95.74878811836243,vase: 95.75% | bottle: 1.54% | cone: 1.10% | flower_pot: 1.00% | plant: 0.23%
vase_0558.npy,vase,bottle,68.59112977981567,bottle: 68.59% | vase: 19.82% | flower_pot: 3.19% | person: 1.11% | bookshelf: 0.93%
vase_0537.npy,vase,cup,86.01545095443726,cup: 86.02% | flower_pot: 12.02% | vase: 1.08% | toilet: 0.28% | sink: 0.21%
vase_0514.npy,vase,vase,89.6703839302063,vase: 89.67% | flower_pot: 9.59% | plant: 0.48% | lamp: 0.12% | stairs: 0.04%
vase_0480.npy,vase,cup,74.4977593421936,cup: 74.50% | flower_pot: 11.78% | xbox: 4.72% | laptop: 3.42% | vase: 2.00%
vase_0522.npy,vase,vase,79.1094422340393,vase: 79.11% | stool: 14.47% | flower_pot: 2.06% | bottle: 2.04% | person: 0.74%
vase_0527.npy,vase,vase,67.3387348651886,vase: 67.34% | flower_pot: 21.17% | lamp: 6.85% | stairs: 1.41% | wardrobe: 0.88%
vase_0570.npy,vase,vase,85.05795001983643,vase: 85.06% | cup: 8.23% | lamp: 5.52% | flower_pot: 1.07% | stool: 0.05%
vase_0556.npy,vase,vase,69.4225013256073,vase: 69.42% | bottle: 22.83% | flower_pot: 3.75% | person: 1.06% | plant: 0.86%
vase_0506.npy,vase,vase,91.77033305168152,vase: 91.77% | flower_pot: 2.84% | person: 1.42% | plant: 0.78% | toilet: 0.71%
vase_0530.npy,vase,vase,63.51798176765442,vase: 63.52% | bottle: 18.06% | wardrobe: 8.83% | flower_pot: 4.12% | lamp: 2.78%
vase_0565.npy,vase,vase,94.09348368644714,vase: 94.09% | bottle: 2.45% | flower_pot: 2.35% | cup: 0.44% | person: 0.22%
vase_0512.npy,vase,vase,60.37432551383972,vase: 60.37% | bottle: 36.23% | flower_pot: 1.98% | stairs: 0.33% | person: 0.28%
vase_0476.npy,vase,vase,99.43732023239136,vase: 99.44% | plant: 0.37% | flower_pot: 0.14% | stairs: 0.01% | stool: 0.01%
vase_0544.npy,vase,bottle,69.85951066017151,bottle: 69.86% | vase: 16.71% | flower_pot: 3.99% | person: 1.83% | stool: 1.04%
vase_0532.npy,vase,vase,66.7889416217804,vase: 66.79% | plant: 20.89% | flower_pot: 7.70% | cone: 2.70% | stool: 0.61%
vase_0511.npy,vase,bottle,52.713543176651,bottle: 52.71% | vase: 23.82% | wardrobe: 5.42% | dresser: 3.15% | door: 2.82%
vase_0484.npy,vase,vase,76.44330263137817,vase: 76.44% | stool: 7.20% | flower_pot: 6.69% | bottle: 6.36% | plant: 0.90%
stairs_0129.npy,stairs,lamp,32.90673792362213,lamp: 32.91% | bookshelf: 14.39% | flower_pot: 10.21% | stool: 9.33% | tv_stand: 6.38%
stairs_0128.npy,stairs,tent,44.7270542383194,tent: 44.73% | car: 20.13% | sofa: 12.25% | radio: 7.45% | bathtub: 6.13%
stairs_0125.npy,stairs,stairs,40.554726123809814,stairs: 40.55% | bookshelf: 15.55% | tv_stand: 5.32% | plant: 4.45% | curtain: 3.93%
stairs_0136.npy,stairs,bench,49.0151971578598,bench: 49.02% | stairs: 22.72% | vase: 6.18% | plant: 5.14% | flower_pot: 3.81%
stairs_0130.npy,stairs,stairs,80.41154742240906,stairs: 80.41% | bookshelf: 11.24% | piano: 3.22% | chair: 1.15% | flower_pot: 0.72%
stairs_0143.npy,stairs,car,17.91302114725113,car: 17.91% | glass_box: 17.49% | bathtub: 10.94% | tv_stand: 10.04% | sofa: 8.64%
stairs_0132.npy,stairs,stairs,49.903103709220886,stairs: 49.90% | bookshelf: 13.27% | table: 3.98% | vase: 3.52% | sofa: 3.45%
stairs_0142.npy,stairs,stairs,82.08137154579163,stairs: 82.08% | bookshelf: 6.35% | flower_pot: 3.63% | plant: 3.49% | vase: 1.27%
stairs_0138.npy,stairs,plant,30.95829486846924,plant: 30.96% | stairs: 23.65% | lamp: 14.63% | vase: 10.56% | flower_pot: 6.98%
stairs_0134.npy,stairs,stairs,77.22423672676086,stairs: 77.22% | plant: 5.73% | person: 4.64% | cone: 3.40% | flower_pot: 2.55%
stairs_0131.npy,stairs,car,19.900280237197876,car: 19.90% | tent: 16.19% | sink: 9.92% | stairs: 8.84% | bed: 7.05%
stairs_0141.npy,stairs,stairs,24.73798394203186,stairs: 24.74% | bench: 12.28% | car: 11.47% | piano: 11.24% | radio: 8.34%
stairs_0139.npy,stairs,person,23.85244220495224,person: 23.85% | monitor: 22.62% | stairs: 21.59% | lamp: 9.78% | plant: 3.63%
stairs_0144.npy,stairs,stairs,88.93048167228699,stairs: 88.93% | car: 2.03% | piano: 1.92% | bench: 1.44% | lamp: 1.26%
stairs_0135.npy,stairs,flower_pot,41.367387771606445,flower_pot: 41.37% | vase: 31.70% | stool: 12.83% | plant: 8.12% | stairs: 2.27%
stairs_0140.npy,stairs,plant,51.73252820968628,plant: 51.73% | stairs: 19.74% | flower_pot: 7.89% | lamp: 4.57% | monitor: 3.66%
stairs_0127.npy,stairs,stairs,39.537349343299866,stairs: 39.54% | bench: 19.28% | plant: 16.83% | mantel: 4.63% | car: 4.27%
stairs_0133.npy,stairs,stairs,27.00401544570923,stairs: 27.00% | plant: 18.49% | person: 18.41% | bookshelf: 8.82% | stool: 8.32%
stairs_0126.npy,stairs,plant,37.70909607410431,plant: 37.71% | stairs: 16.13% | flower_pot: 12.70% | stool: 10.73% | lamp: 7.88%
stairs_0137.npy,stairs,stairs,35.80018877983093,stairs: 35.80% | desk: 28.99% | flower_pot: 15.19% | piano: 8.06% | glass_box: 3.98%
airplane_0710.npy,airplane,airplane,99.6444046497345,airplane: 99.64% | tent: 0.07% | bed: 0.07% | sink: 0.05% | table: 0.03%
airplane_0654.npy,airplane,airplane,99.16753768920898,airplane: 99.17% | tent: 0.14% | laptop: 0.11% | bathtub: 0.11% | sink: 0.08%
airplane_0723.npy,airplane,bowl,31.152033805847168,bowl: 31.15% | airplane: 21.04% | sofa: 17.79% | bed: 16.75% | plant: 4.47%
airplane_0719.npy,airplane,airplane,99.25568103790283,airplane: 99.26% | tent: 0.17% | bed: 0.08% | laptop: 0.08% | bathtub: 0.06%
airplane_0640.npy,airplane,airplane,99.67334270477295,airplane: 99.67% | laptop: 0.06% | bathtub: 0.05% | tent: 0.05% | sink: 0.03%
airplane_0655.npy,airplane,airplane,98.6855149269104,airplane: 98.69% | tent: 0.55% | bowl: 0.22% | sink: 0.11% | monitor: 0.08%
airplane_0698.npy,airplane,airplane,97.36037850379944,airplane: 97.36% | laptop: 0.99% | tent: 0.40% | table: 0.17% | bowl: 0.15%
airplane_0639.npy,airplane,airplane,98.36719632148743,airplane: 98.37% | sink: 0.39% | bowl: 0.32% | tent: 0.28% | monitor: 0.25%
airplane_0676.npy,airplane,airplane,99.72078204154968,airplane: 99.72% | tent: 0.05% | bathtub: 0.04% | bed: 0.04% | table: 0.03%
airplane_0718.npy,airplane,airplane,99.82415437698364,airplane: 99.82% | tent: 0.03% | laptop: 0.03% | bathtub: 0.02% | bed: 0.02%
airplane_0697.npy,airplane,airplane,98.21842908859253,airplane: 98.22% | bathtub: 0.48% | laptop: 0.32% | tent: 0.10% | car: 0.09%
airplane_0645.npy,airplane,airplane,83.54619145393372,airplane: 83.55% | sink: 2.73% | bed: 2.56% | monitor: 1.89% | plant: 1.80%
airplane_0690.npy,airplane,airplane,99.26079511642456,airplane: 99.26% | bed: 0.18% | sink: 0.13% | laptop: 0.11% | tent: 0.09%
airplane_0665.npy,airplane,airplane,99.35423135757446,airplane: 99.35% | tent: 0.13% | laptop: 0.12% | car: 0.06% | bathtub: 0.05%
airplane_0692.npy,airplane,airplane,99.18087124824524,airplane: 99.18% | bathtub: 0.26% | laptop: 0.10% | sink: 0.05% | tent: 0.05%
airplane_0677.npy,airplane,airplane,98.93725514411926,airplane: 98.94% | tent: 0.56% | bowl: 0.17% | sink: 0.10% | bed: 0.06%
airplane_0679.npy,airplane,airplane,98.74208569526672,airplane: 98.74% | laptop: 0.37% | tent: 0.17% | bowl: 0.13% | keyboard: 0.11%
airplane_0714.npy,airplane,airplane,99.25590753555298,airplane: 99.26% | tent: 0.32% | bowl: 0.11% | laptop: 0.07% | monitor: 0.03%
airplane_0706.npy,airplane,laptop,46.26704156398773,laptop: 46.27% | airplane: 16.13% | bowl: 15.48% | bed: 7.88% | tv_stand: 3.38%
airplane_0652.npy,airplane,airplane,98.93801212310791,airplane: 98.94% | laptop: 0.25% | bed: 0.24% | bathtub: 0.12% | bowl: 0.10%
airplane_0726.npy,airplane,airplane,99.48819875717163,airplane: 99.49% | tent: 0.13% | laptop: 0.08% | bowl: 0.06% | monitor: 0.05%
airplane_0635.npy,airplane,airplane,99.62242841720581,airplane: 99.62% | tent: 0.11% | bed: 0.05% | laptop: 0.04% | sink: 0.04%
airplane_0664.npy,airplane,airplane,99.84931945800781,airplane: 99.85% | tent: 0.04% | laptop: 0.02% | bowl: 0.02% | bed: 0.01%
airplane_0661.npy,airplane,airplane,82.66929388046265,airplane: 82.67% | tent: 7.03% | bed: 2.58% | sink: 2.26% | bowl: 2.18%
airplane_0646.npy,airplane,airplane,99.39582347869873,airplane: 99.40% | laptop: 0.17% | tent: 0.13% | bathtub: 0.10% | bed: 0.05%
airplane_0674.npy,airplane,airplane,99.35609102249146,airplane: 99.36% | laptop: 0.20% | tent: 0.17% | sink: 0.07% | bowl: 0.05%
airplane_0628.npy,airplane,airplane,99.20056462287903,airplane: 99.20% | bathtub: 0.23% | bowl: 0.08% | laptop: 0.08% | sink: 0.08%
airplane_0701.npy,airplane,airplane,99.70800280570984,airplane: 99.71% | bathtub: 0.05% | laptop: 0.04% | sink: 0.03% | bowl: 0.03%
airplane_0629.npy,airplane,airplane,67.99119114875793,airplane: 67.99% | plant: 12.15% | bed: 3.81% | monitor: 3.14% | tent: 3.01%
airplane_0717.npy,airplane,airplane,98.77419471740723,airplane: 98.77% | tent: 0.36% | laptop: 0.24% | bowl: 0.14% | sink: 0.08%
airplane_0693.npy,airplane,airplane,99.5373547077179,airplane: 99.54% | laptop: 0.09% | tent: 0.08% | bowl: 0.05% | bed: 0.04%
airplane_0657.npy,airplane,airplane,93.84271502494812,airplane: 93.84% | table: 0.93% | bathtub: 0.83% | laptop: 0.56% | car: 0.55%
airplane_0641.npy,airplane,airplane,98.82503747940063,airplane: 98.83% | bowl: 0.26% | bed: 0.25% | bathtub: 0.13% | sofa: 0.12%
airplane_0634.npy,airplane,airplane,98.95339608192444,airplane: 98.95% | laptop: 0.38% | tent: 0.22% | bowl: 0.11% | sink: 0.08%
airplane_0685.npy,airplane,airplane,98.99647831916809,airplane: 99.00% | laptop: 0.36% | tent: 0.22% | bowl: 0.10% | sink: 0.05%
airplane_0702.npy,airplane,airplane,99.32950139045715,airplane: 99.33% | tent: 0.11% | laptop: 0.10% | bowl: 0.05% | bathtub: 0.04%
airplane_0632.npy,airplane,airplane,99.71417784690857,airplane: 99.71% | tent: 0.06% | bed: 0.04% | laptop: 0.04% | table: 0.03%
airplane_0669.npy,airplane,airplane,97.9662835597992,airplane: 97.97% | bed: 0.66% | sink: 0.40% | tent: 0.32% | bathtub: 0.13%
airplane_0680.npy,airplane,airplane,98.91524314880371,airplane: 98.92% | tent: 0.54% | sink: 0.11% | bowl: 0.09% | table: 0.07%
airplane_0700.npy,airplane,airplane,96.61383032798767,airplane: 96.61% | bathtub: 0.54% | laptop: 0.42% | tent: 0.20% | car: 0.19%
airplane_0724.npy,airplane,airplane,99.62426424026489,airplane: 99.62% | bathtub: 0.08% | bed: 0.06% | laptop: 0.05% | tent: 0.03%
airplane_0703.npy,airplane,airplane,99.56820011138916,airplane: 99.57% | laptop: 0.15% | tent: 0.08% | bed: 0.05% | bowl: 0.03%
airplane_0722.npy,airplane,airplane,99.5928943157196,airplane: 99.59% | bathtub: 0.06% | sink: 0.05% | laptop: 0.05% | bed: 0.04%
airplane_0658.npy,airplane,airplane,83.63264203071594,airplane: 83.63% | monitor: 3.52% | table: 3.09% | laptop: 1.62% | sink: 1.22%
airplane_0672.npy,airplane,airplane,99.73782300949097,airplane: 99.74% | bathtub: 0.06% | bed: 0.03% | laptop: 0.03% | sink: 0.03%
airplane_0644.npy,airplane,airplane,99.32236671447754,airplane: 99.32% | bed: 0.16% | tent: 0.13% | laptop: 0.10% | sink: 0.08%
airplane_0659.npy,airplane,airplane,98.6230194568634,airplane: 98.62% | laptop: 0.74% | tent: 0.21% | bed: 0.06% | bowl: 0.06%
airplane_0651.npy,airplane,airplane,99.35895204544067,airplane: 99.36% | bathtub: 0.12% | laptop: 0.07% | tent: 0.06% | car: 0.05%
airplane_0660.npy,airplane,airplane,99.46988821029663,airplane: 99.47% | tent: 0.20% | laptop: 0.07% | sink: 0.06% | bed: 0.05%
airplane_0638.npy,airplane,airplane,99.53213334083557,airplane: 99.53% | laptop: 0.11% | tent: 0.05% | sink: 0.05% | monitor: 0.04%
airplane_0683.npy,airplane,airplane,99.29975271224976,airplane: 99.30% | sink: 0.28% | table: 0.05% | bowl: 0.04% | tent: 0.04%
airplane_0720.npy,airplane,airplane,99.70530271530151,airplane: 99.71% | laptop: 0.07% | tent: 0.06% | bathtub: 0.03% | bed: 0.02%
airplane_0667.npy,airplane,airplane,99.55341815948486,airplane: 99.55% | laptop: 0.11% | tent: 0.07% | bathtub: 0.05% | bed: 0.04%
airplane_0699.npy,airplane,airplane,99.33887720108032,airplane: 99.34% | laptop: 0.16% | tent: 0.12% | bathtub: 0.06% | bed: 0.06%
airplane_0707.npy,airplane,airplane,99.30868744850159,airplane: 99.31% | tent: 0.21% | laptop: 0.15% | bowl: 0.09% | sink: 0.05%
airplane_0689.npy,airplane,airplane,99.63064193725586,airplane: 99.63% | tent: 0.07% | laptop: 0.06% | bathtub: 0.03% | bed: 0.03%
airplane_0662.npy,airplane,airplane,52.12099552154541,airplane: 52.12% | bowl: 26.85% | tent: 6.09% | monitor: 4.41% | laptop: 4.11%
airplane_0696.npy,airplane,airplane,98.24042916297913,airplane: 98.24% | laptop: 0.55% | tent: 0.47% | bowl: 0.14% | sink: 0.12%
airplane_0649.npy,airplane,airplane,98.77646565437317,airplane: 98.78% | bed: 0.31% | bowl: 0.18% | tent: 0.17% | sink: 0.16%
airplane_0630.npy,airplane,airplane,99.46517944335938,airplane: 99.47% | bathtub: 0.12% | tent: 0.06% | bed: 0.05% | laptop: 0.05%
airplane_0653.npy,airplane,airplane,99.28224682807922,airplane: 99.28% | laptop: 0.10% | bathtub: 0.10% | tent: 0.08% | sink: 0.07%
airplane_0670.npy,airplane,airplane,94.87751722335815,airplane: 94.88% | sink: 0.82% | tent: 0.57% | bowl: 0.51% | monitor: 0.48%
airplane_0647.npy,airplane,airplane,99.41943287849426,airplane: 99.42% | tent: 0.12% | bathtub: 0.09% | sink: 0.04% | sofa: 0.04%
airplane_0643.npy,airplane,airplane,99.54969882965088,airplane: 99.55% | tent: 0.08% | laptop: 0.07% | bed: 0.05% | bowl: 0.04%
airplane_0633.npy,airplane,airplane,99.58655834197998,airplane: 99.59% | tent: 0.10% | laptop: 0.09% | bathtub: 0.05% | bed: 0.03%
airplane_0715.npy,airplane,airplane,93.41591596603394,airplane: 93.42% | bed: 2.78% | tent: 0.90% | sink: 0.68% | bowl: 0.43%
airplane_0686.npy,airplane,airplane,90.31609892845154,airplane: 90.32% | bowl: 3.09% | laptop: 1.27% | tent: 1.16% | bed: 0.88%
airplane_0694.npy,airplane,airplane,99.20338988304138,airplane: 99.20% | tent: 0.31% | bowl: 0.12% | laptop: 0.08% | monitor: 0.06%
airplane_0688.npy,airplane,airplane,99.59945678710938,airplane: 99.60% | tent: 0.17% | bowl: 0.05% | laptop: 0.04% | sink: 0.04%
airplane_0708.npy,airplane,airplane,99.26079511642456,airplane: 99.26% | bed: 0.18% | sink: 0.13% | laptop: 0.11% | tent: 0.09%
airplane_0695.npy,airplane,airplane,99.19249415397644,airplane: 99.19% | tent: 0.22% | laptop: 0.21% | keyboard: 0.07% | bowl: 0.07%
airplane_0663.npy,airplane,airplane,97.11969494819641,airplane: 97.12% | laptop: 0.51% | bathtub: 0.47% | tent: 0.19% | sink: 0.18%
airplane_0650.npy,airplane,airplane,99.63957667350769,airplane: 99.64% | laptop: 0.08% | bathtub: 0.05% | tent: 0.05% | bed: 0.03%
airplane_0709.npy,airplane,airplane,98.93801212310791,airplane: 98.94% | laptop: 0.25% | bed: 0.24% | bathtub: 0.12% | bowl: 0.10%
airplane_0716.npy,airplane,airplane,99.26079511642456,airplane: 99.26% | bed: 0.18% | sink: 0.13% | laptop: 0.11% | tent: 0.09%
airplane_0656.npy,airplane,airplane,99.6107280254364,airplane: 99.61% | bathtub: 0.08% | car: 0.05% | tent: 0.04% | laptop: 0.03%
airplane_0648.npy,airplane,airplane,99.69780445098877,airplane: 99.70% | bathtub: 0.06% | bed: 0.03% | tent: 0.03% | sink: 0.03%
airplane_0713.npy,airplane,airplane,99.43874478340149,airplane: 99.44% | laptop: 0.08% | bathtub: 0.08% | sink: 0.06% | tent: 0.06%
airplane_0704.npy,airplane,airplane,99.60033297538757,airplane: 99.60% | tent: 0.07% | laptop: 0.06% | bathtub: 0.04% | sink: 0.04%
airplane_0671.npy,airplane,airplane,97.40686416625977,airplane: 97.41% | tent: 1.09% | sink: 0.51% | monitor: 0.34% | bowl: 0.19%
airplane_0637.npy,airplane,airplane,97.74332642555237,airplane: 97.74% | laptop: 0.35% | bed: 0.30% | bathtub: 0.21% | sink: 0.18%
airplane_0712.npy,airplane,airplane,98.43903183937073,airplane: 98.44% | bathtub: 0.56% | sofa: 0.20% | tent: 0.15% | car: 0.11%
airplane_0682.npy,airplane,airplane,99.42396879196167,airplane: 99.42% | laptop: 0.30% | tent: 0.05% | bathtub: 0.04% | bowl: 0.03%
airplane_0631.npy,airplane,airplane,99.28916692733765,airplane: 99.29% | tent: 0.17% | monitor: 0.14% | sink: 0.12% | bed: 0.07%
airplane_0673.npy,airplane,airplane,99.72057938575745,airplane: 99.72% | laptop: 0.06% | bowl: 0.05% | tent: 0.04% | bed: 0.02%
airplane_0627.npy,airplane,airplane,99.49877262115479,airplane: 99.50% | bathtub: 0.12% | sofa: 0.07% | tent: 0.05% | car: 0.04%
airplane_0642.npy,airplane,airplane,99.26643967628479,airplane: 99.27% | bathtub: 0.10% | laptop: 0.09% | tent: 0.09% | sink: 0.07%
airplane_0675.npy,airplane,airplane,47.90137708187103,airplane: 47.90% | keyboard: 18.55% | laptop: 6.36% | guitar: 5.71% | sofa: 4.88%
airplane_0687.npy,airplane,airplane,99.57160353660583,airplane: 99.57% | bed: 0.07% | laptop: 0.07% | tent: 0.07% | bowl: 0.04%
airplane_0705.npy,airplane,airplane,99.32950139045715,airplane: 99.33% | tent: 0.11% | laptop: 0.10% | bowl: 0.05% | bathtub: 0.04%
airplane_0691.npy,airplane,airplane,99.30959343910217,airplane: 99.31% | laptop: 0.16% | bed: 0.10% | tent: 0.10% | bathtub: 0.08%
airplane_0666.npy,airplane,airplane,98.14615845680237,airplane: 98.15% | tent: 0.76% | laptop: 0.23% | bowl: 0.17% | sink: 0.13%
airplane_0636.npy,airplane,airplane,99.48830604553223,airplane: 99.49% | laptop: 0.11% | tent: 0.09% | bed: 0.08% | bowl: 0.05%
airplane_0725.npy,airplane,airplane,99.02475476264954,airplane: 99.02% | tent: 0.41% | monitor: 0.12% | sink: 0.10% | bed: 0.10%
airplane_0721.npy,airplane,airplane,99.48830604553223,airplane: 99.49% | laptop: 0.11% | tent: 0.09% | bed: 0.08% | bowl: 0.05%
airplane_0668.npy,airplane,airplane,99.57494735717773,airplane: 99.57% | tent: 0.11% | laptop: 0.09% | bathtub: 0.05% | bed: 0.03%
airplane_0711.npy,airplane,airplane,99.75007176399231,airplane: 99.75% | bathtub: 0.04% | laptop: 0.03% | sink: 0.03% | bowl: 0.02%
airplane_0681.npy,airplane,airplane,98.98256659507751,airplane: 98.98% | laptop: 0.41% | tent: 0.19% | bed: 0.09% | bowl: 0.07%
airplane_0684.npy,airplane,airplane,99.62770342826843,airplane: 99.63% | tent: 0.06% | laptop: 0.06% | bathtub: 0.04% | sink: 0.04%
airplane_0678.npy,airplane,airplane,99.48806762695312,airplane: 99.49% | bed: 0.13% | sink: 0.09% | tent: 0.06% | laptop: 0.04%
sink_0130.npy,sink,sink,73.75330924987793,sink: 73.75% | radio: 8.81% | bed: 8.36% | monitor: 4.43% | night_stand: 1.91%
sink_0146.npy,sink,sink,38.46678137779236,sink: 38.47% | laptop: 14.19% | radio: 11.66% | cup: 6.74% | flower_pot: 5.50%
sink_0129.npy,sink,sink,93.05318593978882,sink: 93.05% | radio: 1.47% | tv_stand: 1.18% | range_hood: 0.93% | piano: 0.87%
sink_0141.npy,sink,night_stand,23.715677857398987,night_stand: 23.72% | xbox: 18.68% | dresser: 15.77% | wardrobe: 13.73% | mantel: 6.60%
sink_0136.npy,sink,night_stand,45.619094371795654,night_stand: 45.62% | dresser: 32.77% | glass_box: 8.36% | mantel: 3.58% | stool: 2.95%
sink_0139.npy,sink,bathtub,65.00087976455688,bathtub: 65.00% | sink: 30.84% | laptop: 1.27% | glass_box: 0.89% | radio: 0.89%
sink_0137.npy,sink,sink,31.316155195236206,sink: 31.32% | tv_stand: 21.06% | bed: 10.68% | radio: 10.05% | tent: 4.67%
sink_0147.npy,sink,sink,66.16242527961731,sink: 66.16% | laptop: 13.54% | radio: 4.36% | bowl: 2.66% | cup: 2.46%
sink_0142.npy,sink,sink,49.31729733943939,sink: 49.32% | bookshelf: 12.49% | range_hood: 8.79% | radio: 6.57% | tv_stand: 5.27%
sink_0134.npy,sink,toilet,69.09227967262268,toilet: 69.09% | glass_box: 16.94% | monitor: 6.92% | night_stand: 3.18% | car: 0.72%
sink_0145.npy,sink,sofa,43.41947138309479,sofa: 43.42% | tv_stand: 18.61% | bench: 11.17% | bed: 3.92% | glass_box: 3.50%
sink_0143.npy,sink,sink,42.69315004348755,sink: 42.69% | laptop: 39.29% | glass_box: 6.27% | radio: 5.78% | bathtub: 2.61%
sink_0131.npy,sink,tv_stand,54.46819067001343,tv_stand: 54.47% | range_hood: 18.22% | piano: 9.70% | bench: 8.26% | mantel: 3.40%
sink_0135.npy,sink,sink,93.48030090332031,sink: 93.48% | laptop: 1.91% | bed: 1.56% | glass_box: 0.96% | radio: 0.92%
sink_0140.npy,sink,glass_box,53.01042199134827,glass_box: 53.01% | sink: 18.68% | mantel: 12.30% | bookshelf: 9.77% | dresser: 1.78%
sink_0144.npy,sink,bed,24.83370751142502,bed: 24.83% | sink: 17.31% | tv_stand: 16.17% | airplane: 14.66% | radio: 3.92%
sink_0132.npy,sink,sink,49.430856108665466,sink: 49.43% | bathtub: 18.84% | glass_box: 5.76% | tent: 5.69% | radio: 4.88%
sink_0133.npy,sink,tv_stand,29.901975393295288,tv_stand: 29.90% | sink: 27.97% | radio: 8.69% | bed: 6.56% | bookshelf: 5.29%
sink_0138.npy,sink,sink,60.32952666282654,sink: 60.33% | bookshelf: 10.70% | tv_stand: 8.82% | piano: 3.01% | radio: 2.84%
sink_0148.npy,sink,chair,52.31897234916687,chair: 52.32% | plant: 17.83% | stool: 12.66% | flower_pot: 6.67% | stairs: 4.75%
stool_0100.npy,stool,sink,28.586345911026,sink: 28.59% | vase: 16.33% | stool: 7.60% | cup: 7.32% | night_stand: 6.11%
stool_0103.npy,stool,keyboard,15.527190268039703,keyboard: 15.53% | glass_box: 11.84% | stool: 8.84% | lamp: 7.67% | airplane: 7.13%
stool_0104.npy,stool,night_stand,78.81707549095154,night_stand: 78.82% | stairs: 6.02% | mantel: 3.81% | xbox: 3.71% | flower_pot: 1.12%
stool_0107.npy,stool,chair,17.948521673679352,chair: 17.95% | door: 16.66% | vase: 15.40% | flower_pot: 8.22% | person: 6.58%
stool_0102.npy,stool,lamp,64.86765742301941,lamp: 64.87% | vase: 8.30% | stairs: 8.10% | bottle: 6.57% | flower_pot: 3.37%
stool_0106.npy,stool,flower_pot,19.03958022594452,flower_pot: 19.04% | vase: 18.33% | bottle: 15.82% | stool: 15.52% | plant: 12.73%
stool_0094.npy,stool,chair,41.676539182662964,chair: 41.68% | stool: 18.26% | door: 11.10% | vase: 6.13% | bookshelf: 3.65%
stool_0109.npy,stool,stool,71.62805199623108,stool: 71.63% | vase: 7.07% | chair: 3.69% | lamp: 2.85% | plant: 2.83%
stool_0098.npy,stool,plant,29.99766170978546,plant: 30.00% | vase: 13.86% | stool: 11.18% | chair: 8.55% | flower_pot: 7.81%
stool_0105.npy,stool,lamp,59.46630835533142,lamp: 59.47% | stairs: 12.55% | stool: 8.80% | plant: 3.95% | flower_pot: 3.17%
stool_0091.npy,stool,sink,21.03758007287979,sink: 21.04% | lamp: 18.79% | cup: 16.80% | tv_stand: 13.16% | chair: 9.33%
stool_0101.npy,stool,lamp,20.119009912014008,lamp: 20.12% | stool: 19.33% | keyboard: 16.37% | monitor: 6.51% | vase: 5.99%
stool_0095.npy,stool,stool,95.8903968334198,stool: 95.89% | plant: 1.38% | flower_pot: 0.84% | lamp: 0.52% | vase: 0.41%
stool_0097.npy,stool,stool,70.40620446205139,stool: 70.41% | plant: 12.40% | chair: 10.77% | flower_pot: 2.08% | table: 1.46%
stool_0096.npy,stool,flower_pot,19.40186321735382,flower_pot: 19.40% | stool: 15.27% | bookshelf: 12.72% | plant: 10.11% | stairs: 5.13%
stool_0099.npy,stool,plant,38.727810978889465,plant: 38.73% | bookshelf: 15.30% | person: 10.39% | stairs: 9.31% | vase: 4.34%
stool_0110.npy,stool,person,27.248182892799377,person: 27.25% | stool: 20.09% | plant: 13.18% | flower_pot: 11.81% | stairs: 11.80%
stool_0093.npy,stool,vase,62.52891421318054,vase: 62.53% | bottle: 20.28% | stool: 7.19% | flower_pot: 3.45% | plant: 1.89%
stool_0108.npy,stool,person,13.984726369380951,person: 13.98% | vase: 13.89% | plant: 10.36% | stool: 7.34% | tent: 7.33%
stool_0092.npy,stool,stool,29.649096727371216,stool: 29.65% | bottle: 16.03% | flower_pot: 11.59% | vase: 11.33% | door: 9.72%
sofa_0738.npy,sofa,sofa,97.76817560195923,sofa: 97.77% | bed: 1.05% | tent: 0.29% | desk: 0.19% | radio: 0.18%
sofa_0751.npy,sofa,sofa,64.88378643989563,sofa: 64.88% | bed: 7.24% | airplane: 6.26% | bathtub: 4.34% | table: 3.69%
sofa_0708.npy,sofa,sofa,93.1342363357544,sofa: 93.13% | table: 2.05% | tent: 0.76% | car: 0.74% | radio: 0.72%
sofa_0739.npy,sofa,sofa,98.54690432548523,sofa: 98.55% | table: 0.44% | bed: 0.30% | desk: 0.15% | bathtub: 0.14%
sofa_0699.npy,sofa,sofa,99.9879240989685,sofa: 99.99%
sofa_0769.npy,sofa,sofa,88.31400275230408,sofa: 88.31% | table: 3.90% | radio: 2.09% | tv_stand: 1.06% | desk: 0.62%
sofa_0724.npy,sofa,sofa,98.77809286117554,sofa: 98.78% | bathtub: 0.68% | car: 0.12% | airplane: 0.10% | sink: 0.08%
sofa_0683.npy,sofa,monitor,42.91074573993683,monitor: 42.91% | xbox: 22.75% | piano: 10.99% | wardrobe: 6.14% | stairs: 4.91%
sofa_0720.npy,sofa,sofa,99.66339468955994,sofa: 99.66% | bathtub: 0.17% | radio: 0.06% | table: 0.03% | piano: 0.01%
sofa_0755.npy,sofa,bed,95.54886221885681,bed: 95.55% | sofa: 3.14% | tv_stand: 0.61% | table: 0.49% | piano: 0.14%
sofa_0718.npy,sofa,sofa,99.95618462562561,sofa: 99.96% | bed: 0.02% | table: 0.01%
sofa_0684.npy,sofa,sofa,99.98912811279297,sofa: 99.99% | desk: 0.01%
sofa_0748.npy,sofa,sofa,93.5614287853241,sofa: 93.56% | airplane: 1.26% | sink: 1.03% | bathtub: 0.79% | bed: 0.64%
sofa_0742.npy,sofa,sofa,99.70393180847168,sofa: 99.70% | desk: 0.08% | radio: 0.05% | piano: 0.04% | tent: 0.03%
sofa_0754.npy,sofa,sofa,88.3961021900177,sofa: 88.40% | bed: 6.97% | bathtub: 3.85% | piano: 0.12% | night_stand: 0.09%
sofa_0750.npy,sofa,sofa,99.53975081443787,sofa: 99.54% | bathtub: 0.30% | car: 0.04% | tent: 0.02% | radio: 0.01%
sofa_0745.npy,sofa,sofa,99.15217161178589,sofa: 99.15% | desk: 0.27% | bench: 0.11% | table: 0.08% | piano: 0.07%
sofa_0747.npy,sofa,sofa,99.9532699584961,sofa: 99.95% | radio: 0.01% | piano: 0.01% | bathtub: 0.01% | table: 0.01%
sofa_0716.npy,sofa,sofa,82.00708627700806,sofa: 82.01% | bed: 15.86% | table: 0.90% | tent: 0.66% | bathtub: 0.26%
sofa_0764.npy,sofa,sofa,96.26471400260925,sofa: 96.26% | bed: 1.20% | piano: 0.57% | tv_stand: 0.43% | car: 0.31%
sofa_0733.npy,sofa,sofa,68.02578568458557,sofa: 68.03% | bench: 12.82% | table: 5.61% | piano: 3.13% | desk: 2.63%
sofa_0744.npy,sofa,sofa,97.84799218177795,sofa: 97.85% | desk: 0.65% | glass_box: 0.40% | xbox: 0.24% | radio: 0.21%
sofa_0737.npy,sofa,sofa,98.84893298149109,sofa: 98.85% | desk: 0.22% | radio: 0.19% | bathtub: 0.16% | table: 0.12%
sofa_0701.npy,sofa,sofa,98.84518384933472,sofa: 98.85% | bed: 0.91% | table: 0.13% | piano: 0.02% | tv_stand: 0.02%
sofa_0772.npy,sofa,sofa,99.17173981666565,sofa: 99.17% | range_hood: 0.17% | bathtub: 0.17% | bowl: 0.15% | sink: 0.12%
sofa_0687.npy,sofa,sofa,98.93417358398438,sofa: 98.93% | bed: 0.54% | night_stand: 0.18% | bathtub: 0.11% | radio: 0.06%
sofa_0696.npy,sofa,sofa,99.68475699424744,sofa: 99.68% | tent: 0.13% | bed: 0.06% | table: 0.05% | piano: 0.04%
sofa_0715.npy,sofa,sofa,99.2527723312378,sofa: 99.25% | table: 0.18% | bed: 0.14% | tent: 0.12% | desk: 0.06%
sofa_0725.npy,sofa,sofa,99.97419714927673,sofa: 99.97% | bed: 0.02%
sofa_0709.npy,sofa,sofa,51.426297426223755,sofa: 51.43% | bench: 24.98% | bed: 5.55% | table: 5.53% | desk: 2.02%
sofa_0689.npy,sofa,sofa,95.47693133354187,sofa: 95.48% | table: 1.99% | bed: 0.61% | bathtub: 0.40% | desk: 0.37%
sofa_0760.npy,sofa,sofa,98.28184247016907,sofa: 98.28% | table: 1.46% | radio: 0.11% | bed: 0.04% | piano: 0.04%
sofa_0752.npy,sofa,sofa,91.70999526977539,sofa: 91.71% | bathtub: 4.83% | bed: 3.24% | bowl: 0.10% | sink: 0.03%
sofa_0775.npy,sofa,sofa,89.35131430625916,sofa: 89.35% | bathtub: 5.44% | airplane: 1.63% | sink: 1.42% | car: 0.54%
sofa_0712.npy,sofa,sofa,91.1296010017395,sofa: 91.13% | tv_stand: 1.87% | car: 1.18% | bed: 0.94% | desk: 0.83%
sofa_0749.npy,sofa,sofa,98.11843633651733,sofa: 98.12% | bathtub: 1.05% | sink: 0.29% | bed: 0.18% | radio: 0.14%
sofa_0746.npy,sofa,sofa,99.33531284332275,sofa: 99.34% | bathtub: 0.36% | toilet: 0.05% | vase: 0.04% | cup: 0.04%
sofa_0729.npy,sofa,sofa,95.45444250106812,sofa: 95.45% | tv_stand: 1.38% | piano: 0.57% | table: 0.50% | radio: 0.49%
sofa_0711.npy,sofa,sofa,76.52324438095093,sofa: 76.52% | table: 13.55% | piano: 3.10% | car: 1.53% | desk: 1.09%
sofa_0763.npy,sofa,sofa,97.64342308044434,sofa: 97.64% | bathtub: 1.99% | radio: 0.09% | car: 0.06% | bed: 0.06%
sofa_0757.npy,sofa,sofa,95.60003876686096,sofa: 95.60% | radio: 1.32% | table: 1.26% | desk: 0.45% | tv_stand: 0.29%
sofa_0741.npy,sofa,sofa,94.32671666145325,sofa: 94.33% | table: 2.62% | bathtub: 0.76% | bed: 0.72% | radio: 0.57%
sofa_0765.npy,sofa,sofa,99.38774704933167,sofa: 99.39% | bed: 0.46% | car: 0.10% | tent: 0.01% | table: 0.01%
sofa_0698.npy,sofa,sofa,98.65467548370361,sofa: 98.65% | bed: 0.40% | tent: 0.21% | bowl: 0.16% | bathtub: 0.14%
sofa_0734.npy,sofa,sofa,39.33066129684448,sofa: 39.33% | bowl: 26.37% | tent: 10.49% | bed: 8.34% | radio: 5.64%
sofa_0705.npy,sofa,sofa,99.85463619232178,sofa: 99.85% | desk: 0.04% | car: 0.02% | tv_stand: 0.02% | piano: 0.02%
sofa_0719.npy,sofa,sofa,98.03462028503418,sofa: 98.03% | radio: 0.51% | car: 0.27% | tv_stand: 0.16% | tent: 0.13%
sofa_0692.npy,sofa,sofa,88.65352869033813,sofa: 88.65% | bathtub: 4.28% | bed: 2.50% | radio: 1.20% | table: 0.90%
sofa_0685.npy,sofa,sofa,93.91373991966248,sofa: 93.91% | tv_stand: 1.72% | desk: 0.84% | radio: 0.77% | piano: 0.68%
sofa_0740.npy,sofa,sofa,95.9281861782074,sofa: 95.93% | bed: 1.35% | desk: 0.64% | table: 0.44% | bathtub: 0.31%
sofa_0777.npy,sofa,sofa,99.79403614997864,sofa: 99.79% | table: 0.08% | bed: 0.08% | desk: 0.01% | bathtub: 0.01%
sofa_0773.npy,sofa,sofa,99.37969446182251,sofa: 99.38% | bathtub: 0.29% | radio: 0.05% | night_stand: 0.04% | bookshelf: 0.03%
sofa_0759.npy,sofa,sofa,91.4577066898346,sofa: 91.46% | table: 3.81% | piano: 1.91% | desk: 1.11% | dresser: 0.48%
sofa_0776.npy,sofa,sofa,56.97503685951233,sofa: 56.98% | car: 14.26% | bathtub: 12.05% | table: 6.69% | bed: 4.62%
sofa_0717.npy,sofa,airplane,86.556077003479,airplane: 86.56% | sofa: 3.79% | car: 3.55% | bathtub: 2.65% | keyboard: 0.44%
sofa_0780.npy,sofa,sofa,99.60493445396423,sofa: 99.60% | radio: 0.13% | bathtub: 0.10% | table: 0.07% | desk: 0.03%
sofa_0753.npy,sofa,sofa,70.36010026931763,sofa: 70.36% | bed: 16.25% | tv_stand: 7.62% | piano: 2.45% | table: 1.56%
sofa_0758.npy,sofa,sofa,89.460688829422,sofa: 89.46% | bed: 6.77% | table: 2.33% | piano: 0.39% | bench: 0.37%
sofa_0728.npy,sofa,airplane,37.37206757068634,airplane: 37.37% | sofa: 15.24% | car: 9.53% | keyboard: 9.17% | guitar: 9.06%
sofa_0694.npy,sofa,sofa,99.95705485343933,sofa: 99.96% | bed: 0.03%
sofa_0730.npy,sofa,sofa,99.97511506080627,sofa: 99.98% | bed: 0.02%
sofa_0771.npy,sofa,sofa,98.95239472389221,sofa: 98.95% | bench: 0.48% | piano: 0.26% | table: 0.11% | desk: 0.06%
sofa_0691.npy,sofa,sofa,99.79954957962036,sofa: 99.80% | bathtub: 0.07% | car: 0.05% | desk: 0.03% | table: 0.01%
sofa_0774.npy,sofa,sofa,98.1782078742981,sofa: 98.18% | bed: 0.56% | bathtub: 0.30% | sink: 0.27% | night_stand: 0.19%
sofa_0706.npy,sofa,sofa,67.390376329422,sofa: 67.39% | bed: 12.86% | table: 7.81% | piano: 5.91% | radio: 1.86%
sofa_0710.npy,sofa,sofa,73.1152892112732,sofa: 73.12% | piano: 11.45% | desk: 5.15% | bench: 3.75% | bed: 2.22%
sofa_0703.npy,sofa,sofa,94.12432312965393,sofa: 94.12% | table: 2.20% | desk: 1.37% | tv_stand: 0.69% | piano: 0.43%
sofa_0768.npy,sofa,sofa,68.226158618927,sofa: 68.23% | bathtub: 24.77% | airplane: 2.69% | car: 1.47% | bed: 0.90%
sofa_0690.npy,sofa,sofa,77.24209427833557,sofa: 77.24% | bathtub: 6.73% | bed: 4.00% | airplane: 2.63% | radio: 1.78%
sofa_0693.npy,sofa,sofa,99.94577765464783,sofa: 99.95% | bed: 0.04% | tent: 0.01%
sofa_0682.npy,sofa,sink,37.09644079208374,sink: 37.10% | range_hood: 31.28% | night_stand: 11.63% | piano: 3.64% | radio: 3.24%
sofa_0770.npy,sofa,sofa,82.45638608932495,sofa: 82.46% | bed: 8.47% | table: 4.62% | bench: 1.16% | piano: 0.69%
sofa_0731.npy,sofa,sofa,97.52192497253418,sofa: 97.52% | tv_stand: 0.58% | desk: 0.41% | radio: 0.34% | piano: 0.33%
sofa_0681.npy,sofa,night_stand,97.68512845039368,night_stand: 97.69% | dresser: 1.05% | monitor: 0.37% | desk: 0.32% | piano: 0.30%
sofa_0735.npy,sofa,sofa,98.67444038391113,sofa: 98.67% | bed: 1.03% | table: 0.12% | piano: 0.03% | tent: 0.03%
sofa_0761.npy,sofa,sofa,99.2369532585144,sofa: 99.24% | table: 0.32% | bed: 0.22% | piano: 0.08% | desk: 0.04%
sofa_0713.npy,sofa,sofa,99.50709342956543,sofa: 99.51% | table: 0.21% | piano: 0.08% | bed: 0.07% | desk: 0.04%
sofa_0762.npy,sofa,sofa,55.63815236091614,sofa: 55.64% | radio: 26.59% | table: 4.99% | piano: 2.30% | bench: 2.01%
sofa_0686.npy,sofa,sofa,89.3461287021637,sofa: 89.35% | car: 3.60% | bed: 1.94% | table: 1.85% | bathtub: 0.77%
sofa_0756.npy,sofa,sofa,99.92284774780273,sofa: 99.92% | radio: 0.03% | desk: 0.02% | piano: 0.01%
sofa_0736.npy,sofa,table,76.63804888725281,table: 76.64% | night_stand: 7.22% | radio: 5.00% | tv_stand: 3.76% | glass_box: 3.61%
sofa_0707.npy,sofa,sofa,95.46078443527222,sofa: 95.46% | bed: 3.50% | bowl: 0.28% | radio: 0.23% | tent: 0.22%
sofa_0700.npy,sofa,sofa,61.377304792404175,sofa: 61.38% | bench: 21.37% | piano: 7.05% | desk: 4.59% | table: 1.63%
sofa_0721.npy,sofa,sofa,86.21670007705688,sofa: 86.22% | car: 6.44% | tent: 1.86% | bathtub: 1.60% | table: 0.95%
sofa_0722.npy,sofa,sofa,97.58720397949219,sofa: 97.59% | bathtub: 0.95% | bed: 0.37% | sink: 0.22% | night_stand: 0.18%
sofa_0779.npy,sofa,sofa,99.56234097480774,sofa: 99.56% | bathtub: 0.10% | radio: 0.07% | table: 0.06% | desk: 0.04%
sofa_0767.npy,sofa,sofa,99.47149157524109,sofa: 99.47% | radio: 0.18% | desk: 0.09% | bathtub: 0.06% | tv_stand: 0.04%
sofa_0704.npy,sofa,sofa,99.40921664237976,sofa: 99.41% | bathtub: 0.23% | radio: 0.07% | table: 0.07% | desk: 0.05%
sofa_0727.npy,sofa,sofa,98.92498254776001,sofa: 98.92% | table: 0.34% | bed: 0.29% | bathtub: 0.15% | desk: 0.07%
sofa_0688.npy,sofa,sofa,95.55745720863342,sofa: 95.56% | bed: 2.61% | table: 1.33% | piano: 0.24% | tv_stand: 0.08%
sofa_0726.npy,sofa,sofa,98.74554872512817,sofa: 98.75% | bed: 0.65% | bathtub: 0.26% | car: 0.18% | table: 0.05%
sofa_0766.npy,sofa,sofa,99.9546468257904,sofa: 99.95% | desk: 0.01% | piano: 0.01% | bathtub: 0.01%
sofa_0714.npy,sofa,sofa,98.82899522781372,sofa: 98.83% | table: 0.33% | radio: 0.28% | bench: 0.13% | piano: 0.10%
sofa_0702.npy,sofa,bed,61.32696270942688,bed: 61.33% | sofa: 38.29% | piano: 0.34% | sink: 0.01% | night_stand: 0.01%
sofa_0697.npy,sofa,sofa,99.1925299167633,sofa: 99.19% | bathtub: 0.33% | car: 0.31% | bed: 0.02% | sink: 0.02%
sofa_0695.npy,sofa,sofa,99.02712106704712,sofa: 99.03% | desk: 0.19% | radio: 0.13% | tv_stand: 0.10% | car: 0.09%
sofa_0778.npy,sofa,sofa,99.96578693389893,sofa: 99.97% | bed: 0.03%
sofa_0743.npy,sofa,sofa,99.91812109947205,sofa: 99.92% | bathtub: 0.02% | table: 0.01% | radio: 0.01% | desk: 0.01%
sofa_0723.npy,sofa,sofa,88.32424283027649,sofa: 88.32% | bathtub: 10.37% | bed: 1.07% | sink: 0.08% | night_stand: 0.04%
sofa_0732.npy,sofa,sofa,99.43354725837708,sofa: 99.43% | bed: 0.51% | tent: 0.03% | bathtub: 0.01% | car: 0.01%
radio_0123.npy,radio,sink,56.9260835647583,sink: 56.93% | radio: 11.39% | glass_box: 9.86% | tv_stand: 9.43% | bookshelf: 3.79%
radio_0112.npy,radio,tv_stand,22.14542180299759,tv_stand: 22.15% | sink: 20.19% | glass_box: 18.35% | radio: 14.46% | desk: 9.85%
radio_0116.npy,radio,monitor,53.263503313064575,monitor: 53.26% | radio: 22.19% | piano: 11.20% | xbox: 8.39% | toilet: 3.15%
radio_0111.npy,radio,cup,89.67965245246887,cup: 89.68% | flower_pot: 5.85% | vase: 3.16% | xbox: 0.79% | range_hood: 0.40%
radio_0114.npy,radio,bookshelf,74.64737892150879,bookshelf: 74.65% | radio: 13.60% | sofa: 3.16% | vase: 0.90% | curtain: 0.78%
radio_0110.npy,radio,sink,38.24602961540222,sink: 38.25% | radio: 20.33% | tv_stand: 8.69% | bookshelf: 5.73% | chair: 4.12%
radio_0122.npy,radio,desk,24.51261132955551,desk: 24.51% | sink: 21.31% | tv_stand: 14.85% | bed: 11.83% | tent: 7.39%
radio_0109.npy,radio,bookshelf,49.68695640563965,bookshelf: 49.69% | desk: 6.13% | sofa: 6.06% | radio: 5.89% | table: 5.28%
radio_0105.npy,radio,radio,30.3690105676651,radio: 30.37% | glass_box: 17.79% | tv_stand: 12.31% | piano: 8.52% | dresser: 8.37%
radio_0120.npy,radio,car,29.95854914188385,car: 29.96% | tv_stand: 28.51% | glass_box: 8.18% | mantel: 7.44% | bench: 6.93%
radio_0113.npy,radio,bed,80.86770176887512,bed: 80.87% | tv_stand: 7.74% | radio: 3.44% | sink: 3.28% | night_stand: 1.51%
radio_0119.npy,radio,radio,21.086882054805756,radio: 21.09% | tv_stand: 14.22% | sink: 12.11% | mantel: 10.57% | range_hood: 10.29%
radio_0108.npy,radio,bookshelf,25.933140516281128,bookshelf: 25.93% | bench: 13.33% | radio: 7.12% | mantel: 6.61% | tv_stand: 5.74%
radio_0121.npy,radio,radio,75.70739984512329,radio: 75.71% | bed: 6.56% | sink: 5.50% | glass_box: 3.83% | tv_stand: 3.04%
radio_0117.npy,radio,radio,35.21322011947632,radio: 35.21% | mantel: 26.52% | bookshelf: 11.02% | sink: 8.12% | range_hood: 6.29%
radio_0124.npy,radio,bookshelf,32.5151652097702,bookshelf: 32.52% | bench: 20.87% | radio: 10.02% | mantel: 5.91% | sofa: 5.31%
radio_0118.npy,radio,radio,25.4785418510437,radio: 25.48% | tent: 19.75% | sink: 16.33% | laptop: 14.44% | glass_box: 8.84%
radio_0115.npy,radio,radio,55.26425242424011,radio: 55.26% | glass_box: 16.87% | sink: 10.53% | tv_stand: 10.53% | range_hood: 2.35%
radio_0107.npy,radio,curtain,26.99037790298462,curtain: 26.99% | door: 26.44% | guitar: 12.52% | sofa: 2.35% | bookshelf: 1.95%
radio_0106.npy,radio,sofa,21.18961662054062,sofa: 21.19% | bookshelf: 16.14% | curtain: 9.59% | table: 5.89% | person: 5.72%
piano_0282.npy,piano,piano,39.829203486442566,piano: 39.83% | mantel: 24.74% | bookshelf: 9.02% | wardrobe: 8.48% | radio: 2.43%
piano_0271.npy,piano,piano,74.32353496551514,piano: 74.32% | tv_stand: 8.97% | bench: 8.87% | desk: 2.96% | mantel: 2.85%
piano_0320.npy,piano,piano,87.71301507949829,piano: 87.71% | tv_stand: 5.46% | table: 1.98% | bench: 1.53% | stairs: 0.95%
piano_0274.npy,piano,piano,97.93994426727295,piano: 97.94% | tv_stand: 0.58% | dresser: 0.54% | desk: 0.40% | table: 0.14%
piano_0292.npy,piano,sink,30.80659806728363,sink: 30.81% | piano: 18.97% | chair: 9.29% | radio: 8.15% | flower_pot: 7.23%
piano_0268.npy,piano,desk,27.92632281780243,desk: 27.93% | mantel: 16.64% | tv_stand: 12.35% | bookshelf: 11.58% | bench: 8.91%
piano_0305.npy,piano,stairs,32.222625613212585,stairs: 32.22% | desk: 26.70% | piano: 16.45% | bench: 15.06% | table: 3.66%
piano_0278.npy,piano,piano,86.90821528434753,piano: 86.91% | table: 4.84% | bench: 2.82% | tv_stand: 1.16% | stairs: 0.72%
piano_0254.npy,piano,bed,47.852084040641785,bed: 47.85% | tv_stand: 30.80% | piano: 5.74% | sink: 5.38% | table: 4.51%
piano_0279.npy,piano,piano,32.41278529167175,piano: 32.41% | tent: 28.79% | car: 28.24% | stairs: 3.32% | bed: 2.23%
piano_0255.npy,piano,mantel,51.81843638420105,mantel: 51.82% | radio: 15.46% | bookshelf: 11.23% | tv_stand: 6.98% | piano: 5.09%
piano_0244.npy,piano,table,28.12129557132721,table: 28.12% | sofa: 20.32% | bench: 17.57% | bed: 10.99% | piano: 5.68%
piano_0245.npy,piano,mantel,89.09786939620972,mantel: 89.10% | monitor: 2.64% | sink: 2.54% | lamp: 1.24% | glass_box: 1.17%
piano_0272.npy,piano,sofa,55.01399636268616,sofa: 55.01% | bed: 18.60% | night_stand: 5.75% | glass_box: 5.37% | radio: 4.56%
piano_0263.npy,piano,piano,79.42509055137634,piano: 79.43% | chair: 8.93% | table: 5.79% | stairs: 3.04% | bookshelf: 0.58%
piano_0297.npy,piano,desk,24.619953334331512,desk: 24.62% | piano: 22.28% | tv_stand: 13.72% | table: 11.67% | bench: 5.19%
piano_0301.npy,piano,piano,35.191360116004944,piano: 35.19% | stairs: 27.53% | bookshelf: 20.10% | bench: 8.03% | flower_pot: 2.72%
piano_0264.npy,piano,monitor,53.74332070350647,monitor: 53.74% | piano: 44.65% | mantel: 0.47% | toilet: 0.36% | xbox: 0.22%
piano_0290.npy,piano,piano,98.8953948020935,piano: 98.90% | stairs: 0.33% | flower_pot: 0.17% | table: 0.10% | bed: 0.09%
piano_0265.npy,piano,piano,90.51334261894226,piano: 90.51% | dresser: 1.79% | wardrobe: 1.67% | desk: 1.64% | stairs: 1.11%
piano_0249.npy,piano,toilet,38.34924101829529,toilet: 38.35% | chair: 26.10% | flower_pot: 13.97% | glass_box: 12.42% | desk: 4.49%
piano_0322.npy,piano,desk,35.261642932891846,desk: 35.26% | bench: 16.83% | table: 12.30% | sink: 11.26% | chair: 5.49%
piano_0234.npy,piano,piano,99.48689937591553,piano: 99.49% | bench: 0.30% | tv_stand: 0.11% | mantel: 0.03% | chair: 0.02%
piano_0329.npy,piano,piano,87.62430548667908,piano: 87.62% | mantel: 8.78% | bookshelf: 1.52% | radio: 0.67% | sink: 0.37%
piano_0287.npy,piano,mantel,60.903310775756836,mantel: 60.90% | piano: 13.37% | radio: 7.46% | range_hood: 6.46% | bookshelf: 3.56%
piano_0318.npy,piano,range_hood,37.29613423347473,range_hood: 37.30% | glass_box: 21.81% | chair: 13.86% | sink: 10.94% | piano: 6.19%
piano_0324.npy,piano,radio,19.627246260643005,radio: 19.63% | piano: 18.99% | glass_box: 14.78% | sink: 13.63% | tv_stand: 7.95%
piano_0321.npy,piano,piano,46.40704393386841,piano: 46.41% | radio: 20.25% | mantel: 15.70% | bookshelf: 7.24% | sink: 4.91%
piano_0233.npy,piano,chair,47.74051308631897,chair: 47.74% | sink: 33.55% | piano: 10.56% | bookshelf: 2.19% | stairs: 1.80%
piano_0276.npy,piano,piano,85.73822975158691,piano: 85.74% | wardrobe: 3.26% | dresser: 2.45% | xbox: 2.32% | tv_stand: 1.73%
piano_0296.npy,piano,sofa,37.916818261146545,sofa: 37.92% | bed: 20.52% | table: 18.79% | desk: 18.40% | night_stand: 1.97%
piano_0317.npy,piano,piano,99.71774816513062,piano: 99.72% | table: 0.16% | chair: 0.07% | desk: 0.03% | flower_pot: 0.02%
piano_0294.npy,piano,piano,24.47548657655716,piano: 24.48% | tv_stand: 24.41% | tent: 9.23% | bench: 7.86% | flower_pot: 7.05%
piano_0270.npy,piano,table,41.24072194099426,table: 41.24% | piano: 22.88% | sink: 22.19% | desk: 12.08% | flower_pot: 1.05%
piano_0267.npy,piano,tv_stand,40.01104235649109,tv_stand: 40.01% | piano: 32.02% | dresser: 5.97% | sink: 5.45% | bed: 3.36%
piano_0326.npy,piano,tent,84.8899781703949,tent: 84.89% | piano: 5.11% | flower_pot: 4.36% | toilet: 1.85% | stairs: 1.03%
piano_0288.npy,piano,piano,49.14856255054474,piano: 49.15% | tv_stand: 28.22% | bookshelf: 11.12% | radio: 4.70% | mantel: 3.29%
piano_0323.npy,piano,radio,32.26276636123657,radio: 32.26% | piano: 17.30% | sink: 12.10% | tv_stand: 8.10% | bed: 7.16%
piano_0266.npy,piano,piano,97.66269326210022,piano: 97.66% | stairs: 1.84% | desk: 0.39% | bench: 0.03% | flower_pot: 0.03%
piano_0325.npy,piano,piano,63.7938916683197,piano: 63.79% | mantel: 25.35% | radio: 3.16% | bookshelf: 2.75% | glass_box: 2.26%
piano_0283.npy,piano,piano,95.57147026062012,piano: 95.57% | xbox: 1.16% | lamp: 0.80% | bookshelf: 0.75% | wardrobe: 0.39%
piano_0259.npy,piano,piano,39.79693353176117,piano: 39.80% | monitor: 30.56% | radio: 6.27% | toilet: 4.44% | glass_box: 4.02%
piano_0328.npy,piano,piano,36.10735833644867,piano: 36.11% | bookshelf: 21.45% | mantel: 17.14% | radio: 14.87% | bench: 5.17%
piano_0248.npy,piano,piano,43.903544545173645,piano: 43.90% | toilet: 13.44% | bottle: 9.86% | xbox: 9.40% | desk: 8.75%
piano_0303.npy,piano,piano,68.6413824558258,piano: 68.64% | bench: 24.47% | flower_pot: 3.79% | stairs: 1.30% | chair: 0.44%
piano_0269.npy,piano,piano,53.78572940826416,piano: 53.79% | bookshelf: 31.41% | mantel: 4.51% | wardrobe: 3.56% | radio: 3.41%
piano_0277.npy,piano,piano,99.69809651374817,piano: 99.70% | tv_stand: 0.09% | bench: 0.08% | chair: 0.07% | table: 0.04%
piano_0262.npy,piano,table,72.7131724357605,table: 72.71% | bench: 13.84% | piano: 6.07% | bed: 2.46% | sofa: 2.40%
piano_0250.npy,piano,chair,22.435489296913147,chair: 22.44% | tv_stand: 19.41% | piano: 15.85% | toilet: 14.74% | range_hood: 12.83%
piano_0280.npy,piano,piano,99.71659779548645,piano: 99.72% | tv_stand: 0.15% | bench: 0.07% | table: 0.02% | stairs: 0.01%
piano_0246.npy,piano,piano,91.75127744674683,piano: 91.75% | mantel: 3.49% | table: 2.32% | chair: 1.23% | tv_stand: 0.83%
piano_0307.npy,piano,monitor,88.81765604019165,monitor: 88.82% | xbox: 7.11% | toilet: 2.19% | night_stand: 0.87% | wardrobe: 0.23%
piano_0310.npy,piano,chair,32.77171552181244,chair: 32.77% | piano: 23.01% | range_hood: 12.84% | flower_pot: 9.69% | sink: 8.63%
piano_0232.npy,piano,chair,90.27482867240906,chair: 90.27% | piano: 7.11% | table: 0.75% | stairs: 0.66% | desk: 0.63%
piano_0238.npy,piano,piano,64.17586207389832,piano: 64.18% | sink: 16.87% | radio: 6.25% | bookshelf: 5.74% | range_hood: 2.86%
piano_0239.npy,piano,table,67.91139245033264,table: 67.91% | desk: 23.64% | piano: 5.23% | chair: 1.43% | flower_pot: 0.70%
piano_0256.npy,piano,piano,31.308481097221375,piano: 31.31% | mantel: 26.65% | bench: 12.29% | bookshelf: 7.43% | range_hood: 4.71%
piano_0291.npy,piano,piano,92.84892678260803,piano: 92.85% | sink: 2.82% | stairs: 0.90% | glass_box: 0.74% | table: 0.72%
piano_0236.npy,piano,tv_stand,35.15710234642029,tv_stand: 35.16% | bed: 33.37% | table: 11.16% | piano: 6.55% | radio: 4.41%
piano_0243.npy,piano,piano,69.00336146354675,piano: 69.00% | bookshelf: 9.17% | chair: 6.59% | flower_pot: 5.52% | stairs: 4.55%
piano_0261.npy,piano,sofa,39.8034542798996,sofa: 39.80% | tent: 30.16% | glass_box: 8.49% | plant: 3.92% | piano: 3.15%
piano_0247.npy,piano,piano,70.29987573623657,piano: 70.30% | monitor: 10.73% | desk: 4.55% | sink: 4.04% | dresser: 2.37%
piano_0251.npy,piano,piano,81.11830949783325,piano: 81.12% | sink: 11.04% | bookshelf: 3.48% | radio: 2.23% | range_hood: 1.20%
piano_0316.npy,piano,table,71.02686762809753,table: 71.03% | bed: 16.04% | piano: 8.16% | sink: 0.99% | tent: 0.76%
piano_0252.npy,piano,piano,58.79670977592468,piano: 58.80% | bookshelf: 22.49% | sink: 5.50% | radio: 2.70% | range_hood: 1.72%
piano_0273.npy,piano,piano,91.73126816749573,piano: 91.73% | mantel: 3.26% | radio: 1.24% | bookshelf: 0.79% | wardrobe: 0.70%
piano_0311.npy,piano,piano,93.0736780166626,piano: 93.07% | stairs: 3.76% | table: 1.07% | bench: 0.91% | tv_stand: 0.45%
piano_0298.npy,piano,glass_box,41.36801362037659,glass_box: 41.37% | monitor: 24.29% | sink: 16.95% | tv_stand: 3.83% | laptop: 3.70%
piano_0315.npy,piano,tv_stand,42.75570511817932,tv_stand: 42.76% | piano: 38.96% | table: 5.41% | monitor: 3.51% | chair: 2.15%
piano_0257.npy,piano,desk,34.73786115646362,desk: 34.74% | piano: 23.59% | table: 14.70% | night_stand: 8.94% | chair: 2.95%
piano_0289.npy,piano,piano,94.02875304222107,piano: 94.03% | tv_stand: 1.02% | mantel: 0.88% | stairs: 0.87% | glass_box: 0.81%
piano_0313.npy,piano,sink,54.27917838096619,sink: 54.28% | glass_box: 10.08% | chair: 8.39% | laptop: 7.63% | tv_stand: 6.48%
piano_0314.npy,piano,piano,78.7216067314148,piano: 78.72% | table: 10.95% | bench: 2.55% | desk: 1.88% | tv_stand: 1.50%
piano_0309.npy,piano,piano,49.8581737279892,piano: 49.86% | tent: 37.88% | range_hood: 3.50% | stairs: 3.39% | bench: 1.91%
piano_0285.npy,piano,bookshelf,66.16324782371521,bookshelf: 66.16% | mantel: 19.42% | xbox: 5.18% | glass_box: 3.15% | piano: 2.29%
piano_0240.npy,piano,piano,93.65403652191162,piano: 93.65% | tv_stand: 1.50% | toilet: 0.84% | wardrobe: 0.69% | glass_box: 0.53%
piano_0235.npy,piano,tv_stand,69.96380090713501,tv_stand: 69.96% | piano: 11.02% | stairs: 4.58% | radio: 2.01% | monitor: 1.88%
piano_0275.npy,piano,piano,66.0316526889801,piano: 66.03% | table: 14.97% | desk: 11.42% | stairs: 2.79% | flower_pot: 2.41%
piano_0241.npy,piano,piano,99.37979578971863,piano: 99.38% | tv_stand: 0.20% | chair: 0.16% | bench: 0.14% | table: 0.09%
piano_0331.npy,piano,piano,90.90336561203003,piano: 90.90% | tv_stand: 5.48% | flower_pot: 0.96% | sink: 0.67% | bench: 0.47%
piano_0306.npy,piano,tv_stand,22.86239117383957,tv_stand: 22.86% | bench: 20.65% | table: 9.67% | monitor: 9.40% | bed: 6.96%
piano_0300.npy,piano,piano,61.264967918395996,piano: 61.26% | table: 23.86% | sofa: 4.20% | bed: 2.06% | bench: 1.35%
piano_0253.npy,piano,piano,99.10481572151184,piano: 99.10% | table: 0.35% | bench: 0.23% | tv_stand: 0.13% | stairs: 0.13%
piano_0330.npy,piano,wardrobe,33.30568075180054,wardrobe: 33.31% | piano: 24.74% | bookshelf: 12.40% | tv_stand: 8.61% | radio: 8.40%
piano_0295.npy,piano,piano,96.2794303894043,piano: 96.28% | desk: 1.03% | glass_box: 0.48% | dresser: 0.40% | toilet: 0.37%
piano_0319.npy,piano,desk,59.55758094787598,desk: 59.56% | radio: 22.38% | mantel: 5.77% | piano: 5.47% | table: 1.86%
piano_0308.npy,piano,flower_pot,53.65694761276245,flower_pot: 53.66% | vase: 35.58% | chair: 6.72% | stool: 3.30% | plant: 0.35%
piano_0304.npy,piano,piano,83.40837359428406,piano: 83.41% | radio: 7.37% | xbox: 3.29% | bookshelf: 1.47% | range_hood: 1.47%
piano_0258.npy,piano,piano,97.47961163520813,piano: 97.48% | table: 1.69% | sink: 0.21% | bed: 0.15% | stairs: 0.14%
piano_0284.npy,piano,bed,33.38133692741394,bed: 33.38% | table: 30.59% | piano: 15.47% | tv_stand: 9.24% | bench: 4.04%
piano_0327.npy,piano,piano,86.96910738945007,piano: 86.97% | desk: 9.14% | dresser: 0.93% | radio: 0.76% | wardrobe: 0.62%
piano_0302.npy,piano,piano,83.32138657569885,piano: 83.32% | tv_stand: 5.70% | table: 4.68% | bench: 3.11% | mantel: 1.42%
piano_0237.npy,piano,tv_stand,22.18656986951828,tv_stand: 22.19% | bookshelf: 13.36% | sink: 9.52% | range_hood: 8.32% | radio: 7.91%
piano_0281.npy,piano,piano,69.76219415664673,piano: 69.76% | radio: 8.68% | bookshelf: 7.64% | tv_stand: 5.29% | bench: 1.43%
piano_0286.npy,piano,bookshelf,52.50160098075867,bookshelf: 52.50% | radio: 21.98% | desk: 8.97% | tv_stand: 8.95% | flower_pot: 3.25%
piano_0299.npy,piano,piano,97.69307971000671,piano: 97.69% | table: 1.62% | tv_stand: 0.17% | toilet: 0.12% | monitor: 0.10%
piano_0242.npy,piano,piano,88.63716721534729,piano: 88.64% | stairs: 5.46% | bench: 2.47% | table: 1.88% | bed: 0.45%
piano_0260.npy,piano,piano,98.62414598464966,piano: 98.62% | table: 1.05% | stairs: 0.14% | bench: 0.06% | chair: 0.05%
piano_0293.npy,piano,piano,91.89768433570862,piano: 91.90% | bookshelf: 3.79% | range_hood: 1.24% | wardrobe: 1.03% | sink: 0.66%
piano_0312.npy,piano,piano,99.69809651374817,piano: 99.70% | tv_stand: 0.09% | bench: 0.08% | chair: 0.07% | table: 0.04%
desk_0278.npy,desk,desk,44.94273364543915,desk: 44.94% | table: 21.47% | bed: 17.21% | tv_stand: 13.40% | radio: 0.97%
desk_0230.npy,desk,table,96.37535214424133,table: 96.38% | desk: 2.57% | sofa: 0.56% | radio: 0.17% | piano: 0.15%
desk_0249.npy,desk,bookshelf,46.419382095336914,bookshelf: 46.42% | table: 10.54% | desk: 10.28% | piano: 7.28% | bench: 6.11%
desk_0237.npy,desk,desk,97.08881974220276,desk: 97.09% | sofa: 1.35% | table: 0.63% | piano: 0.35% | radio: 0.19%
desk_0274.npy,desk,desk,93.94604563713074,desk: 93.95% | bookshelf: 1.97% | radio: 1.27% | piano: 0.88% | stairs: 0.54%
desk_0271.npy,desk,desk,34.75521504878998,desk: 34.76% | piano: 20.33% | radio: 10.34% | sofa: 8.51% | bookshelf: 5.83%
desk_0254.npy,desk,desk,92.87477135658264,desk: 92.87% | table: 6.21% | sofa: 0.45% | bed: 0.13% | tv_stand: 0.13%
desk_0205.npy,desk,wardrobe,41.024404764175415,wardrobe: 41.02% | dresser: 24.35% | night_stand: 10.90% | xbox: 6.70% | tv_stand: 4.75%
desk_0258.npy,desk,table,68.41829419136047,table: 68.42% | desk: 28.63% | night_stand: 1.24% | piano: 0.83% | chair: 0.40%
desk_0207.npy,desk,piano,41.44097566604614,piano: 41.44% | table: 21.95% | desk: 19.92% | tv_stand: 8.48% | radio: 2.13%
desk_0286.npy,desk,desk,95.31774520874023,desk: 95.32% | table: 1.06% | piano: 0.94% | tv_stand: 0.67% | sink: 0.53%
desk_0238.npy,desk,desk,79.56783771514893,desk: 79.57% | table: 10.88% | tv_stand: 4.59% | piano: 1.61% | bookshelf: 1.40%
desk_0231.npy,desk,bookshelf,79.79949116706848,bookshelf: 79.80% | tv_stand: 14.96% | desk: 3.06% | bench: 1.25% | sink: 0.40%
desk_0211.npy,desk,desk,47.65751361846924,desk: 47.66% | table: 26.87% | piano: 4.47% | bookshelf: 4.09% | chair: 3.72%
desk_0245.npy,desk,dresser,73.55535626411438,dresser: 73.56% | night_stand: 8.66% | radio: 3.62% | tv_stand: 3.33% | mantel: 2.65%
desk_0262.npy,desk,desk,99.12199378013611,desk: 99.12% | tv_stand: 0.50% | table: 0.23% | piano: 0.09% | night_stand: 0.02%
desk_0251.npy,desk,desk,48.39950501918793,desk: 48.40% | table: 29.42% | piano: 8.46% | mantel: 6.17% | bed: 2.03%
desk_0280.npy,desk,desk,86.74920201301575,desk: 86.75% | table: 11.58% | tv_stand: 0.53% | bed: 0.33% | piano: 0.32%
desk_0282.npy,desk,desk,93.13028454780579,desk: 93.13% | table: 4.41% | sofa: 1.06% | piano: 0.46% | tv_stand: 0.25%
desk_0236.npy,desk,desk,70.54826617240906,desk: 70.55% | table: 7.91% | piano: 4.60% | dresser: 3.70% | sofa: 2.72%
desk_0234.npy,desk,table,42.48071908950806,table: 42.48% | night_stand: 40.63% | bed: 2.96% | xbox: 2.88% | dresser: 2.19%
desk_0239.npy,desk,sofa,66.70317053794861,sofa: 66.70% | desk: 10.54% | piano: 5.42% | sink: 5.03% | radio: 3.09%
desk_0235.npy,desk,desk,32.68227577209473,desk: 32.68% | tv_stand: 24.40% | radio: 13.22% | piano: 8.12% | glass_box: 6.45%
desk_0227.npy,desk,table,37.315189838409424,table: 37.32% | tv_stand: 30.01% | desk: 26.76% | bed: 3.13% | piano: 1.37%
desk_0204.npy,desk,desk,25.258547067642212,desk: 25.26% | tv_stand: 18.61% | chair: 12.88% | monitor: 6.35% | dresser: 4.30%
desk_0240.npy,desk,desk,93.06074380874634,desk: 93.06% | night_stand: 1.36% | piano: 1.25% | tv_stand: 1.19% | dresser: 0.84%
desk_0203.npy,desk,desk,94.07113194465637,desk: 94.07% | table: 2.27% | tv_stand: 1.31% | bed: 1.25% | piano: 0.47%
desk_0247.npy,desk,bookshelf,39.15480971336365,bookshelf: 39.15% | mantel: 21.85% | desk: 19.81% | glass_box: 5.50% | radio: 4.67%
desk_0256.npy,desk,sofa,68.94468665122986,sofa: 68.94% | bed: 18.25% | bathtub: 9.04% | radio: 1.78% | sink: 0.49%
desk_0263.npy,desk,radio,31.668812036514282,radio: 31.67% | bookshelf: 16.62% | sofa: 16.49% | sink: 9.49% | desk: 9.14%
desk_0246.npy,desk,desk,33.70890021324158,desk: 33.71% | mantel: 24.89% | radio: 12.36% | bench: 8.82% | sink: 7.22%
desk_0215.npy,desk,desk,98.21680784225464,desk: 98.22% | tv_stand: 0.65% | glass_box: 0.27% | piano: 0.20% | table: 0.19%
desk_0275.npy,desk,desk,84.12497639656067,desk: 84.12% | piano: 12.50% | table: 1.15% | dresser: 0.78% | tv_stand: 0.46%
desk_0220.npy,desk,desk,81.5652847290039,desk: 81.57% | sink: 8.89% | tv_stand: 2.05% | radio: 1.57% | glass_box: 1.51%
desk_0284.npy,desk,night_stand,22.84592241048813,night_stand: 22.85% | monitor: 21.78% | mantel: 12.23% | dresser: 8.91% | desk: 6.10%
desk_0202.npy,desk,table,32.43776857852936,table: 32.44% | tv_stand: 20.44% | desk: 19.06% | chair: 9.88% | night_stand: 4.08%
desk_0285.npy,desk,desk,48.125314712524414,desk: 48.13% | table: 15.71% | piano: 10.45% | tv_stand: 9.45% | chair: 5.45%
desk_0279.npy,desk,night_stand,43.432316184043884,night_stand: 43.43% | chair: 20.54% | lamp: 12.38% | stool: 9.20% | dresser: 4.09%
desk_0224.npy,desk,table,67.365962266922,table: 67.37% | tv_stand: 14.14% | piano: 7.78% | desk: 7.40% | bench: 0.64%
desk_0248.npy,desk,tv_stand,39.117634296417236,tv_stand: 39.12% | table: 17.21% | bench: 7.19% | radio: 5.76% | bed: 4.28%
desk_0208.npy,desk,tv_stand,26.551058888435364,tv_stand: 26.55% | piano: 21.96% | table: 16.76% | radio: 10.07% | desk: 7.28%
desk_0264.npy,desk,desk,56.986260414123535,desk: 56.99% | sofa: 15.86% | bench: 11.04% | table: 9.23% | tv_stand: 3.49%
desk_0223.npy,desk,desk,90.60263633728027,desk: 90.60% | piano: 4.21% | table: 2.83% | tv_stand: 1.30% | night_stand: 0.33%
desk_0272.npy,desk,desk,93.97392868995667,desk: 93.97% | tv_stand: 2.48% | table: 1.11% | radio: 0.98% | piano: 0.88%
desk_0270.npy,desk,desk,98.87381792068481,desk: 98.87% | table: 0.69% | radio: 0.14% | tv_stand: 0.11% | piano: 0.08%
desk_0269.npy,desk,radio,28.18361222743988,radio: 28.18% | desk: 18.76% | tv_stand: 14.14% | glass_box: 9.78% | night_stand: 8.29%
desk_0212.npy,desk,desk,97.56335020065308,desk: 97.56% | table: 0.64% | monitor: 0.50% | tv_stand: 0.36% | dresser: 0.34%
desk_0206.npy,desk,desk,99.01739358901978,desk: 99.02% | table: 0.75% | piano: 0.13% | radio: 0.05% | tv_stand: 0.02%
desk_0228.npy,desk,desk,56.098735332489014,desk: 56.10% | bookshelf: 19.61% | tv_stand: 15.64% | piano: 4.35% | night_stand: 1.17%
desk_0260.npy,desk,dresser,44.67437267303467,dresser: 44.67% | piano: 13.89% | mantel: 12.27% | radio: 5.93% | tv_stand: 3.90%
desk_0216.npy,desk,desk,99.9600350856781,desk: 99.96% | piano: 0.01% | sofa: 0.01%
desk_0225.npy,desk,desk,83.65232944488525,desk: 83.65% | tv_stand: 4.05% | piano: 3.15% | bench: 2.53% | stairs: 2.35%
desk_0222.npy,desk,desk,87.84521818161011,desk: 87.85% | bookshelf: 6.81% | table: 1.80% | sink: 1.04% | tv_stand: 0.63%
desk_0267.npy,desk,desk,23.886527121067047,desk: 23.89% | bench: 22.51% | piano: 11.92% | bookshelf: 11.18% | table: 10.22%
desk_0213.npy,desk,desk,99.59636926651001,desk: 99.60% | tv_stand: 0.14% | radio: 0.13% | table: 0.05% | piano: 0.04%
desk_0209.npy,desk,desk,86.39129996299744,desk: 86.39% | sofa: 11.23% | piano: 0.92% | sink: 0.55% | glass_box: 0.30%
desk_0214.npy,desk,desk,90.15785455703735,desk: 90.16% | tv_stand: 4.96% | sink: 1.14% | radio: 0.96% | piano: 0.83%
desk_0221.npy,desk,table,84.30143594741821,table: 84.30% | piano: 6.52% | tv_stand: 4.94% | desk: 3.10% | bed: 0.38%
desk_0273.npy,desk,desk,52.819645404815674,desk: 52.82% | piano: 44.36% | radio: 0.77% | sink: 0.63% | glass_box: 0.48%
desk_0210.npy,desk,tv_stand,51.08363628387451,tv_stand: 51.08% | sink: 9.96% | table: 9.44% | bed: 8.30% | piano: 7.61%
desk_0229.npy,desk,desk,27.027317881584167,desk: 27.03% | tv_stand: 16.82% | piano: 14.24% | table: 13.70% | radio: 9.34%
desk_0217.npy,desk,desk,54.198598861694336,desk: 54.20% | dresser: 24.77% | xbox: 8.01% | monitor: 2.04% | wardrobe: 1.95%
desk_0265.npy,desk,night_stand,57.115912437438965,night_stand: 57.12% | table: 16.69% | dresser: 9.57% | desk: 5.51% | bookshelf: 5.51%
desk_0241.npy,desk,desk,99.7182846069336,desk: 99.72% | piano: 0.11% | table: 0.10% | tv_stand: 0.05% | dresser: 0.02%
desk_0226.npy,desk,desk,55.02578020095825,desk: 55.03% | sofa: 17.61% | table: 9.48% | piano: 8.41% | tv_stand: 3.76%
desk_0242.npy,desk,table,60.56010127067566,table: 60.56% | night_stand: 30.96% | dresser: 5.97% | chair: 1.12% | desk: 0.42%
desk_0253.npy,desk,sofa,52.80047059059143,sofa: 52.80% | desk: 42.32% | table: 1.68% | piano: 0.68% | bed: 0.62%
desk_0219.npy,desk,desk,87.84981369972229,desk: 87.85% | tv_stand: 4.14% | piano: 3.24% | table: 1.43% | radio: 1.14%
desk_0201.npy,desk,table,87.25976943969727,table: 87.26% | chair: 7.27% | tv_stand: 2.72% | piano: 0.89% | sink: 0.57%
desk_0250.npy,desk,night_stand,54.04791235923767,night_stand: 54.05% | dresser: 30.72% | mantel: 4.49% | xbox: 2.19% | monitor: 2.18%
desk_0233.npy,desk,table,24.644334614276886,table: 24.64% | chair: 23.19% | stool: 17.26% | desk: 7.14% | flower_pot: 3.96%
desk_0266.npy,desk,desk,97.4856972694397,desk: 97.49% | piano: 1.80% | toilet: 0.28% | tv_stand: 0.13% | night_stand: 0.11%
desk_0277.npy,desk,desk,98.22601675987244,desk: 98.23% | tv_stand: 1.05% | table: 0.27% | radio: 0.19% | bookshelf: 0.16%
desk_0259.npy,desk,desk,60.91664433479309,desk: 60.92% | night_stand: 31.46% | bookshelf: 5.52% | chair: 0.34% | tv_stand: 0.33%
desk_0268.npy,desk,glass_box,44.646501541137695,glass_box: 44.65% | bed: 33.19% | night_stand: 8.47% | chair: 4.54% | vase: 2.28%
desk_0232.npy,desk,desk,80.46352863311768,desk: 80.46% | night_stand: 6.04% | tv_stand: 3.92% | table: 2.95% | radio: 1.16%
desk_0244.npy,desk,desk,85.70471405982971,desk: 85.70% | sink: 4.70% | glass_box: 1.96% | bookshelf: 1.58% | night_stand: 1.18%
desk_0283.npy,desk,desk,49.65236485004425,desk: 49.65% | sofa: 31.28% | table: 7.23% | piano: 4.47% | radio: 3.27%
desk_0257.npy,desk,table,57.95071721076965,table: 57.95% | desk: 25.54% | bed: 4.90% | sofa: 3.54% | piano: 2.86%
desk_0276.npy,desk,desk,95.26184797286987,desk: 95.26% | tv_stand: 4.21% | radio: 0.40% | table: 0.03% | bed: 0.02%
desk_0252.npy,desk,dresser,58.48684310913086,dresser: 58.49% | range_hood: 12.56% | bookshelf: 6.66% | piano: 4.56% | wardrobe: 4.20%
desk_0243.npy,desk,sofa,96.12695574760437,sofa: 96.13% | bed: 1.50% | table: 1.02% | bathtub: 0.56% | desk: 0.29%
desk_0255.npy,desk,table,55.03782033920288,table: 55.04% | piano: 24.47% | desk: 8.28% | tv_stand: 4.11% | bench: 3.46%
desk_0218.npy,desk,table,72.48230576515198,table: 72.48% | desk: 23.39% | sofa: 1.66% | bed: 0.84% | radio: 0.54%
desk_0281.npy,desk,desk,65.54535031318665,desk: 65.55% | dresser: 12.54% | radio: 5.66% | piano: 4.68% | night_stand: 4.08%
desk_0261.npy,desk,desk,84.65735912322998,desk: 84.66% | table: 9.05% | tv_stand: 4.32% | piano: 0.95% | bench: 0.20%
dresser_0221.npy,dresser,dresser,93.4444785118103,dresser: 93.44% | night_stand: 2.82% | desk: 1.56% | tv_stand: 1.05% | table: 0.78%
dresser_0255.npy,dresser,dresser,34.63963270187378,dresser: 34.64% | xbox: 24.30% | monitor: 24.06% | wardrobe: 6.80% | glass_box: 4.77%
dresser_0203.npy,dresser,dresser,88.72191905975342,dresser: 88.72% | night_stand: 6.98% | wardrobe: 1.69% | mantel: 0.73% | xbox: 0.50%
dresser_0206.npy,dresser,dresser,60.583674907684326,dresser: 60.58% | night_stand: 38.88% | tv_stand: 0.30% | table: 0.14% | desk: 0.04%
dresser_0277.npy,dresser,night_stand,89.5865261554718,night_stand: 89.59% | tv_stand: 8.37% | dresser: 1.21% | chair: 0.56% | bookshelf: 0.13%
dresser_0253.npy,dresser,dresser,73.48650693893433,dresser: 73.49% | night_stand: 17.96% | tv_stand: 4.84% | desk: 1.94% | table: 0.72%
dresser_0273.npy,dresser,night_stand,81.01835250854492,night_stand: 81.02% | dresser: 8.01% | cup: 3.35% | radio: 2.53% | sink: 1.22%
dresser_0209.npy,dresser,dresser,67.42843985557556,dresser: 67.43% | xbox: 13.33% | wardrobe: 8.19% | monitor: 5.84% | night_stand: 1.64%
dresser_0208.npy,dresser,piano,45.90032398700714,piano: 45.90% | range_hood: 20.84% | night_stand: 11.28% | chair: 6.01% | tv_stand: 4.29%
dresser_0270.npy,dresser,dresser,85.42680144309998,dresser: 85.43% | night_stand: 8.17% | glass_box: 1.58% | wardrobe: 1.39% | sink: 1.08%
dresser_0259.npy,dresser,tv_stand,35.98278760910034,tv_stand: 35.98% | dresser: 23.47% | night_stand: 22.29% | sink: 7.33% | glass_box: 3.34%
dresser_0214.npy,dresser,dresser,92.11080074310303,dresser: 92.11% | wardrobe: 4.95% | night_stand: 0.84% | range_hood: 0.78% | mantel: 0.48%
dresser_0210.npy,dresser,dresser,94.29830312728882,dresser: 94.30% | night_stand: 5.02% | wardrobe: 0.22% | sink: 0.16% | xbox: 0.06%
dresser_0266.npy,dresser,dresser,81.27437829971313,dresser: 81.27% | xbox: 4.57% | wardrobe: 4.33% | monitor: 3.46% | mantel: 1.76%
dresser_0245.npy,dresser,dresser,89.77538347244263,dresser: 89.78% | tv_stand: 7.95% | night_stand: 1.16% | piano: 0.50% | table: 0.21%
dresser_0220.npy,dresser,radio,60.56036949157715,radio: 60.56% | dresser: 13.25% | tv_stand: 9.04% | glass_box: 6.25% | piano: 2.44%
dresser_0226.npy,dresser,dresser,64.6384596824646,dresser: 64.64% | wardrobe: 17.15% | xbox: 6.99% | monitor: 2.44% | bottle: 2.31%
dresser_0247.npy,dresser,dresser,91.03235602378845,dresser: 91.03% | wardrobe: 1.97% | mantel: 1.77% | xbox: 1.73% | glass_box: 1.06%
dresser_0267.npy,dresser,dresser,95.98107933998108,dresser: 95.98% | night_stand: 2.01% | wardrobe: 0.53% | monitor: 0.50% | xbox: 0.27%
dresser_0251.npy,dresser,dresser,90.96221327781677,dresser: 90.96% | xbox: 2.86% | night_stand: 2.52% | wardrobe: 1.93% | glass_box: 0.38%
dresser_0215.npy,dresser,dresser,61.48146390914917,dresser: 61.48% | night_stand: 27.60% | wardrobe: 3.10% | monitor: 2.98% | mantel: 1.45%
dresser_0268.npy,dresser,dresser,98.93988370895386,dresser: 98.94% | bookshelf: 0.73% | night_stand: 0.17% | radio: 0.05% | tv_stand: 0.04%
dresser_0238.npy,dresser,dresser,93.8831090927124,dresser: 93.88% | sink: 1.39% | mantel: 0.90% | tv_stand: 0.65% | wardrobe: 0.55%
dresser_0272.npy,dresser,night_stand,61.69969439506531,night_stand: 61.70% | dresser: 14.78% | monitor: 14.60% | mantel: 3.62% | sink: 2.00%
dresser_0205.npy,dresser,dresser,89.12992477416992,dresser: 89.13% | wardrobe: 7.13% | mantel: 1.54% | night_stand: 0.56% | xbox: 0.36%
dresser_0239.npy,dresser,dresser,54.971641302108765,dresser: 54.97% | xbox: 15.47% | wardrobe: 12.08% | monitor: 9.78% | glass_box: 2.49%
dresser_0204.npy,dresser,dresser,69.88282203674316,dresser: 69.88% | xbox: 16.40% | wardrobe: 7.20% | monitor: 2.71% | radio: 0.68%
dresser_0248.npy,dresser,dresser,73.1241226196289,dresser: 73.12% | night_stand: 20.69% | sink: 2.49% | xbox: 0.72% | glass_box: 0.70%
dresser_0207.npy,dresser,bottle,47.218844294548035,bottle: 47.22% | dresser: 35.29% | wardrobe: 4.50% | sink: 2.29% | xbox: 1.67%
dresser_0243.npy,dresser,dresser,95.53369283676147,dresser: 95.53% | wardrobe: 1.28% | mantel: 0.87% | night_stand: 0.57% | xbox: 0.55%
dresser_0269.npy,dresser,dresser,89.795583486557,dresser: 89.80% | night_stand: 7.16% | sink: 1.09% | wardrobe: 0.97% | monitor: 0.19%
dresser_0285.npy,dresser,night_stand,71.38798832893372,night_stand: 71.39% | table: 15.20% | dresser: 7.24% | tv_stand: 4.50% | piano: 1.25%
dresser_0260.npy,dresser,dresser,95.80292105674744,dresser: 95.80% | night_stand: 2.54% | radio: 1.28% | piano: 0.18% | desk: 0.09%
dresser_0250.npy,dresser,dresser,90.59109091758728,dresser: 90.59% | glass_box: 3.03% | night_stand: 2.61% | mantel: 1.57% | xbox: 0.70%
dresser_0256.npy,dresser,dresser,61.5680992603302,dresser: 61.57% | night_stand: 18.33% | bed: 6.50% | wardrobe: 3.99% | table: 2.68%
dresser_0240.npy,dresser,dresser,61.54245138168335,dresser: 61.54% | night_stand: 37.04% | wardrobe: 0.43% | sink: 0.19% | xbox: 0.18%
dresser_0236.npy,dresser,night_stand,69.48304772377014,night_stand: 69.48% | dresser: 25.56% | bed: 3.65% | radio: 0.39% | wardrobe: 0.30%
dresser_0274.npy,dresser,dresser,60.32460331916809,dresser: 60.32% | night_stand: 38.70% | wardrobe: 0.35% | tv_stand: 0.18% | sink: 0.15%
dresser_0230.npy,dresser,dresser,89.89134430885315,dresser: 89.89% | bottle: 2.47% | wardrobe: 1.96% | xbox: 1.54% | sink: 1.04%
dresser_0213.npy,dresser,dresser,94.5614755153656,dresser: 94.56% | wardrobe: 1.56% | xbox: 0.69% | glass_box: 0.65% | night_stand: 0.61%
dresser_0231.npy,dresser,dresser,82.83969163894653,dresser: 82.84% | night_stand: 6.47% | wardrobe: 4.31% | xbox: 1.63% | glass_box: 1.23%
dresser_0237.npy,dresser,dresser,95.96037268638611,dresser: 95.96% | night_stand: 1.77% | tv_stand: 0.96% | table: 0.81% | piano: 0.30%
dresser_0232.npy,dresser,tv_stand,20.163770020008087,tv_stand: 20.16% | dresser: 14.96% | bookshelf: 12.30% | bottle: 11.57% | mantel: 9.74%
dresser_0241.npy,dresser,dresser,94.8455274105072,dresser: 94.85% | wardrobe: 3.21% | night_stand: 0.76% | xbox: 0.33% | sink: 0.14%
dresser_0261.npy,dresser,dresser,96.86954617500305,dresser: 96.87% | bookshelf: 1.50% | night_stand: 0.80% | tv_stand: 0.34% | radio: 0.24%
dresser_0224.npy,dresser,dresser,78.24704051017761,dresser: 78.25% | night_stand: 21.14% | sink: 0.24% | glass_box: 0.10% | xbox: 0.09%
dresser_0264.npy,dresser,dresser,90.87916612625122,dresser: 90.88% | night_stand: 3.64% | glass_box: 1.42% | wardrobe: 1.03% | sink: 0.85%
dresser_0242.npy,dresser,dresser,52.87383794784546,dresser: 52.87% | night_stand: 18.44% | wardrobe: 10.61% | sink: 9.03% | tv_stand: 2.07%
dresser_0286.npy,dresser,dresser,40.23146331310272,dresser: 40.23% | radio: 31.66% | tv_stand: 12.02% | piano: 5.74% | wardrobe: 3.85%
dresser_0225.npy,dresser,night_stand,35.74539124965668,night_stand: 35.75% | bookshelf: 15.97% | piano: 12.74% | range_hood: 10.97% | radio: 8.00%
dresser_0229.npy,dresser,dresser,85.3360652923584,dresser: 85.34% | night_stand: 11.38% | xbox: 2.49% | mantel: 0.39% | wardrobe: 0.13%
dresser_0217.npy,dresser,dresser,85.65871119499207,dresser: 85.66% | night_stand: 8.54% | monitor: 1.72% | sink: 1.03% | wardrobe: 0.86%
dresser_0258.npy,dresser,table,45.96957862377167,table: 45.97% | dresser: 16.63% | desk: 15.28% | tv_stand: 10.69% | piano: 4.81%
dresser_0263.npy,dresser,dresser,84.74348783493042,dresser: 84.74% | wardrobe: 5.44% | mantel: 1.85% | xbox: 1.61% | range_hood: 1.28%
dresser_0257.npy,dresser,dresser,33.06146562099457,dresser: 33.06% | tv_stand: 31.02% | table: 26.78% | night_stand: 8.07% | piano: 0.37%
dresser_0227.npy,dresser,dresser,67.27493405342102,dresser: 67.27% | night_stand: 29.76% | tv_stand: 1.05% | desk: 0.50% | wardrobe: 0.47%
dresser_0222.npy,dresser,dresser,57.08720684051514,dresser: 57.09% | wardrobe: 20.15% | xbox: 8.84% | monitor: 4.79% | bottle: 2.90%
dresser_0201.npy,dresser,night_stand,88.10899257659912,night_stand: 88.11% | xbox: 3.26% | radio: 3.18% | dresser: 2.05% | cup: 1.22%
dresser_0279.npy,dresser,dresser,97.544264793396,dresser: 97.54% | wardrobe: 0.96% | night_stand: 0.54% | xbox: 0.21% | glass_box: 0.20%
dresser_0235.npy,dresser,tv_stand,54.85130548477173,tv_stand: 54.85% | bookshelf: 35.31% | dresser: 6.27% | night_stand: 3.16% | piano: 0.15%
dresser_0252.npy,dresser,dresser,74.02315735816956,dresser: 74.02% | night_stand: 7.59% | wardrobe: 4.48% | xbox: 3.89% | monitor: 3.68%
dresser_0271.npy,dresser,wardrobe,44.6143239736557,wardrobe: 44.61% | dresser: 15.75% | sink: 10.66% | door: 9.31% | bottle: 5.37%
dresser_0282.npy,dresser,dresser,94.49896812438965,dresser: 94.50% | night_stand: 4.67% | glass_box: 0.39% | wardrobe: 0.23% | radio: 0.04%
dresser_0262.npy,dresser,dresser,48.91249239444733,dresser: 48.91% | wardrobe: 29.89% | night_stand: 6.07% | sink: 4.36% | bottle: 2.91%
dresser_0278.npy,dresser,dresser,96.93635106086731,dresser: 96.94% | night_stand: 2.79% | tv_stand: 0.24% | piano: 0.02% | desk: 0.01%
dresser_0283.npy,dresser,dresser,27.68380343914032,dresser: 27.68% | bottle: 15.12% | wardrobe: 12.13% | range_hood: 9.68% | night_stand: 6.83%
dresser_0249.npy,dresser,dresser,38.58053684234619,dresser: 38.58% | xbox: 21.64% | wardrobe: 17.94% | monitor: 9.15% | mantel: 3.73%
dresser_0276.npy,dresser,dresser,99.11640882492065,dresser: 99.12% | night_stand: 0.51% | tv_stand: 0.10% | chair: 0.08% | mantel: 0.07%
dresser_0246.npy,dresser,dresser,85.65287590026855,dresser: 85.65% | night_stand: 13.66% | tv_stand: 0.65% | desk: 0.02% | piano: 0.01%
dresser_0234.npy,dresser,dresser,73.85530471801758,dresser: 73.86% | night_stand: 25.89% | wardrobe: 0.10% | tv_stand: 0.04% | mantel: 0.04%
dresser_0211.npy,dresser,dresser,47.718918323516846,dresser: 47.72% | wardrobe: 17.26% | night_stand: 17.08% | sink: 6.50% | monitor: 4.23%
dresser_0233.npy,dresser,night_stand,61.24002933502197,night_stand: 61.24% | dresser: 34.27% | bookshelf: 1.84% | radio: 1.34% | desk: 0.60%
dresser_0275.npy,dresser,dresser,84.49181914329529,dresser: 84.49% | night_stand: 3.74% | wardrobe: 3.70% | xbox: 2.88% | glass_box: 1.66%
dresser_0281.npy,dresser,dresser,95.43716311454773,dresser: 95.44% | night_stand: 2.97% | glass_box: 1.07% | sink: 0.14% | wardrobe: 0.11%
dresser_0212.npy,dresser,night_stand,88.20498585700989,night_stand: 88.20% | dresser: 10.34% | cup: 0.47% | wardrobe: 0.36% | xbox: 0.28%
dresser_0223.npy,dresser,dresser,59.053605794906616,dresser: 59.05% | night_stand: 23.23% | glass_box: 5.81% | laptop: 3.47% | xbox: 3.30%
dresser_0265.npy,dresser,dresser,79.7992467880249,dresser: 79.80% | wardrobe: 11.36% | xbox: 3.24% | monitor: 2.12% | range_hood: 1.18%
dresser_0202.npy,dresser,night_stand,61.27694845199585,night_stand: 61.28% | table: 20.73% | tv_stand: 10.25% | piano: 4.93% | dresser: 1.73%
dresser_0216.npy,dresser,dresser,95.08217573165894,dresser: 95.08% | night_stand: 3.91% | desk: 0.37% | sink: 0.20% | piano: 0.20%
dresser_0244.npy,dresser,dresser,51.732879877090454,dresser: 51.73% | wardrobe: 16.84% | xbox: 16.31% | stool: 3.71% | bottle: 2.58%
dresser_0228.npy,dresser,dresser,96.65076732635498,dresser: 96.65% | tv_stand: 2.25% | night_stand: 0.68% | piano: 0.23% | table: 0.15%
dresser_0219.npy,dresser,night_stand,78.01032662391663,night_stand: 78.01% | dresser: 19.37% | mantel: 1.19% | wardrobe: 0.40% | bookshelf: 0.31%
dresser_0280.npy,dresser,dresser,95.80292105674744,dresser: 95.80% | night_stand: 2.54% | radio: 1.28% | piano: 0.18% | desk: 0.09%
dresser_0254.npy,dresser,dresser,75.35120844841003,dresser: 75.35% | tv_stand: 13.30% | radio: 2.55% | bed: 2.05% | desk: 2.03%
dresser_0284.npy,dresser,dresser,92.38957166671753,dresser: 92.39% | tv_stand: 3.70% | night_stand: 3.30% | desk: 0.27% | table: 0.13%
dresser_0218.npy,dresser,xbox,41.19809567928314,xbox: 41.20% | dresser: 22.52% | monitor: 15.79% | mantel: 7.45% | wardrobe: 7.35%
curtain_0140.npy,curtain,curtain,46.63905203342438,curtain: 46.64% | night_stand: 22.17% | chair: 9.20% | xbox: 8.24% | mantel: 5.65%
curtain_0144.npy,curtain,curtain,70.21712064743042,curtain: 70.22% | door: 5.95% | glass_box: 4.10% | radio: 3.13% | bookshelf: 2.20%
curtain_0152.npy,curtain,curtain,26.82889997959137,curtain: 26.83% | door: 17.01% | guitar: 7.86% | airplane: 3.31% | bookshelf: 3.16%
curtain_0157.npy,curtain,curtain,84.28035378456116,curtain: 84.28% | door: 9.51% | radio: 1.19% | bookshelf: 0.83% | vase: 0.57%
curtain_0141.npy,curtain,curtain,38.250309228897095,curtain: 38.25% | monitor: 33.61% | laptop: 6.18% | bench: 5.93% | mantel: 2.82%
curtain_0153.npy,curtain,curtain,81.61473274230957,curtain: 81.61% | door: 5.93% | radio: 3.49% | bookshelf: 3.12% | vase: 1.31%
curtain_0158.npy,curtain,curtain,85.744708776474,curtain: 85.74% | mantel: 5.35% | door: 2.81% | sink: 1.77% | cup: 1.20%
curtain_0145.npy,curtain,curtain,24.78819638490677,curtain: 24.79% | door: 15.54% | guitar: 8.61% | airplane: 3.74% | bookshelf: 3.62%
curtain_0155.npy,curtain,door,63.13992142677307,door: 63.14% | curtain: 28.16% | bottle: 1.23% | bookshelf: 1.19% | vase: 0.61%
curtain_0156.npy,curtain,curtain,60.15572547912598,curtain: 60.16% | door: 30.73% | glass_box: 1.23% | wardrobe: 0.94% | bookshelf: 0.80%
curtain_0149.npy,curtain,chair,37.078943848609924,chair: 37.08% | vase: 16.14% | bench: 11.84% | curtain: 6.22% | cup: 4.64%
curtain_0151.npy,curtain,curtain,84.28035378456116,curtain: 84.28% | door: 9.51% | radio: 1.19% | bookshelf: 0.83% | vase: 0.57%
curtain_0150.npy,curtain,stairs,36.87874674797058,stairs: 36.88% | vase: 23.06% | stool: 9.92% | cone: 8.36% | flower_pot: 8.15%
curtain_0147.npy,curtain,curtain,26.414397358894348,curtain: 26.41% | door: 18.01% | guitar: 7.86% | table: 3.48% | bookshelf: 3.25%
curtain_0139.npy,curtain,curtain,85.744708776474,curtain: 85.74% | mantel: 5.35% | door: 2.81% | sink: 1.77% | cup: 1.20%
curtain_0154.npy,curtain,curtain,81.57715797424316,curtain: 81.58% | door: 5.47% | chair: 3.28% | night_stand: 2.38% | mantel: 2.25%
curtain_0146.npy,curtain,curtain,43.759652972221375,curtain: 43.76% | door: 39.44% | bottle: 3.57% | chair: 3.18% | bench: 2.27%
curtain_0148.npy,curtain,curtain,28.423520922660828,curtain: 28.42% | door: 14.04% | mantel: 8.27% | bottle: 5.06% | bookshelf: 4.96%
curtain_0143.npy,curtain,curtain,28.04621160030365,curtain: 28.05% | glass_box: 17.49% | sink: 14.95% | bench: 13.56% | mantel: 11.53%
curtain_0142.npy,curtain,curtain,46.98862135410309,curtain: 46.99% | bench: 20.15% | sink: 7.47% | mantel: 6.60% | door: 3.27%
TOTAL,,,,Accuracy: 0.7744
